#
# TABLE STRUCTURE FOR: acc_account_name
#

DROP TABLE IF EXISTS `acc_account_name`;

CREATE TABLE `acc_account_name` (
  `account_id` int(11) unsigned NOT NULL AUTO_INCREMENT,
  `account_name` varchar(255) NOT NULL,
  `account_type` int(11) NOT NULL,
  PRIMARY KEY (`account_id`)
) ENGINE=InnoDB AUTO_INCREMENT=6 DEFAULT CHARSET=utf8;

INSERT INTO `acc_account_name` (`account_id`, `account_name`, `account_type`) VALUES ('1', 'Employee Salary', '0');
INSERT INTO `acc_account_name` (`account_id`, `account_name`, `account_type`) VALUES ('3', 'Example', '1');
INSERT INTO `acc_account_name` (`account_id`, `account_name`, `account_type`) VALUES ('4', 'Loan Expense', '0');
INSERT INTO `acc_account_name` (`account_id`, `account_name`, `account_type`) VALUES ('5', 'Loan Income', '1');


#
# TABLE STRUCTURE FOR: acc_coa
#

DROP TABLE IF EXISTS `acc_coa`;

CREATE TABLE `acc_coa` (
  `HeadCode` varchar(50) COLLATE utf8_unicode_ci NOT NULL,
  `HeadName` varchar(100) COLLATE utf8_unicode_ci NOT NULL,
  `PHeadName` varchar(50) COLLATE utf8_unicode_ci NOT NULL,
  `HeadLevel` int(11) NOT NULL,
  `IsActive` tinyint(1) NOT NULL,
  `IsTransaction` tinyint(1) NOT NULL,
  `IsGL` tinyint(1) NOT NULL,
  `HeadType` char(1) COLLATE utf8_unicode_ci NOT NULL,
  `IsBudget` tinyint(1) NOT NULL,
  `IsDepreciation` tinyint(1) NOT NULL,
  `DepreciationRate` decimal(18,2) NOT NULL,
  `CreateBy` varchar(50) COLLATE utf8_unicode_ci NOT NULL,
  `CreateDate` datetime NOT NULL,
  `UpdateBy` varchar(50) COLLATE utf8_unicode_ci NOT NULL,
  `UpdateDate` datetime NOT NULL,
  PRIMARY KEY (`HeadName`)
) ENGINE=InnoDB DEFAULT CHARSET=utf8 COLLATE=utf8_unicode_ci;

INSERT INTO `acc_coa` (`HeadCode`, `HeadName`, `PHeadName`, `HeadLevel`, `IsActive`, `IsTransaction`, `IsGL`, `HeadType`, `IsBudget`, `IsDepreciation`, `DepreciationRate`, `CreateBy`, `CreateDate`, `UpdateBy`, `UpdateDate`) VALUES ('4021403', 'AC', 'Repair and Maintenance', '3', '1', '1', '0', 'E', '0', '0', '0.00', 'admin', '2015-10-15 19:33:55', '', '0000-00-00 00:00:00');
INSERT INTO `acc_coa` (`HeadCode`, `HeadName`, `PHeadName`, `HeadLevel`, `IsActive`, `IsTransaction`, `IsGL`, `HeadType`, `IsBudget`, `IsDepreciation`, `DepreciationRate`, `CreateBy`, `CreateDate`, `UpdateBy`, `UpdateDate`) VALUES ('50202', 'Account Payable', 'Current Liabilities', '2', '1', '0', '1', 'L', '0', '0', '0.00', 'admin', '2015-10-15 19:50:43', '', '0000-00-00 00:00:00');
INSERT INTO `acc_coa` (`HeadCode`, `HeadName`, `PHeadName`, `HeadLevel`, `IsActive`, `IsTransaction`, `IsGL`, `HeadType`, `IsBudget`, `IsDepreciation`, `DepreciationRate`, `CreateBy`, `CreateDate`, `UpdateBy`, `UpdateDate`) VALUES ('10203', 'Account Receivable', 'Current Asset', '2', '1', '0', '0', 'A', '0', '0', '0.00', '', '0000-00-00 00:00:00', 'admin', '2013-09-18 15:29:35');
INSERT INTO `acc_coa` (`HeadCode`, `HeadName`, `PHeadName`, `HeadLevel`, `IsActive`, `IsTransaction`, `IsGL`, `HeadType`, `IsBudget`, `IsDepreciation`, `DepreciationRate`, `CreateBy`, `CreateDate`, `UpdateBy`, `UpdateDate`) VALUES ('1020201', 'Advance', 'Advance, Deposit And Pre-payments', '3', '1', '0', '1', 'A', '0', '0', '0.00', 'Zoherul', '2015-05-31 13:29:12', 'admin', '2015-12-31 16:46:32');
INSERT INTO `acc_coa` (`HeadCode`, `HeadName`, `PHeadName`, `HeadLevel`, `IsActive`, `IsTransaction`, `IsGL`, `HeadType`, `IsBudget`, `IsDepreciation`, `DepreciationRate`, `CreateBy`, `CreateDate`, `UpdateBy`, `UpdateDate`) VALUES ('102020103', 'Advance House Rent', 'Advance', '4', '1', '1', '0', 'A', '0', '0', '0.00', 'admin', '2016-10-02 16:55:38', 'admin', '2016-10-02 16:57:32');
INSERT INTO `acc_coa` (`HeadCode`, `HeadName`, `PHeadName`, `HeadLevel`, `IsActive`, `IsTransaction`, `IsGL`, `HeadType`, `IsBudget`, `IsDepreciation`, `DepreciationRate`, `CreateBy`, `CreateDate`, `UpdateBy`, `UpdateDate`) VALUES ('10202', 'Advance, Deposit And Pre-payments', 'Current Asset', '2', '1', '0', '0', 'A', '0', '0', '0.00', '', '0000-00-00 00:00:00', 'admin', '2015-12-31 16:46:24');
INSERT INTO `acc_coa` (`HeadCode`, `HeadName`, `PHeadName`, `HeadLevel`, `IsActive`, `IsTransaction`, `IsGL`, `HeadType`, `IsBudget`, `IsDepreciation`, `DepreciationRate`, `CreateBy`, `CreateDate`, `UpdateBy`, `UpdateDate`) VALUES ('4020602', 'Advertisement and Publicity', 'Promonational Expence', '3', '1', '1', '0', 'E', '0', '0', '0.00', 'admin', '2015-10-15 18:51:44', '', '0000-00-00 00:00:00');
INSERT INTO `acc_coa` (`HeadCode`, `HeadName`, `PHeadName`, `HeadLevel`, `IsActive`, `IsTransaction`, `IsGL`, `HeadType`, `IsBudget`, `IsDepreciation`, `DepreciationRate`, `CreateBy`, `CreateDate`, `UpdateBy`, `UpdateDate`) VALUES ('1010410', 'Air Cooler', 'Others Assets', '3', '1', '1', '0', 'A', '0', '0', '0.00', 'admin', '2016-05-23 12:13:55', '', '0000-00-00 00:00:00');
INSERT INTO `acc_coa` (`HeadCode`, `HeadName`, `PHeadName`, `HeadLevel`, `IsActive`, `IsTransaction`, `IsGL`, `HeadType`, `IsBudget`, `IsDepreciation`, `DepreciationRate`, `CreateBy`, `CreateDate`, `UpdateBy`, `UpdateDate`) VALUES ('4020603', 'AIT Against Advertisement', 'Promonational Expence', '3', '1', '1', '0', 'E', '0', '0', '0.00', 'admin', '2015-10-15 18:52:09', '', '0000-00-00 00:00:00');
INSERT INTO `acc_coa` (`HeadCode`, `HeadName`, `PHeadName`, `HeadLevel`, `IsActive`, `IsTransaction`, `IsGL`, `HeadType`, `IsBudget`, `IsDepreciation`, `DepreciationRate`, `CreateBy`, `CreateDate`, `UpdateBy`, `UpdateDate`) VALUES ('1', 'Assets', 'COA', '0', '1', '0', '0', 'A', '0', '0', '0.00', '', '0000-00-00 00:00:00', '', '0000-00-00 00:00:00');
INSERT INTO `acc_coa` (`HeadCode`, `HeadName`, `PHeadName`, `HeadLevel`, `IsActive`, `IsTransaction`, `IsGL`, `HeadType`, `IsBudget`, `IsDepreciation`, `DepreciationRate`, `CreateBy`, `CreateDate`, `UpdateBy`, `UpdateDate`) VALUES ('1010204', 'Attendance Machine', 'Office Equipment', '3', '1', '1', '0', 'A', '0', '0', '0.00', 'admin', '2015-10-15 15:49:31', '', '0000-00-00 00:00:00');
INSERT INTO `acc_coa` (`HeadCode`, `HeadName`, `PHeadName`, `HeadLevel`, `IsActive`, `IsTransaction`, `IsGL`, `HeadType`, `IsBudget`, `IsDepreciation`, `DepreciationRate`, `CreateBy`, `CreateDate`, `UpdateBy`, `UpdateDate`) VALUES ('40216', 'Audit Fee', 'Other Expenses', '2', '1', '1', '1', 'E', '0', '0', '0.00', 'admin', '2017-07-18 12:54:30', '', '0000-00-00 00:00:00');
INSERT INTO `acc_coa` (`HeadCode`, `HeadName`, `PHeadName`, `HeadLevel`, `IsActive`, `IsTransaction`, `IsGL`, `HeadType`, `IsBudget`, `IsDepreciation`, `DepreciationRate`, `CreateBy`, `CreateDate`, `UpdateBy`, `UpdateDate`) VALUES ('102010202', 'Bank AlFalah', 'Cash At Bank', '4', '1', '1', '1', 'A', '0', '0', '0.00', 'admin', '2015-10-15 15:32:37', 'admin', '2015-10-15 15:32:52');
INSERT INTO `acc_coa` (`HeadCode`, `HeadName`, `PHeadName`, `HeadLevel`, `IsActive`, `IsTransaction`, `IsGL`, `HeadType`, `IsBudget`, `IsDepreciation`, `DepreciationRate`, `CreateBy`, `CreateDate`, `UpdateBy`, `UpdateDate`) VALUES ('4021002', 'Bank Charge', 'Financial Expenses', '3', '1', '1', '0', 'E', '0', '0', '0.00', 'admin', '2015-10-15 19:21:03', '', '0000-00-00 00:00:00');
INSERT INTO `acc_coa` (`HeadCode`, `HeadName`, `PHeadName`, `HeadLevel`, `IsActive`, `IsTransaction`, `IsGL`, `HeadType`, `IsBudget`, `IsDepreciation`, `DepreciationRate`, `CreateBy`, `CreateDate`, `UpdateBy`, `UpdateDate`) VALUES ('30203', 'Bank Interest', 'Other Income', '2', '1', '1', '1', 'I', '0', '0', '0.00', 'Obaidul', '2015-01-03 14:49:54', 'admin', '2016-09-25 11:04:19');
INSERT INTO `acc_coa` (`HeadCode`, `HeadName`, `PHeadName`, `HeadLevel`, `IsActive`, `IsTransaction`, `IsGL`, `HeadType`, `IsBudget`, `IsDepreciation`, `DepreciationRate`, `CreateBy`, `CreateDate`, `UpdateBy`, `UpdateDate`) VALUES ('1010104', 'Book Shelf', 'Furniture & Fixturers', '3', '1', '1', '0', 'A', '0', '0', '0.00', 'admin', '2015-10-15 15:46:11', '', '0000-00-00 00:00:00');
INSERT INTO `acc_coa` (`HeadCode`, `HeadName`, `PHeadName`, `HeadLevel`, `IsActive`, `IsTransaction`, `IsGL`, `HeadType`, `IsBudget`, `IsDepreciation`, `DepreciationRate`, `CreateBy`, `CreateDate`, `UpdateBy`, `UpdateDate`) VALUES ('1010407', 'Books and Journal', 'Others Assets', '3', '1', '1', '0', 'A', '0', '0', '0.00', 'admin', '2016-03-27 10:45:37', '', '0000-00-00 00:00:00');
INSERT INTO `acc_coa` (`HeadCode`, `HeadName`, `PHeadName`, `HeadLevel`, `IsActive`, `IsTransaction`, `IsGL`, `HeadType`, `IsBudget`, `IsDepreciation`, `DepreciationRate`, `CreateBy`, `CreateDate`, `UpdateBy`, `UpdateDate`) VALUES ('10201020301', 'Branch 1', 'Standard Bank', '5', '1', '1', '1', 'A', '0', '0', '0.00', '2', '2018-07-19 13:44:33', '', '0000-00-00 00:00:00');
INSERT INTO `acc_coa` (`HeadCode`, `HeadName`, `PHeadName`, `HeadLevel`, `IsActive`, `IsTransaction`, `IsGL`, `HeadType`, `IsBudget`, `IsDepreciation`, `DepreciationRate`, `CreateBy`, `CreateDate`, `UpdateBy`, `UpdateDate`) VALUES ('4020604', 'Business Development Expenses', 'Promonational Expence', '3', '1', '1', '0', 'E', '0', '0', '0.00', 'admin', '2015-10-15 18:52:29', '', '0000-00-00 00:00:00');
INSERT INTO `acc_coa` (`HeadCode`, `HeadName`, `PHeadName`, `HeadLevel`, `IsActive`, `IsTransaction`, `IsGL`, `HeadType`, `IsBudget`, `IsDepreciation`, `DepreciationRate`, `CreateBy`, `CreateDate`, `UpdateBy`, `UpdateDate`) VALUES ('4020606', 'Campaign Expenses', 'Promonational Expence', '3', '1', '1', '0', 'E', '0', '0', '0.00', 'admin', '2015-10-15 18:52:57', 'admin', '2016-09-19 14:52:48');
INSERT INTO `acc_coa` (`HeadCode`, `HeadName`, `PHeadName`, `HeadLevel`, `IsActive`, `IsTransaction`, `IsGL`, `HeadType`, `IsBudget`, `IsDepreciation`, `DepreciationRate`, `CreateBy`, `CreateDate`, `UpdateBy`, `UpdateDate`) VALUES ('4020502', 'Campus Rent', 'House Rent', '3', '1', '1', '0', 'E', '0', '0', '0.00', 'admin', '2015-10-15 18:46:53', 'admin', '2017-04-27 17:02:39');
INSERT INTO `acc_coa` (`HeadCode`, `HeadName`, `PHeadName`, `HeadLevel`, `IsActive`, `IsTransaction`, `IsGL`, `HeadType`, `IsBudget`, `IsDepreciation`, `DepreciationRate`, `CreateBy`, `CreateDate`, `UpdateBy`, `UpdateDate`) VALUES ('40212', 'Car Running Expenses', 'Other Expenses', '2', '1', '0', '1', 'E', '0', '0', '0.00', 'admin', '2015-10-15 19:28:43', '', '0000-00-00 00:00:00');
INSERT INTO `acc_coa` (`HeadCode`, `HeadName`, `PHeadName`, `HeadLevel`, `IsActive`, `IsTransaction`, `IsGL`, `HeadType`, `IsBudget`, `IsDepreciation`, `DepreciationRate`, `CreateBy`, `CreateDate`, `UpdateBy`, `UpdateDate`) VALUES ('10201', 'Cash & Cash Equivalent', 'Current Asset', '2', '1', '0', '0', 'A', '0', '0', '0.00', '', '0000-00-00 00:00:00', 'admin', '2015-10-15 15:57:55');
INSERT INTO `acc_coa` (`HeadCode`, `HeadName`, `PHeadName`, `HeadLevel`, `IsActive`, `IsTransaction`, `IsGL`, `HeadType`, `IsBudget`, `IsDepreciation`, `DepreciationRate`, `CreateBy`, `CreateDate`, `UpdateBy`, `UpdateDate`) VALUES ('1020102', 'Cash At Bank', 'Cash & Cash Equivalent', '3', '1', '0', '0', 'A', '0', '0', '0.00', '2', '2018-07-19 13:43:59', 'admin', '2015-10-15 15:32:42');
INSERT INTO `acc_coa` (`HeadCode`, `HeadName`, `PHeadName`, `HeadLevel`, `IsActive`, `IsTransaction`, `IsGL`, `HeadType`, `IsBudget`, `IsDepreciation`, `DepreciationRate`, `CreateBy`, `CreateDate`, `UpdateBy`, `UpdateDate`) VALUES ('1020101', 'Cash In Hand', 'Cash & Cash Equivalent', '3', '1', '1', '1', 'A', '0', '0', '0.00', '2', '2018-07-31 12:56:28', 'admin', '2016-05-23 12:05:43');
INSERT INTO `acc_coa` (`HeadCode`, `HeadName`, `PHeadName`, `HeadLevel`, `IsActive`, `IsTransaction`, `IsGL`, `HeadType`, `IsBudget`, `IsDepreciation`, `DepreciationRate`, `CreateBy`, `CreateDate`, `UpdateBy`, `UpdateDate`) VALUES ('30101', 'Cash Sale', 'Store Income', '1', '1', '1', '1', 'I', '0', '0', '0.00', '2', '2018-07-08 07:51:26', '', '0000-00-00 00:00:00');
INSERT INTO `acc_coa` (`HeadCode`, `HeadName`, `PHeadName`, `HeadLevel`, `IsActive`, `IsTransaction`, `IsGL`, `HeadType`, `IsBudget`, `IsDepreciation`, `DepreciationRate`, `CreateBy`, `CreateDate`, `UpdateBy`, `UpdateDate`) VALUES ('1010207', 'CCTV', 'Office Equipment', '3', '1', '1', '0', 'A', '0', '0', '0.00', 'admin', '2015-10-15 15:51:24', '', '0000-00-00 00:00:00');
INSERT INTO `acc_coa` (`HeadCode`, `HeadName`, `PHeadName`, `HeadLevel`, `IsActive`, `IsTransaction`, `IsGL`, `HeadType`, `IsBudget`, `IsDepreciation`, `DepreciationRate`, `CreateBy`, `CreateDate`, `UpdateBy`, `UpdateDate`) VALUES ('102020102', 'CEO Current A/C', 'Advance', '4', '1', '1', '0', 'A', '0', '0', '0.00', 'admin', '2016-09-25 11:54:54', '', '0000-00-00 00:00:00');
INSERT INTO `acc_coa` (`HeadCode`, `HeadName`, `PHeadName`, `HeadLevel`, `IsActive`, `IsTransaction`, `IsGL`, `HeadType`, `IsBudget`, `IsDepreciation`, `DepreciationRate`, `CreateBy`, `CreateDate`, `UpdateBy`, `UpdateDate`) VALUES ('1010101', 'Class Room Chair', 'Furniture & Fixturers', '3', '1', '1', '0', 'A', '0', '0', '0.00', 'admin', '2015-10-15 15:45:29', '', '0000-00-00 00:00:00');
INSERT INTO `acc_coa` (`HeadCode`, `HeadName`, `PHeadName`, `HeadLevel`, `IsActive`, `IsTransaction`, `IsGL`, `HeadType`, `IsBudget`, `IsDepreciation`, `DepreciationRate`, `CreateBy`, `CreateDate`, `UpdateBy`, `UpdateDate`) VALUES ('4021407', 'Close Circuit Cemera', 'Repair and Maintenance', '3', '1', '1', '0', 'E', '0', '0', '0.00', 'admin', '2015-10-15 19:35:35', '', '0000-00-00 00:00:00');
INSERT INTO `acc_coa` (`HeadCode`, `HeadName`, `PHeadName`, `HeadLevel`, `IsActive`, `IsTransaction`, `IsGL`, `HeadType`, `IsBudget`, `IsDepreciation`, `DepreciationRate`, `CreateBy`, `CreateDate`, `UpdateBy`, `UpdateDate`) VALUES ('4020601', 'Commision on Admission', 'Promonational Expence', '3', '1', '1', '0', 'E', '0', '0', '0.00', 'admin', '2015-10-15 18:51:21', 'admin', '2016-09-19 14:42:54');
INSERT INTO `acc_coa` (`HeadCode`, `HeadName`, `PHeadName`, `HeadLevel`, `IsActive`, `IsTransaction`, `IsGL`, `HeadType`, `IsBudget`, `IsDepreciation`, `DepreciationRate`, `CreateBy`, `CreateDate`, `UpdateBy`, `UpdateDate`) VALUES ('1010206', 'Computer', 'Office Equipment', '3', '1', '1', '0', 'A', '0', '0', '0.00', 'admin', '2015-10-15 15:51:09', '', '0000-00-00 00:00:00');
INSERT INTO `acc_coa` (`HeadCode`, `HeadName`, `PHeadName`, `HeadLevel`, `IsActive`, `IsTransaction`, `IsGL`, `HeadType`, `IsBudget`, `IsDepreciation`, `DepreciationRate`, `CreateBy`, `CreateDate`, `UpdateBy`, `UpdateDate`) VALUES ('4021410', 'Computer (R)', 'Repair and Maintenance', '3', '1', '1', '0', 'E', '0', '0', '0.00', 'Zoherul', '2016-03-24 12:38:52', 'Zoherul', '2016-03-24 12:41:40');
INSERT INTO `acc_coa` (`HeadCode`, `HeadName`, `PHeadName`, `HeadLevel`, `IsActive`, `IsTransaction`, `IsGL`, `HeadType`, `IsBudget`, `IsDepreciation`, `DepreciationRate`, `CreateBy`, `CreateDate`, `UpdateBy`, `UpdateDate`) VALUES ('1010102', 'Computer Table', 'Furniture & Fixturers', '3', '1', '1', '0', 'A', '0', '0', '0.00', 'admin', '2015-10-15 15:45:44', '', '0000-00-00 00:00:00');
INSERT INTO `acc_coa` (`HeadCode`, `HeadName`, `PHeadName`, `HeadLevel`, `IsActive`, `IsTransaction`, `IsGL`, `HeadType`, `IsBudget`, `IsDepreciation`, `DepreciationRate`, `CreateBy`, `CreateDate`, `UpdateBy`, `UpdateDate`) VALUES ('301020401', 'Continuing Registration fee - UoL (Income)', 'Registration Fee (UOL) Income', '4', '1', '1', '0', 'I', '0', '0', '0.00', 'admin', '2015-10-15 17:40:40', '', '0000-00-00 00:00:00');
INSERT INTO `acc_coa` (`HeadCode`, `HeadName`, `PHeadName`, `HeadLevel`, `IsActive`, `IsTransaction`, `IsGL`, `HeadType`, `IsBudget`, `IsDepreciation`, `DepreciationRate`, `CreateBy`, `CreateDate`, `UpdateBy`, `UpdateDate`) VALUES ('4020904', 'Contratuall Staff Salary', 'Salary & Allowances', '3', '1', '1', '0', 'E', '0', '0', '0.00', 'admin', '2015-10-15 19:12:34', '', '0000-00-00 00:00:00');
INSERT INTO `acc_coa` (`HeadCode`, `HeadName`, `PHeadName`, `HeadLevel`, `IsActive`, `IsTransaction`, `IsGL`, `HeadType`, `IsBudget`, `IsDepreciation`, `DepreciationRate`, `CreateBy`, `CreateDate`, `UpdateBy`, `UpdateDate`) VALUES ('403', 'Cost of Sale', 'Expence', '0', '1', '1', '0', 'E', '0', '0', '0.00', '2', '2018-07-08 10:37:16', '', '0000-00-00 00:00:00');
INSERT INTO `acc_coa` (`HeadCode`, `HeadName`, `PHeadName`, `HeadLevel`, `IsActive`, `IsTransaction`, `IsGL`, `HeadType`, `IsBudget`, `IsDepreciation`, `DepreciationRate`, `CreateBy`, `CreateDate`, `UpdateBy`, `UpdateDate`) VALUES ('30102', 'Credit Sale', 'Store Income', '1', '1', '1', '1', 'I', '0', '0', '0.00', '2', '2018-07-08 07:51:34', '', '0000-00-00 00:00:00');
INSERT INTO `acc_coa` (`HeadCode`, `HeadName`, `PHeadName`, `HeadLevel`, `IsActive`, `IsTransaction`, `IsGL`, `HeadType`, `IsBudget`, `IsDepreciation`, `DepreciationRate`, `CreateBy`, `CreateDate`, `UpdateBy`, `UpdateDate`) VALUES ('4020709', 'Cultural Expense', 'Miscellaneous Expenses', '3', '1', '1', '0', 'E', '0', '0', '0.00', 'nasmud', '2017-04-29 12:45:10', '', '0000-00-00 00:00:00');
INSERT INTO `acc_coa` (`HeadCode`, `HeadName`, `PHeadName`, `HeadLevel`, `IsActive`, `IsTransaction`, `IsGL`, `HeadType`, `IsBudget`, `IsDepreciation`, `DepreciationRate`, `CreateBy`, `CreateDate`, `UpdateBy`, `UpdateDate`) VALUES ('102', 'Current Asset', 'Assets', '1', '1', '0', '0', 'A', '0', '0', '0.00', '', '0000-00-00 00:00:00', 'admin', '2018-07-07 11:23:00');
INSERT INTO `acc_coa` (`HeadCode`, `HeadName`, `PHeadName`, `HeadLevel`, `IsActive`, `IsTransaction`, `IsGL`, `HeadType`, `IsBudget`, `IsDepreciation`, `DepreciationRate`, `CreateBy`, `CreateDate`, `UpdateBy`, `UpdateDate`) VALUES ('502', 'Current Liabilities', 'Liabilities', '1', '1', '0', '0', 'L', '0', '0', '0.00', 'anwarul', '2014-08-30 13:18:20', 'admin', '2015-10-15 19:49:21');
INSERT INTO `acc_coa` (`HeadCode`, `HeadName`, `PHeadName`, `HeadLevel`, `IsActive`, `IsTransaction`, `IsGL`, `HeadType`, `IsBudget`, `IsDepreciation`, `DepreciationRate`, `CreateBy`, `CreateDate`, `UpdateBy`, `UpdateDate`) VALUES ('40100002', 'cw-Chichawatni', 'Store Expenses', '2', '1', '1', '0', 'E', '0', '0', '0.00', '2', '2018-08-02 16:30:41', '', '0000-00-00 00:00:00');
INSERT INTO `acc_coa` (`HeadCode`, `HeadName`, `PHeadName`, `HeadLevel`, `IsActive`, `IsTransaction`, `IsGL`, `HeadType`, `IsBudget`, `IsDepreciation`, `DepreciationRate`, `CreateBy`, `CreateDate`, `UpdateBy`, `UpdateDate`) VALUES ('1020202', 'Deposit', 'Advance, Deposit And Pre-payments', '3', '1', '0', '0', 'A', '0', '0', '0.00', 'admin', '2015-10-15 15:40:42', '', '0000-00-00 00:00:00');
INSERT INTO `acc_coa` (`HeadCode`, `HeadName`, `PHeadName`, `HeadLevel`, `IsActive`, `IsTransaction`, `IsGL`, `HeadType`, `IsBudget`, `IsDepreciation`, `DepreciationRate`, `CreateBy`, `CreateDate`, `UpdateBy`, `UpdateDate`) VALUES ('4020605', 'Design & Printing Expense', 'Promonational Expence', '3', '1', '1', '0', 'E', '0', '0', '0.00', 'admin', '2015-10-15 18:55:00', '', '0000-00-00 00:00:00');
INSERT INTO `acc_coa` (`HeadCode`, `HeadName`, `PHeadName`, `HeadLevel`, `IsActive`, `IsTransaction`, `IsGL`, `HeadType`, `IsBudget`, `IsDepreciation`, `DepreciationRate`, `CreateBy`, `CreateDate`, `UpdateBy`, `UpdateDate`) VALUES ('4020404', 'Dish Bill', 'Utility Expenses', '3', '1', '1', '0', 'E', '0', '0', '0.00', 'admin', '2015-10-15 18:58:21', '', '0000-00-00 00:00:00');
INSERT INTO `acc_coa` (`HeadCode`, `HeadName`, `PHeadName`, `HeadLevel`, `IsActive`, `IsTransaction`, `IsGL`, `HeadType`, `IsBudget`, `IsDepreciation`, `DepreciationRate`, `CreateBy`, `CreateDate`, `UpdateBy`, `UpdateDate`) VALUES ('40215', 'Dividend', 'Other Expenses', '2', '1', '1', '1', 'E', '0', '0', '0.00', 'admin', '2016-09-25 14:07:55', '', '0000-00-00 00:00:00');
INSERT INTO `acc_coa` (`HeadCode`, `HeadName`, `PHeadName`, `HeadLevel`, `IsActive`, `IsTransaction`, `IsGL`, `HeadType`, `IsBudget`, `IsDepreciation`, `DepreciationRate`, `CreateBy`, `CreateDate`, `UpdateBy`, `UpdateDate`) VALUES ('4020403', 'Drinking Water Bill', 'Utility Expenses', '3', '1', '1', '0', 'E', '0', '0', '0.00', 'admin', '2015-10-15 18:58:10', '', '0000-00-00 00:00:00');
INSERT INTO `acc_coa` (`HeadCode`, `HeadName`, `PHeadName`, `HeadLevel`, `IsActive`, `IsTransaction`, `IsGL`, `HeadType`, `IsBudget`, `IsDepreciation`, `DepreciationRate`, `CreateBy`, `CreateDate`, `UpdateBy`, `UpdateDate`) VALUES ('1010211', 'DSLR Camera', 'Office Equipment', '3', '1', '1', '0', 'A', '0', '0', '0.00', 'admin', '2015-10-15 15:53:17', 'admin', '2016-01-02 16:23:25');
INSERT INTO `acc_coa` (`HeadCode`, `HeadName`, `PHeadName`, `HeadLevel`, `IsActive`, `IsTransaction`, `IsGL`, `HeadType`, `IsBudget`, `IsDepreciation`, `DepreciationRate`, `CreateBy`, `CreateDate`, `UpdateBy`, `UpdateDate`) VALUES ('502020000023', 'E1BWSL99-BABU K V', 'Account Payable', '2', '1', '1', '0', 'L', '0', '0', '0.00', 'Jhon  Doe', '2019-05-25 06:51:56', '', '0000-00-00 00:00:00');
INSERT INTO `acc_coa` (`HeadCode`, `HeadName`, `PHeadName`, `HeadLevel`, `IsActive`, `IsTransaction`, `IsGL`, `HeadType`, `IsBudget`, `IsDepreciation`, `DepreciationRate`, `CreateBy`, `CreateDate`, `UpdateBy`, `UpdateDate`) VALUES ('502020000006', 'E1QVSAOO-Nidhin2', 'Account Payable', '2', '1', '1', '0', 'L', '0', '0', '0.00', 'Jhon  Doe', '2019-05-07 07:18:12', '', '0000-00-00 00:00:00');
INSERT INTO `acc_coa` (`HeadCode`, `HeadName`, `PHeadName`, `HeadLevel`, `IsActive`, `IsTransaction`, `IsGL`, `HeadType`, `IsBudget`, `IsDepreciation`, `DepreciationRate`, `CreateBy`, `CreateDate`, `UpdateBy`, `UpdateDate`) VALUES ('502020000009', 'E1YMUWX3-Nidhin', 'Account Payable', '2', '1', '1', '0', 'L', '0', '0', '0.00', 'Jhon  Doe', '2019-05-08 09:15:23', '', '0000-00-00 00:00:00');
INSERT INTO `acc_coa` (`HeadCode`, `HeadName`, `PHeadName`, `HeadLevel`, `IsActive`, `IsTransaction`, `IsGL`, `HeadType`, `IsBudget`, `IsDepreciation`, `DepreciationRate`, `CreateBy`, `CreateDate`, `UpdateBy`, `UpdateDate`) VALUES ('502020000025', 'E2HSPNTJ-jimna', 'Account Payable', '2', '1', '1', '0', 'L', '0', '0', '0.00', 'Jhon  Doe', '2019-05-27 10:41:57', '', '0000-00-00 00:00:00');
INSERT INTO `acc_coa` (`HeadCode`, `HeadName`, `PHeadName`, `HeadLevel`, `IsActive`, `IsTransaction`, `IsGL`, `HeadType`, `IsBudget`, `IsDepreciation`, `DepreciationRate`, `CreateBy`, `CreateDate`, `UpdateBy`, `UpdateDate`) VALUES ('502020000015', 'E33ERDWE-PRAKASHAN T M', 'Account Payable', '2', '1', '1', '0', 'L', '0', '0', '0.00', 'Jhon  Doe', '2019-05-25 06:17:46', '', '0000-00-00 00:00:00');
INSERT INTO `acc_coa` (`HeadCode`, `HeadName`, `PHeadName`, `HeadLevel`, `IsActive`, `IsTransaction`, `IsGL`, `HeadType`, `IsBudget`, `IsDepreciation`, `DepreciationRate`, `CreateBy`, `CreateDate`, `UpdateBy`, `UpdateDate`) VALUES ('502020000003', 'E3CBBKXD-testd', 'Account Payable', '2', '1', '1', '0', 'L', '0', '0', '0.00', 'Jhon  Doe', '2019-04-25 10:36:10', '', '0000-00-00 00:00:00');
INSERT INTO `acc_coa` (`HeadCode`, `HeadName`, `PHeadName`, `HeadLevel`, `IsActive`, `IsTransaction`, `IsGL`, `HeadType`, `IsBudget`, `IsDepreciation`, `DepreciationRate`, `CreateBy`, `CreateDate`, `UpdateBy`, `UpdateDate`) VALUES ('502020000018', 'E50ZTFZ6-DEEJA K C', 'Account Payable', '2', '1', '1', '0', 'L', '0', '0', '0.00', 'Jhon  Doe', '2019-05-25 06:31:59', '', '0000-00-00 00:00:00');
INSERT INTO `acc_coa` (`HeadCode`, `HeadName`, `PHeadName`, `HeadLevel`, `IsActive`, `IsTransaction`, `IsGL`, `HeadType`, `IsBudget`, `IsDepreciation`, `DepreciationRate`, `CreateBy`, `CreateDate`, `UpdateBy`, `UpdateDate`) VALUES ('502020000012', 'E95X88WW-Nidhin', 'Account Payable', '2', '1', '1', '0', 'L', '0', '0', '0.00', 'Jhon  Doe', '2019-05-13 07:30:50', '', '0000-00-00 00:00:00');
INSERT INTO `acc_coa` (`HeadCode`, `HeadName`, `PHeadName`, `HeadLevel`, `IsActive`, `IsTransaction`, `IsGL`, `HeadType`, `IsBudget`, `IsDepreciation`, `DepreciationRate`, `CreateBy`, `CreateDate`, `UpdateBy`, `UpdateDate`) VALUES ('4020908', 'Earned Leave', 'Salary & Allowances', '3', '1', '1', '0', 'E', '0', '0', '0.00', 'admin', '2015-10-15 19:13:38', '', '0000-00-00 00:00:00');
INSERT INTO `acc_coa` (`HeadCode`, `HeadName`, `PHeadName`, `HeadLevel`, `IsActive`, `IsTransaction`, `IsGL`, `HeadType`, `IsBudget`, `IsDepreciation`, `DepreciationRate`, `CreateBy`, `CreateDate`, `UpdateBy`, `UpdateDate`) VALUES ('502020000014', 'EBSHV96U-thirdeyetest', 'Account Payable', '2', '1', '1', '0', 'L', '0', '0', '0.00', 'Jhon  Doe', '2019-05-13 11:12:03', '', '0000-00-00 00:00:00');
INSERT INTO `acc_coa` (`HeadCode`, `HeadName`, `PHeadName`, `HeadLevel`, `IsActive`, `IsTransaction`, `IsGL`, `HeadType`, `IsBudget`, `IsDepreciation`, `DepreciationRate`, `CreateBy`, `CreateDate`, `UpdateBy`, `UpdateDate`) VALUES ('502020000011', 'ECX17MG4-nnnnnn', 'Account Payable', '2', '1', '1', '0', 'L', '0', '0', '0.00', 'Jhon  Doe', '2019-05-08 09:54:20', '', '0000-00-00 00:00:00');
INSERT INTO `acc_coa` (`HeadCode`, `HeadName`, `PHeadName`, `HeadLevel`, `IsActive`, `IsTransaction`, `IsGL`, `HeadType`, `IsBudget`, `IsDepreciation`, `DepreciationRate`, `CreateBy`, `CreateDate`, `UpdateBy`, `UpdateDate`) VALUES ('4020607', 'Education Fair Expenses', 'Promonational Expence', '3', '1', '1', '0', 'E', '0', '0', '0.00', 'admin', '2015-10-15 18:53:42', '', '0000-00-00 00:00:00');
INSERT INTO `acc_coa` (`HeadCode`, `HeadName`, `PHeadName`, `HeadLevel`, `IsActive`, `IsTransaction`, `IsGL`, `HeadType`, `IsBudget`, `IsDepreciation`, `DepreciationRate`, `CreateBy`, `CreateDate`, `UpdateBy`, `UpdateDate`) VALUES ('502020000016', 'EGVCV82Q-JAYARAJAN N T', 'Account Payable', '2', '1', '1', '0', 'L', '0', '0', '0.00', 'Jhon  Doe', '2019-05-25 06:25:17', '', '0000-00-00 00:00:00');
INSERT INTO `acc_coa` (`HeadCode`, `HeadName`, `PHeadName`, `HeadLevel`, `IsActive`, `IsTransaction`, `IsGL`, `HeadType`, `IsBudget`, `IsDepreciation`, `DepreciationRate`, `CreateBy`, `CreateDate`, `UpdateBy`, `UpdateDate`) VALUES ('502020000024', 'EH66T9HS-APPUKUTTAN', 'Account Payable', '2', '1', '1', '0', 'L', '0', '0', '0.00', 'Jhon  Doe', '2019-05-25 06:55:43', '', '0000-00-00 00:00:00');
INSERT INTO `acc_coa` (`HeadCode`, `HeadName`, `PHeadName`, `HeadLevel`, `IsActive`, `IsTransaction`, `IsGL`, `HeadType`, `IsBudget`, `IsDepreciation`, `DepreciationRate`, `CreateBy`, `CreateDate`, `UpdateBy`, `UpdateDate`) VALUES ('502020000007', 'EK9D4HF9-sree', 'Account Payable', '2', '1', '1', '0', 'L', '0', '0', '0.00', 'Jhon  Doe', '2019-05-08 06:53:06', '', '0000-00-00 00:00:00');
INSERT INTO `acc_coa` (`HeadCode`, `HeadName`, `PHeadName`, `HeadLevel`, `IsActive`, `IsTransaction`, `IsGL`, `HeadType`, `IsBudget`, `IsDepreciation`, `DepreciationRate`, `CreateBy`, `CreateDate`, `UpdateBy`, `UpdateDate`) VALUES ('502020000017', 'EKMW6NFV-MUSTAFA K', 'Account Payable', '2', '1', '1', '0', 'L', '0', '0', '0.00', 'Jhon  Doe', '2019-05-25 06:28:49', '', '0000-00-00 00:00:00');
INSERT INTO `acc_coa` (`HeadCode`, `HeadName`, `PHeadName`, `HeadLevel`, `IsActive`, `IsTransaction`, `IsGL`, `HeadType`, `IsBudget`, `IsDepreciation`, `DepreciationRate`, `CreateBy`, `CreateDate`, `UpdateBy`, `UpdateDate`) VALUES ('1010602', 'Electric Equipment', 'Electrical Equipment', '3', '1', '1', '0', 'A', '0', '0', '0.00', 'admin', '2016-03-27 10:44:51', '', '0000-00-00 00:00:00');
INSERT INTO `acc_coa` (`HeadCode`, `HeadName`, `PHeadName`, `HeadLevel`, `IsActive`, `IsTransaction`, `IsGL`, `HeadType`, `IsBudget`, `IsDepreciation`, `DepreciationRate`, `CreateBy`, `CreateDate`, `UpdateBy`, `UpdateDate`) VALUES ('1010203', 'Electric Kettle', 'Office Equipment', '3', '1', '1', '0', 'A', '0', '0', '0.00', 'admin', '2015-10-15 15:49:07', '', '0000-00-00 00:00:00');
INSERT INTO `acc_coa` (`HeadCode`, `HeadName`, `PHeadName`, `HeadLevel`, `IsActive`, `IsTransaction`, `IsGL`, `HeadType`, `IsBudget`, `IsDepreciation`, `DepreciationRate`, `CreateBy`, `CreateDate`, `UpdateBy`, `UpdateDate`) VALUES ('10106', 'Electrical Equipment', 'Non Current Assets', '2', '1', '0', '1', 'A', '0', '0', '0.00', 'admin', '2016-03-27 10:43:44', '', '0000-00-00 00:00:00');
INSERT INTO `acc_coa` (`HeadCode`, `HeadName`, `PHeadName`, `HeadLevel`, `IsActive`, `IsTransaction`, `IsGL`, `HeadType`, `IsBudget`, `IsDepreciation`, `DepreciationRate`, `CreateBy`, `CreateDate`, `UpdateBy`, `UpdateDate`) VALUES ('4020407', 'Electricity Bill', 'Utility Expenses', '3', '1', '1', '0', 'E', '0', '0', '0.00', 'admin', '2015-10-15 18:59:31', '', '0000-00-00 00:00:00');
INSERT INTO `acc_coa` (`HeadCode`, `HeadName`, `PHeadName`, `HeadLevel`, `IsActive`, `IsTransaction`, `IsGL`, `HeadType`, `IsBudget`, `IsDepreciation`, `DepreciationRate`, `CreateBy`, `CreateDate`, `UpdateBy`, `UpdateDate`) VALUES ('10202010501', 'employ', 'Salary', '5', '1', '0', '0', 'A', '0', '0', '0.00', 'admin', '2018-07-05 11:47:10', '', '0000-00-00 00:00:00');
INSERT INTO `acc_coa` (`HeadCode`, `HeadName`, `PHeadName`, `HeadLevel`, `IsActive`, `IsTransaction`, `IsGL`, `HeadType`, `IsBudget`, `IsDepreciation`, `DepreciationRate`, `CreateBy`, `CreateDate`, `UpdateBy`, `UpdateDate`) VALUES ('1020301', 'Employee Receivable', 'Account Receivable', '3', '1', '0', '1', 'A', '0', '0', '0.00', '2', '2018-10-17 11:13:45', 'admin', '2018-07-07 12:31:42');
INSERT INTO `acc_coa` (`HeadCode`, `HeadName`, `PHeadName`, `HeadLevel`, `IsActive`, `IsTransaction`, `IsGL`, `HeadType`, `IsBudget`, `IsDepreciation`, `DepreciationRate`, `CreateBy`, `CreateDate`, `UpdateBy`, `UpdateDate`) VALUES ('502020000001', 'EMVMBTIK-stest1d1', 'Account Payable', '2', '1', '1', '0', 'L', '0', '0', '0.00', 'Jhon  Doe', '2019-04-24 06:40:51', '', '0000-00-00 00:00:00');
INSERT INTO `acc_coa` (`HeadCode`, `HeadName`, `PHeadName`, `HeadLevel`, `IsActive`, `IsTransaction`, `IsGL`, `HeadType`, `IsBudget`, `IsDepreciation`, `DepreciationRate`, `CreateBy`, `CreateDate`, `UpdateBy`, `UpdateDate`) VALUES ('40201', 'Entertainment', 'Other Expenses', '2', '1', '1', '1', 'E', '0', '0', '0.00', 'admin', '2013-07-08 16:21:26', 'anwarul', '2013-07-17 14:21:47');
INSERT INTO `acc_coa` (`HeadCode`, `HeadName`, `PHeadName`, `HeadLevel`, `IsActive`, `IsTransaction`, `IsGL`, `HeadType`, `IsBudget`, `IsDepreciation`, `DepreciationRate`, `CreateBy`, `CreateDate`, `UpdateBy`, `UpdateDate`) VALUES ('502020000005', 'EO18886X-Nidhin', 'Account Payable', '2', '1', '1', '0', 'L', '0', '0', '0.00', 'Jhon  Doe', '2019-05-06 11:00:46', '', '0000-00-00 00:00:00');
INSERT INTO `acc_coa` (`HeadCode`, `HeadName`, `PHeadName`, `HeadLevel`, `IsActive`, `IsTransaction`, `IsGL`, `HeadType`, `IsBudget`, `IsDepreciation`, `DepreciationRate`, `CreateBy`, `CreateDate`, `UpdateBy`, `UpdateDate`) VALUES ('2', 'Equity', 'COA', '0', '1', '0', '0', 'L', '0', '0', '0.00', '', '0000-00-00 00:00:00', '', '0000-00-00 00:00:00');
INSERT INTO `acc_coa` (`HeadCode`, `HeadName`, `PHeadName`, `HeadLevel`, `IsActive`, `IsTransaction`, `IsGL`, `HeadType`, `IsBudget`, `IsDepreciation`, `DepreciationRate`, `CreateBy`, `CreateDate`, `UpdateBy`, `UpdateDate`) VALUES ('502020000019', 'ESZS2ZJV-DHANESH', 'Account Payable', '2', '1', '1', '0', 'L', '0', '0', '0.00', 'Jhon  Doe', '2019-05-25 06:35:27', '', '0000-00-00 00:00:00');
INSERT INTO `acc_coa` (`HeadCode`, `HeadName`, `PHeadName`, `HeadLevel`, `IsActive`, `IsTransaction`, `IsGL`, `HeadType`, `IsBudget`, `IsDepreciation`, `DepreciationRate`, `CreateBy`, `CreateDate`, `UpdateBy`, `UpdateDate`) VALUES ('502020000021', 'EU8ZCPY3-LIJIN M ', 'Account Payable', '2', '1', '1', '0', 'L', '0', '0', '0.00', 'Jhon  Doe', '2019-05-25 06:45:56', '', '0000-00-00 00:00:00');
INSERT INTO `acc_coa` (`HeadCode`, `HeadName`, `PHeadName`, `HeadLevel`, `IsActive`, `IsTransaction`, `IsGL`, `HeadType`, `IsBudget`, `IsDepreciation`, `DepreciationRate`, `CreateBy`, `CreateDate`, `UpdateBy`, `UpdateDate`) VALUES ('502020000002', 'EV5FBIF1-Nidhinvk', 'Account Payable', '2', '1', '1', '0', 'L', '0', '0', '0.00', 'Jhon  Doe', '2019-04-24 06:46:39', '', '0000-00-00 00:00:00');
INSERT INTO `acc_coa` (`HeadCode`, `HeadName`, `PHeadName`, `HeadLevel`, `IsActive`, `IsTransaction`, `IsGL`, `HeadType`, `IsBudget`, `IsDepreciation`, `DepreciationRate`, `CreateBy`, `CreateDate`, `UpdateBy`, `UpdateDate`) VALUES ('502020000008', 'EWCXM9JI-afsal', 'Account Payable', '2', '1', '1', '0', 'L', '0', '0', '0.00', 'Nidhin vk', '2019-05-08 06:56:43', '', '0000-00-00 00:00:00');
INSERT INTO `acc_coa` (`HeadCode`, `HeadName`, `PHeadName`, `HeadLevel`, `IsActive`, `IsTransaction`, `IsGL`, `HeadType`, `IsBudget`, `IsDepreciation`, `DepreciationRate`, `CreateBy`, `CreateDate`, `UpdateBy`, `UpdateDate`) VALUES ('4', 'Expence', 'COA', '0', '1', '0', '0', 'E', '0', '0', '0.00', '', '0000-00-00 00:00:00', '', '0000-00-00 00:00:00');
INSERT INTO `acc_coa` (`HeadCode`, `HeadName`, `PHeadName`, `HeadLevel`, `IsActive`, `IsTransaction`, `IsGL`, `HeadType`, `IsBudget`, `IsDepreciation`, `DepreciationRate`, `CreateBy`, `CreateDate`, `UpdateBy`, `UpdateDate`) VALUES ('502020000020', 'EXQACXHN-PRAKASHAN K', 'Account Payable', '2', '1', '1', '0', 'L', '0', '0', '0.00', 'Jhon  Doe', '2019-05-25 06:43:30', '', '0000-00-00 00:00:00');
INSERT INTO `acc_coa` (`HeadCode`, `HeadName`, `PHeadName`, `HeadLevel`, `IsActive`, `IsTransaction`, `IsGL`, `HeadType`, `IsBudget`, `IsDepreciation`, `DepreciationRate`, `CreateBy`, `CreateDate`, `UpdateBy`, `UpdateDate`) VALUES ('502020000010', 'EXXLJF53-Nidhin2', 'Account Payable', '2', '1', '1', '0', 'L', '0', '0', '0.00', 'Nidhin vk', '2019-05-08 09:29:02', '', '0000-00-00 00:00:00');
INSERT INTO `acc_coa` (`HeadCode`, `HeadName`, `PHeadName`, `HeadLevel`, `IsActive`, `IsTransaction`, `IsGL`, `HeadType`, `IsBudget`, `IsDepreciation`, `DepreciationRate`, `CreateBy`, `CreateDate`, `UpdateBy`, `UpdateDate`) VALUES ('502020000013', 'EY8K9EYU-afsal', 'Account Payable', '2', '1', '1', '0', 'L', '0', '0', '0.00', 'Jhon  Doe', '2019-05-13 10:03:24', '', '0000-00-00 00:00:00');
INSERT INTO `acc_coa` (`HeadCode`, `HeadName`, `PHeadName`, `HeadLevel`, `IsActive`, `IsTransaction`, `IsGL`, `HeadType`, `IsBudget`, `IsDepreciation`, `DepreciationRate`, `CreateBy`, `CreateDate`, `UpdateBy`, `UpdateDate`) VALUES ('502020000022', 'EZG37D5H-JITHESH KUMAR P V', 'Account Payable', '2', '1', '1', '0', 'L', '0', '0', '0.00', 'Jhon  Doe', '2019-05-25 06:49:19', '', '0000-00-00 00:00:00');
INSERT INTO `acc_coa` (`HeadCode`, `HeadName`, `PHeadName`, `HeadLevel`, `IsActive`, `IsTransaction`, `IsGL`, `HeadType`, `IsBudget`, `IsDepreciation`, `DepreciationRate`, `CreateBy`, `CreateDate`, `UpdateBy`, `UpdateDate`) VALUES ('502020000004', 'EZHM3EZ8-Jeeva', 'Account Payable', '2', '1', '1', '0', 'L', '0', '0', '0.00', 'Jhon  Doe', '2019-05-06 10:56:26', '', '0000-00-00 00:00:00');
INSERT INTO `acc_coa` (`HeadCode`, `HeadName`, `PHeadName`, `HeadLevel`, `IsActive`, `IsTransaction`, `IsGL`, `HeadType`, `IsBudget`, `IsDepreciation`, `DepreciationRate`, `CreateBy`, `CreateDate`, `UpdateBy`, `UpdateDate`) VALUES ('4020903', 'Faculty,Staff Salary & Allowances', 'Salary & Allowances', '3', '1', '1', '0', 'E', '0', '0', '0.00', 'admin', '2015-10-15 19:12:21', '', '0000-00-00 00:00:00');
INSERT INTO `acc_coa` (`HeadCode`, `HeadName`, `PHeadName`, `HeadLevel`, `IsActive`, `IsTransaction`, `IsGL`, `HeadType`, `IsBudget`, `IsDepreciation`, `DepreciationRate`, `CreateBy`, `CreateDate`, `UpdateBy`, `UpdateDate`) VALUES ('4021404', 'Fax Machine', 'Repair and Maintenance', '3', '1', '1', '0', 'E', '0', '0', '0.00', 'admin', '2015-10-15 19:34:15', '', '0000-00-00 00:00:00');
INSERT INTO `acc_coa` (`HeadCode`, `HeadName`, `PHeadName`, `HeadLevel`, `IsActive`, `IsTransaction`, `IsGL`, `HeadType`, `IsBudget`, `IsDepreciation`, `DepreciationRate`, `CreateBy`, `CreateDate`, `UpdateBy`, `UpdateDate`) VALUES ('4020905', 'Festival & Incentive Bonus', 'Salary & Allowances', '3', '1', '1', '0', 'E', '0', '0', '0.00', 'admin', '2015-10-15 19:12:48', '', '0000-00-00 00:00:00');
INSERT INTO `acc_coa` (`HeadCode`, `HeadName`, `PHeadName`, `HeadLevel`, `IsActive`, `IsTransaction`, `IsGL`, `HeadType`, `IsBudget`, `IsDepreciation`, `DepreciationRate`, `CreateBy`, `CreateDate`, `UpdateBy`, `UpdateDate`) VALUES ('1010103', 'File Cabinet', 'Furniture & Fixturers', '3', '1', '1', '0', 'A', '0', '0', '0.00', 'admin', '2015-10-15 15:46:02', '', '0000-00-00 00:00:00');
INSERT INTO `acc_coa` (`HeadCode`, `HeadName`, `PHeadName`, `HeadLevel`, `IsActive`, `IsTransaction`, `IsGL`, `HeadType`, `IsBudget`, `IsDepreciation`, `DepreciationRate`, `CreateBy`, `CreateDate`, `UpdateBy`, `UpdateDate`) VALUES ('40210', 'Financial Expenses', 'Other Expenses', '2', '1', '0', '1', 'E', '0', '0', '0.00', 'anwarul', '2013-08-20 12:24:31', 'admin', '2015-10-15 19:20:36');
INSERT INTO `acc_coa` (`HeadCode`, `HeadName`, `PHeadName`, `HeadLevel`, `IsActive`, `IsTransaction`, `IsGL`, `HeadType`, `IsBudget`, `IsDepreciation`, `DepreciationRate`, `CreateBy`, `CreateDate`, `UpdateBy`, `UpdateDate`) VALUES ('1010403', 'Fire Extingushier', 'Others Assets', '3', '1', '1', '0', 'A', '0', '0', '0.00', 'admin', '2016-03-27 10:39:32', '', '0000-00-00 00:00:00');
INSERT INTO `acc_coa` (`HeadCode`, `HeadName`, `PHeadName`, `HeadLevel`, `IsActive`, `IsTransaction`, `IsGL`, `HeadType`, `IsBudget`, `IsDepreciation`, `DepreciationRate`, `CreateBy`, `CreateDate`, `UpdateBy`, `UpdateDate`) VALUES ('4021408', 'Furniture', 'Repair and Maintenance', '3', '1', '1', '0', 'E', '0', '0', '0.00', 'admin', '2015-10-15 19:35:47', '', '0000-00-00 00:00:00');
INSERT INTO `acc_coa` (`HeadCode`, `HeadName`, `PHeadName`, `HeadLevel`, `IsActive`, `IsTransaction`, `IsGL`, `HeadType`, `IsBudget`, `IsDepreciation`, `DepreciationRate`, `CreateBy`, `CreateDate`, `UpdateBy`, `UpdateDate`) VALUES ('10101', 'Furniture & Fixturers', 'Non Current Assets', '2', '1', '0', '1', 'A', '0', '0', '0.00', 'anwarul', '2013-08-20 16:18:15', 'anwarul', '2013-08-21 13:35:40');
INSERT INTO `acc_coa` (`HeadCode`, `HeadName`, `PHeadName`, `HeadLevel`, `IsActive`, `IsTransaction`, `IsGL`, `HeadType`, `IsBudget`, `IsDepreciation`, `DepreciationRate`, `CreateBy`, `CreateDate`, `UpdateBy`, `UpdateDate`) VALUES ('4020406', 'Gas Bill', 'Utility Expenses', '3', '1', '1', '0', 'E', '0', '0', '0.00', 'admin', '2015-10-15 18:59:20', '', '0000-00-00 00:00:00');
INSERT INTO `acc_coa` (`HeadCode`, `HeadName`, `PHeadName`, `HeadLevel`, `IsActive`, `IsTransaction`, `IsGL`, `HeadType`, `IsBudget`, `IsDepreciation`, `DepreciationRate`, `CreateBy`, `CreateDate`, `UpdateBy`, `UpdateDate`) VALUES ('20201', 'General Reserve', 'Reserve & Surplus', '2', '1', '1', '0', 'L', '0', '0', '0.00', 'admin', '2016-09-25 14:07:12', 'admin', '2016-10-02 17:48:49');
INSERT INTO `acc_coa` (`HeadCode`, `HeadName`, `PHeadName`, `HeadLevel`, `IsActive`, `IsTransaction`, `IsGL`, `HeadType`, `IsBudget`, `IsDepreciation`, `DepreciationRate`, `CreateBy`, `CreateDate`, `UpdateBy`, `UpdateDate`) VALUES ('10105', 'Generator', 'Non Current Assets', '2', '1', '1', '1', 'A', '0', '0', '0.00', 'Zoherul', '2016-02-27 16:02:35', 'admin', '2016-05-23 12:05:18');
INSERT INTO `acc_coa` (`HeadCode`, `HeadName`, `PHeadName`, `HeadLevel`, `IsActive`, `IsTransaction`, `IsGL`, `HeadType`, `IsBudget`, `IsDepreciation`, `DepreciationRate`, `CreateBy`, `CreateDate`, `UpdateBy`, `UpdateDate`) VALUES ('4021414', 'Generator Repair', 'Repair and Maintenance', '3', '1', '1', '0', 'E', '0', '0', '0.00', 'Zoherul', '2016-06-16 10:21:05', '', '0000-00-00 00:00:00');
INSERT INTO `acc_coa` (`HeadCode`, `HeadName`, `PHeadName`, `HeadLevel`, `IsActive`, `IsTransaction`, `IsGL`, `HeadType`, `IsBudget`, `IsDepreciation`, `DepreciationRate`, `CreateBy`, `CreateDate`, `UpdateBy`, `UpdateDate`) VALUES ('40213', 'Generator Running Expenses', 'Other Expenses', '2', '1', '0', '1', 'E', '0', '0', '0.00', 'admin', '2015-10-15 19:29:29', '', '0000-00-00 00:00:00');
INSERT INTO `acc_coa` (`HeadCode`, `HeadName`, `PHeadName`, `HeadLevel`, `IsActive`, `IsTransaction`, `IsGL`, `HeadType`, `IsBudget`, `IsDepreciation`, `DepreciationRate`, `CreateBy`, `CreateDate`, `UpdateBy`, `UpdateDate`) VALUES ('10103', 'Groceries and Cutleries', 'Non Current Assets', '2', '1', '1', '1', 'A', '0', '0', '0.00', '2', '2018-07-12 10:02:55', '', '0000-00-00 00:00:00');
INSERT INTO `acc_coa` (`HeadCode`, `HeadName`, `PHeadName`, `HeadLevel`, `IsActive`, `IsTransaction`, `IsGL`, `HeadType`, `IsBudget`, `IsDepreciation`, `DepreciationRate`, `CreateBy`, `CreateDate`, `UpdateBy`, `UpdateDate`) VALUES ('1010408', 'Gym Equipment', 'Others Assets', '3', '1', '1', '0', 'A', '0', '0', '0.00', 'admin', '2016-03-27 10:46:03', '', '0000-00-00 00:00:00');
INSERT INTO `acc_coa` (`HeadCode`, `HeadName`, `PHeadName`, `HeadLevel`, `IsActive`, `IsTransaction`, `IsGL`, `HeadType`, `IsBudget`, `IsDepreciation`, `DepreciationRate`, `CreateBy`, `CreateDate`, `UpdateBy`, `UpdateDate`) VALUES ('4020907', 'Honorarium', 'Salary & Allowances', '3', '1', '1', '0', 'E', '0', '0', '0.00', 'admin', '2015-10-15 19:13:26', '', '0000-00-00 00:00:00');
INSERT INTO `acc_coa` (`HeadCode`, `HeadName`, `PHeadName`, `HeadLevel`, `IsActive`, `IsTransaction`, `IsGL`, `HeadType`, `IsBudget`, `IsDepreciation`, `DepreciationRate`, `CreateBy`, `CreateDate`, `UpdateBy`, `UpdateDate`) VALUES ('40205', 'House Rent', 'Other Expenses', '2', '1', '0', '1', 'E', '0', '0', '0.00', 'anwarul', '2013-08-24 10:26:56', '', '0000-00-00 00:00:00');
INSERT INTO `acc_coa` (`HeadCode`, `HeadName`, `PHeadName`, `HeadLevel`, `IsActive`, `IsTransaction`, `IsGL`, `HeadType`, `IsBudget`, `IsDepreciation`, `DepreciationRate`, `CreateBy`, `CreateDate`, `UpdateBy`, `UpdateDate`) VALUES ('40100001', 'HP-Hasilpur', 'Academic Expenses', '2', '1', '1', '0', 'E', '0', '0', '0.00', '2', '2018-07-29 03:44:23', '', '0000-00-00 00:00:00');
INSERT INTO `acc_coa` (`HeadCode`, `HeadName`, `PHeadName`, `HeadLevel`, `IsActive`, `IsTransaction`, `IsGL`, `HeadType`, `IsBudget`, `IsDepreciation`, `DepreciationRate`, `CreateBy`, `CreateDate`, `UpdateBy`, `UpdateDate`) VALUES ('4020702', 'HR Recruitment Expenses', 'Miscellaneous Expenses', '3', '1', '1', '0', 'E', '0', '0', '0.00', 'admin', '2016-09-25 12:55:49', '', '0000-00-00 00:00:00');
INSERT INTO `acc_coa` (`HeadCode`, `HeadName`, `PHeadName`, `HeadLevel`, `IsActive`, `IsTransaction`, `IsGL`, `HeadType`, `IsBudget`, `IsDepreciation`, `DepreciationRate`, `CreateBy`, `CreateDate`, `UpdateBy`, `UpdateDate`) VALUES ('4020703', 'Incentive on Admission', 'Miscellaneous Expenses', '3', '1', '1', '0', 'E', '0', '0', '0.00', 'admin', '2016-09-25 12:56:09', '', '0000-00-00 00:00:00');
INSERT INTO `acc_coa` (`HeadCode`, `HeadName`, `PHeadName`, `HeadLevel`, `IsActive`, `IsTransaction`, `IsGL`, `HeadType`, `IsBudget`, `IsDepreciation`, `DepreciationRate`, `CreateBy`, `CreateDate`, `UpdateBy`, `UpdateDate`) VALUES ('3', 'Income', 'COA', '0', '1', '0', '0', 'I', '0', '0', '0.00', '', '0000-00-00 00:00:00', '', '0000-00-00 00:00:00');
INSERT INTO `acc_coa` (`HeadCode`, `HeadName`, `PHeadName`, `HeadLevel`, `IsActive`, `IsTransaction`, `IsGL`, `HeadType`, `IsBudget`, `IsDepreciation`, `DepreciationRate`, `CreateBy`, `CreateDate`, `UpdateBy`, `UpdateDate`) VALUES ('30204', 'Income from Photocopy & Printing', 'Other Income', '2', '1', '1', '1', 'I', '0', '0', '0.00', 'Zoherul', '2015-07-14 10:29:54', 'admin', '2016-09-25 11:04:28');
INSERT INTO `acc_coa` (`HeadCode`, `HeadName`, `PHeadName`, `HeadLevel`, `IsActive`, `IsTransaction`, `IsGL`, `HeadType`, `IsBudget`, `IsDepreciation`, `DepreciationRate`, `CreateBy`, `CreateDate`, `UpdateBy`, `UpdateDate`) VALUES ('5020302', 'Income Tax Payable', 'Liabilities for Expenses', '3', '1', '0', '1', 'L', '0', '0', '0.00', 'admin', '2016-09-19 11:18:17', 'admin', '2016-09-28 13:18:35');
INSERT INTO `acc_coa` (`HeadCode`, `HeadName`, `PHeadName`, `HeadLevel`, `IsActive`, `IsTransaction`, `IsGL`, `HeadType`, `IsBudget`, `IsDepreciation`, `DepreciationRate`, `CreateBy`, `CreateDate`, `UpdateBy`, `UpdateDate`) VALUES ('102020302', 'Insurance Premium', 'Prepayment', '4', '1', '1', '0', 'A', '0', '0', '0.00', 'admin', '2016-09-19 13:10:57', '', '0000-00-00 00:00:00');
INSERT INTO `acc_coa` (`HeadCode`, `HeadName`, `PHeadName`, `HeadLevel`, `IsActive`, `IsTransaction`, `IsGL`, `HeadType`, `IsBudget`, `IsDepreciation`, `DepreciationRate`, `CreateBy`, `CreateDate`, `UpdateBy`, `UpdateDate`) VALUES ('4021001', 'Interest on Loan', 'Financial Expenses', '3', '1', '1', '0', 'E', '0', '0', '0.00', 'admin', '2015-10-15 19:20:53', 'admin', '2016-09-19 14:53:34');
INSERT INTO `acc_coa` (`HeadCode`, `HeadName`, `PHeadName`, `HeadLevel`, `IsActive`, `IsTransaction`, `IsGL`, `HeadType`, `IsBudget`, `IsDepreciation`, `DepreciationRate`, `CreateBy`, `CreateDate`, `UpdateBy`, `UpdateDate`) VALUES ('4020401', 'Internet Bill', 'Utility Expenses', '3', '1', '1', '0', 'E', '0', '0', '0.00', 'admin', '2015-10-15 18:56:55', 'admin', '2015-10-15 18:57:32');
INSERT INTO `acc_coa` (`HeadCode`, `HeadName`, `PHeadName`, `HeadLevel`, `IsActive`, `IsTransaction`, `IsGL`, `HeadType`, `IsBudget`, `IsDepreciation`, `DepreciationRate`, `CreateBy`, `CreateDate`, `UpdateBy`, `UpdateDate`) VALUES ('10107', 'Inventory', 'Non Current Assets', '1', '1', '0', '0', 'A', '0', '0', '0.00', '2', '2018-07-07 15:21:58', '', '0000-00-00 00:00:00');
INSERT INTO `acc_coa` (`HeadCode`, `HeadName`, `PHeadName`, `HeadLevel`, `IsActive`, `IsTransaction`, `IsGL`, `HeadType`, `IsBudget`, `IsDepreciation`, `DepreciationRate`, `CreateBy`, `CreateDate`, `UpdateBy`, `UpdateDate`) VALUES ('10205010101', 'Jahangir', 'Hasan', '1', '1', '0', '0', 'A', '0', '0', '0.00', '2', '2018-07-07 10:40:56', '', '0000-00-00 00:00:00');
INSERT INTO `acc_coa` (`HeadCode`, `HeadName`, `PHeadName`, `HeadLevel`, `IsActive`, `IsTransaction`, `IsGL`, `HeadType`, `IsBudget`, `IsDepreciation`, `DepreciationRate`, `CreateBy`, `CreateDate`, `UpdateBy`, `UpdateDate`) VALUES ('1010210', 'LCD TV', 'Office Equipment', '3', '1', '1', '0', 'A', '0', '0', '0.00', 'admin', '2015-10-15 15:52:27', '', '0000-00-00 00:00:00');
INSERT INTO `acc_coa` (`HeadCode`, `HeadName`, `PHeadName`, `HeadLevel`, `IsActive`, `IsTransaction`, `IsGL`, `HeadType`, `IsBudget`, `IsDepreciation`, `DepreciationRate`, `CreateBy`, `CreateDate`, `UpdateBy`, `UpdateDate`) VALUES ('30103', 'Lease Sale', 'Store Income', '1', '1', '1', '1', 'I', '0', '0', '0.00', '2', '2018-07-08 07:51:52', '', '0000-00-00 00:00:00');
INSERT INTO `acc_coa` (`HeadCode`, `HeadName`, `PHeadName`, `HeadLevel`, `IsActive`, `IsTransaction`, `IsGL`, `HeadType`, `IsBudget`, `IsDepreciation`, `DepreciationRate`, `CreateBy`, `CreateDate`, `UpdateBy`, `UpdateDate`) VALUES ('5', 'Liabilities', 'COA', '0', '1', '0', '0', 'L', '0', '0', '0.00', 'admin', '2013-07-04 12:32:07', 'admin', '2015-10-15 19:46:54');
INSERT INTO `acc_coa` (`HeadCode`, `HeadName`, `PHeadName`, `HeadLevel`, `IsActive`, `IsTransaction`, `IsGL`, `HeadType`, `IsBudget`, `IsDepreciation`, `DepreciationRate`, `CreateBy`, `CreateDate`, `UpdateBy`, `UpdateDate`) VALUES ('50203', 'Liabilities for Expenses', 'Current Liabilities', '2', '1', '0', '0', 'L', '0', '0', '0.00', 'admin', '2015-10-15 19:50:59', '', '0000-00-00 00:00:00');
INSERT INTO `acc_coa` (`HeadCode`, `HeadName`, `PHeadName`, `HeadLevel`, `IsActive`, `IsTransaction`, `IsGL`, `HeadType`, `IsBudget`, `IsDepreciation`, `DepreciationRate`, `CreateBy`, `CreateDate`, `UpdateBy`, `UpdateDate`) VALUES ('4020707', 'Library Expenses', 'Miscellaneous Expenses', '3', '1', '1', '0', 'E', '0', '0', '0.00', 'admin', '2017-01-10 15:34:54', '', '0000-00-00 00:00:00');
INSERT INTO `acc_coa` (`HeadCode`, `HeadName`, `PHeadName`, `HeadLevel`, `IsActive`, `IsTransaction`, `IsGL`, `HeadType`, `IsBudget`, `IsDepreciation`, `DepreciationRate`, `CreateBy`, `CreateDate`, `UpdateBy`, `UpdateDate`) VALUES ('4021409', 'Lift', 'Repair and Maintenance', '3', '1', '1', '0', 'E', '0', '0', '0.00', 'admin', '2015-10-15 19:36:12', '', '0000-00-00 00:00:00');
INSERT INTO `acc_coa` (`HeadCode`, `HeadName`, `PHeadName`, `HeadLevel`, `IsActive`, `IsTransaction`, `IsGL`, `HeadType`, `IsBudget`, `IsDepreciation`, `DepreciationRate`, `CreateBy`, `CreateDate`, `UpdateBy`, `UpdateDate`) VALUES ('50101', 'Long Term Borrowing', 'Non Current Liabilities', '2', '1', '0', '1', 'L', '0', '0', '0.00', 'admin', '2013-07-04 12:32:26', 'admin', '2015-10-15 19:47:40');
INSERT INTO `acc_coa` (`HeadCode`, `HeadName`, `PHeadName`, `HeadLevel`, `IsActive`, `IsTransaction`, `IsGL`, `HeadType`, `IsBudget`, `IsDepreciation`, `DepreciationRate`, `CreateBy`, `CreateDate`, `UpdateBy`, `UpdateDate`) VALUES ('4020608', 'Marketing & Promotion Exp.', 'Promonational Expence', '3', '1', '1', '0', 'E', '0', '0', '0.00', 'admin', '2015-10-15 18:53:59', '', '0000-00-00 00:00:00');
INSERT INTO `acc_coa` (`HeadCode`, `HeadName`, `PHeadName`, `HeadLevel`, `IsActive`, `IsTransaction`, `IsGL`, `HeadType`, `IsBudget`, `IsDepreciation`, `DepreciationRate`, `CreateBy`, `CreateDate`, `UpdateBy`, `UpdateDate`) VALUES ('4020901', 'Medical Allowance', 'Salary & Allowances', '3', '1', '1', '0', 'E', '0', '0', '0.00', 'admin', '2015-10-15 19:11:33', '', '0000-00-00 00:00:00');
INSERT INTO `acc_coa` (`HeadCode`, `HeadName`, `PHeadName`, `HeadLevel`, `IsActive`, `IsTransaction`, `IsGL`, `HeadType`, `IsBudget`, `IsDepreciation`, `DepreciationRate`, `CreateBy`, `CreateDate`, `UpdateBy`, `UpdateDate`) VALUES ('1010411', 'Metal Ditector', 'Others Assets', '3', '1', '1', '0', 'A', '0', '0', '0.00', 'Zoherul', '2016-08-22 10:55:22', '', '0000-00-00 00:00:00');
INSERT INTO `acc_coa` (`HeadCode`, `HeadName`, `PHeadName`, `HeadLevel`, `IsActive`, `IsTransaction`, `IsGL`, `HeadType`, `IsBudget`, `IsDepreciation`, `DepreciationRate`, `CreateBy`, `CreateDate`, `UpdateBy`, `UpdateDate`) VALUES ('4021413', 'Micro Oven', 'Repair and Maintenance', '3', '1', '1', '0', 'E', '0', '0', '0.00', 'Zoherul', '2016-05-12 14:53:51', '', '0000-00-00 00:00:00');
INSERT INTO `acc_coa` (`HeadCode`, `HeadName`, `PHeadName`, `HeadLevel`, `IsActive`, `IsTransaction`, `IsGL`, `HeadType`, `IsBudget`, `IsDepreciation`, `DepreciationRate`, `CreateBy`, `CreateDate`, `UpdateBy`, `UpdateDate`) VALUES ('30202', 'Miscellaneous (Income)', 'Other Income', '2', '1', '1', '1', 'I', '0', '0', '0.00', 'anwarul', '2014-02-06 15:26:31', 'admin', '2016-09-25 11:04:35');
INSERT INTO `acc_coa` (`HeadCode`, `HeadName`, `PHeadName`, `HeadLevel`, `IsActive`, `IsTransaction`, `IsGL`, `HeadType`, `IsBudget`, `IsDepreciation`, `DepreciationRate`, `CreateBy`, `CreateDate`, `UpdateBy`, `UpdateDate`) VALUES ('4020909', 'Miscellaneous Benifit', 'Salary & Allowances', '3', '1', '1', '0', 'E', '0', '0', '0.00', 'admin', '2015-10-15 19:13:53', '', '0000-00-00 00:00:00');
INSERT INTO `acc_coa` (`HeadCode`, `HeadName`, `PHeadName`, `HeadLevel`, `IsActive`, `IsTransaction`, `IsGL`, `HeadType`, `IsBudget`, `IsDepreciation`, `DepreciationRate`, `CreateBy`, `CreateDate`, `UpdateBy`, `UpdateDate`) VALUES ('4020701', 'Miscellaneous Exp', 'Miscellaneous Expenses', '3', '1', '1', '0', 'E', '0', '0', '0.00', 'admin', '2016-09-25 12:54:39', '', '0000-00-00 00:00:00');
INSERT INTO `acc_coa` (`HeadCode`, `HeadName`, `PHeadName`, `HeadLevel`, `IsActive`, `IsTransaction`, `IsGL`, `HeadType`, `IsBudget`, `IsDepreciation`, `DepreciationRate`, `CreateBy`, `CreateDate`, `UpdateBy`, `UpdateDate`) VALUES ('40207', 'Miscellaneous Expenses', 'Other Expenses', '2', '1', '0', '1', 'E', '0', '0', '0.00', 'anwarul', '2014-04-26 16:49:56', 'admin', '2016-09-25 12:54:19');
INSERT INTO `acc_coa` (`HeadCode`, `HeadName`, `PHeadName`, `HeadLevel`, `IsActive`, `IsTransaction`, `IsGL`, `HeadType`, `IsBudget`, `IsDepreciation`, `DepreciationRate`, `CreateBy`, `CreateDate`, `UpdateBy`, `UpdateDate`) VALUES ('1010401', 'Mobile Phone', 'Others Assets', '3', '1', '1', '0', 'A', '0', '0', '0.00', 'admin', '2016-01-29 10:43:30', '', '0000-00-00 00:00:00');
INSERT INTO `acc_coa` (`HeadCode`, `HeadName`, `PHeadName`, `HeadLevel`, `IsActive`, `IsTransaction`, `IsGL`, `HeadType`, `IsBudget`, `IsDepreciation`, `DepreciationRate`, `CreateBy`, `CreateDate`, `UpdateBy`, `UpdateDate`) VALUES ('102020101', 'Mr Ashiqur Rahman', 'Advance', '4', '1', '1', '0', 'A', '0', '0', '0.00', 'admin', '2015-12-31 16:47:23', 'admin', '2016-09-25 11:55:13');
INSERT INTO `acc_coa` (`HeadCode`, `HeadName`, `PHeadName`, `HeadLevel`, `IsActive`, `IsTransaction`, `IsGL`, `HeadType`, `IsBudget`, `IsDepreciation`, `DepreciationRate`, `CreateBy`, `CreateDate`, `UpdateBy`, `UpdateDate`) VALUES ('1010212', 'Network Accessories', 'Office Equipment', '3', '1', '1', '0', 'A', '0', '0', '0.00', 'admin', '2016-01-02 16:23:32', '', '0000-00-00 00:00:00');
INSERT INTO `acc_coa` (`HeadCode`, `HeadName`, `PHeadName`, `HeadLevel`, `IsActive`, `IsTransaction`, `IsGL`, `HeadType`, `IsBudget`, `IsDepreciation`, `DepreciationRate`, `CreateBy`, `CreateDate`, `UpdateBy`, `UpdateDate`) VALUES ('4020408', 'News Paper Bill', 'Utility Expenses', '3', '1', '1', '0', 'E', '0', '0', '0.00', 'admin', '2016-01-02 15:55:57', '', '0000-00-00 00:00:00');
INSERT INTO `acc_coa` (`HeadCode`, `HeadName`, `PHeadName`, `HeadLevel`, `IsActive`, `IsTransaction`, `IsGL`, `HeadType`, `IsBudget`, `IsDepreciation`, `DepreciationRate`, `CreateBy`, `CreateDate`, `UpdateBy`, `UpdateDate`) VALUES ('101', 'Non Current Assets', 'Assets', '1', '1', '0', '0', 'A', '0', '0', '0.00', '', '0000-00-00 00:00:00', 'admin', '2015-10-15 15:29:11');
INSERT INTO `acc_coa` (`HeadCode`, `HeadName`, `PHeadName`, `HeadLevel`, `IsActive`, `IsTransaction`, `IsGL`, `HeadType`, `IsBudget`, `IsDepreciation`, `DepreciationRate`, `CreateBy`, `CreateDate`, `UpdateBy`, `UpdateDate`) VALUES ('501', 'Non Current Liabilities', 'Liabilities', '1', '1', '0', '0', 'L', '0', '0', '0.00', 'anwarul', '2014-08-30 13:18:20', 'admin', '2015-10-15 19:49:21');
INSERT INTO `acc_coa` (`HeadCode`, `HeadName`, `PHeadName`, `HeadLevel`, `IsActive`, `IsTransaction`, `IsGL`, `HeadType`, `IsBudget`, `IsDepreciation`, `DepreciationRate`, `CreateBy`, `CreateDate`, `UpdateBy`, `UpdateDate`) VALUES ('1010404', 'Office Decoration', 'Others Assets', '3', '1', '1', '0', 'A', '0', '0', '0.00', 'admin', '2016-03-27 10:40:02', '', '0000-00-00 00:00:00');
INSERT INTO `acc_coa` (`HeadCode`, `HeadName`, `PHeadName`, `HeadLevel`, `IsActive`, `IsTransaction`, `IsGL`, `HeadType`, `IsBudget`, `IsDepreciation`, `DepreciationRate`, `CreateBy`, `CreateDate`, `UpdateBy`, `UpdateDate`) VALUES ('10102', 'Office Equipment', 'Non Current Assets', '2', '1', '0', '1', 'A', '0', '0', '0.00', 'anwarul', '2013-12-06 18:08:00', 'admin', '2015-10-15 15:48:21');
INSERT INTO `acc_coa` (`HeadCode`, `HeadName`, `PHeadName`, `HeadLevel`, `IsActive`, `IsTransaction`, `IsGL`, `HeadType`, `IsBudget`, `IsDepreciation`, `DepreciationRate`, `CreateBy`, `CreateDate`, `UpdateBy`, `UpdateDate`) VALUES ('4021401', 'Office Repair & Maintenance', 'Repair and Maintenance', '3', '1', '1', '0', 'E', '0', '0', '0.00', 'admin', '2015-10-15 19:33:15', '', '0000-00-00 00:00:00');
INSERT INTO `acc_coa` (`HeadCode`, `HeadName`, `PHeadName`, `HeadLevel`, `IsActive`, `IsTransaction`, `IsGL`, `HeadType`, `IsBudget`, `IsDepreciation`, `DepreciationRate`, `CreateBy`, `CreateDate`, `UpdateBy`, `UpdateDate`) VALUES ('30201', 'Office Stationary (Income)', 'Other Income', '2', '1', '1', '1', 'I', '0', '0', '0.00', 'anwarul', '2013-07-17 15:21:06', 'admin', '2016-09-25 11:04:50');
INSERT INTO `acc_coa` (`HeadCode`, `HeadName`, `PHeadName`, `HeadLevel`, `IsActive`, `IsTransaction`, `IsGL`, `HeadType`, `IsBudget`, `IsDepreciation`, `DepreciationRate`, `CreateBy`, `CreateDate`, `UpdateBy`, `UpdateDate`) VALUES ('402', 'Other Expenses', 'Expence', '1', '1', '0', '0', 'E', '0', '0', '0.00', '2', '2018-07-07 14:00:16', 'admin', '2015-10-15 18:37:42');
INSERT INTO `acc_coa` (`HeadCode`, `HeadName`, `PHeadName`, `HeadLevel`, `IsActive`, `IsTransaction`, `IsGL`, `HeadType`, `IsBudget`, `IsDepreciation`, `DepreciationRate`, `CreateBy`, `CreateDate`, `UpdateBy`, `UpdateDate`) VALUES ('302', 'Other Income', 'Income', '1', '1', '0', '0', 'I', '0', '0', '0.00', '2', '2018-07-07 13:40:57', 'admin', '2016-09-25 11:04:09');
INSERT INTO `acc_coa` (`HeadCode`, `HeadName`, `PHeadName`, `HeadLevel`, `IsActive`, `IsTransaction`, `IsGL`, `HeadType`, `IsBudget`, `IsDepreciation`, `DepreciationRate`, `CreateBy`, `CreateDate`, `UpdateBy`, `UpdateDate`) VALUES ('40211', 'Others (Non Academic Expenses)', 'Other Expenses', '2', '1', '0', '1', 'E', '0', '0', '0.00', 'Obaidul', '2014-12-03 16:05:42', 'admin', '2015-10-15 19:22:09');
INSERT INTO `acc_coa` (`HeadCode`, `HeadName`, `PHeadName`, `HeadLevel`, `IsActive`, `IsTransaction`, `IsGL`, `HeadType`, `IsBudget`, `IsDepreciation`, `DepreciationRate`, `CreateBy`, `CreateDate`, `UpdateBy`, `UpdateDate`) VALUES ('30205', 'Others (Non-Academic Income)', 'Other Income', '2', '1', '0', '1', 'I', '0', '0', '0.00', 'admin', '2015-10-15 17:23:49', 'admin', '2015-10-15 17:57:52');
INSERT INTO `acc_coa` (`HeadCode`, `HeadName`, `PHeadName`, `HeadLevel`, `IsActive`, `IsTransaction`, `IsGL`, `HeadType`, `IsBudget`, `IsDepreciation`, `DepreciationRate`, `CreateBy`, `CreateDate`, `UpdateBy`, `UpdateDate`) VALUES ('10104', 'Others Assets', 'Non Current Assets', '2', '1', '0', '1', 'A', '0', '0', '0.00', 'admin', '2016-01-29 10:43:16', '', '0000-00-00 00:00:00');
INSERT INTO `acc_coa` (`HeadCode`, `HeadName`, `PHeadName`, `HeadLevel`, `IsActive`, `IsTransaction`, `IsGL`, `HeadType`, `IsBudget`, `IsDepreciation`, `DepreciationRate`, `CreateBy`, `CreateDate`, `UpdateBy`, `UpdateDate`) VALUES ('4020910', 'Outstanding Salary', 'Salary & Allowances', '3', '1', '1', '0', 'E', '0', '0', '0.00', 'Zoherul', '2016-04-24 11:56:50', '', '0000-00-00 00:00:00');
INSERT INTO `acc_coa` (`HeadCode`, `HeadName`, `PHeadName`, `HeadLevel`, `IsActive`, `IsTransaction`, `IsGL`, `HeadType`, `IsBudget`, `IsDepreciation`, `DepreciationRate`, `CreateBy`, `CreateDate`, `UpdateBy`, `UpdateDate`) VALUES ('4021405', 'Oven', 'Repair and Maintenance', '3', '1', '1', '0', 'E', '0', '0', '0.00', 'admin', '2015-10-15 19:34:31', '', '0000-00-00 00:00:00');
INSERT INTO `acc_coa` (`HeadCode`, `HeadName`, `PHeadName`, `HeadLevel`, `IsActive`, `IsTransaction`, `IsGL`, `HeadType`, `IsBudget`, `IsDepreciation`, `DepreciationRate`, `CreateBy`, `CreateDate`, `UpdateBy`, `UpdateDate`) VALUES ('4021412', 'PABX-Repair', 'Repair and Maintenance', '3', '1', '1', '0', 'E', '0', '0', '0.00', 'Zoherul', '2016-04-24 14:40:18', '', '0000-00-00 00:00:00');
INSERT INTO `acc_coa` (`HeadCode`, `HeadName`, `PHeadName`, `HeadLevel`, `IsActive`, `IsTransaction`, `IsGL`, `HeadType`, `IsBudget`, `IsDepreciation`, `DepreciationRate`, `CreateBy`, `CreateDate`, `UpdateBy`, `UpdateDate`) VALUES ('4020902', 'Part-time Staff Salary', 'Salary & Allowances', '3', '1', '1', '0', 'E', '0', '0', '0.00', 'admin', '2015-10-15 19:12:06', '', '0000-00-00 00:00:00');
INSERT INTO `acc_coa` (`HeadCode`, `HeadName`, `PHeadName`, `HeadLevel`, `IsActive`, `IsTransaction`, `IsGL`, `HeadType`, `IsBudget`, `IsDepreciation`, `DepreciationRate`, `CreateBy`, `CreateDate`, `UpdateBy`, `UpdateDate`) VALUES ('1010202', 'Photocopy & Fax Machine', 'Office Equipment', '3', '1', '1', '0', 'A', '0', '0', '0.00', 'admin', '2015-10-15 15:47:27', 'admin', '2016-05-23 12:14:40');
INSERT INTO `acc_coa` (`HeadCode`, `HeadName`, `PHeadName`, `HeadLevel`, `IsActive`, `IsTransaction`, `IsGL`, `HeadType`, `IsBudget`, `IsDepreciation`, `DepreciationRate`, `CreateBy`, `CreateDate`, `UpdateBy`, `UpdateDate`) VALUES ('4021411', 'Photocopy Machine Repair', 'Repair and Maintenance', '3', '1', '1', '0', 'E', '0', '0', '0.00', 'Zoherul', '2016-04-24 12:40:02', 'admin', '2017-04-27 17:03:17');
INSERT INTO `acc_coa` (`HeadCode`, `HeadName`, `PHeadName`, `HeadLevel`, `IsActive`, `IsTransaction`, `IsGL`, `HeadType`, `IsBudget`, `IsDepreciation`, `DepreciationRate`, `CreateBy`, `CreateDate`, `UpdateBy`, `UpdateDate`) VALUES ('3020503', 'Practical Fee', 'Others (Non-Academic Income)', '3', '1', '1', '1', 'I', '0', '0', '0.00', 'admin', '2017-07-22 18:00:37', '', '0000-00-00 00:00:00');
INSERT INTO `acc_coa` (`HeadCode`, `HeadName`, `PHeadName`, `HeadLevel`, `IsActive`, `IsTransaction`, `IsGL`, `HeadType`, `IsBudget`, `IsDepreciation`, `DepreciationRate`, `CreateBy`, `CreateDate`, `UpdateBy`, `UpdateDate`) VALUES ('1020203', 'Prepayment', 'Advance, Deposit And Pre-payments', '3', '1', '0', '1', 'A', '0', '0', '0.00', 'admin', '2015-10-15 15:40:51', 'admin', '2015-12-31 16:49:58');
INSERT INTO `acc_coa` (`HeadCode`, `HeadName`, `PHeadName`, `HeadLevel`, `IsActive`, `IsTransaction`, `IsGL`, `HeadType`, `IsBudget`, `IsDepreciation`, `DepreciationRate`, `CreateBy`, `CreateDate`, `UpdateBy`, `UpdateDate`) VALUES ('1010201', 'Printer', 'Office Equipment', '3', '1', '1', '0', 'A', '0', '0', '0.00', 'admin', '2015-10-15 15:47:15', '', '0000-00-00 00:00:00');
INSERT INTO `acc_coa` (`HeadCode`, `HeadName`, `PHeadName`, `HeadLevel`, `IsActive`, `IsTransaction`, `IsGL`, `HeadType`, `IsBudget`, `IsDepreciation`, `DepreciationRate`, `CreateBy`, `CreateDate`, `UpdateBy`, `UpdateDate`) VALUES ('40202', 'Printing and Stationary', 'Other Expenses', '2', '1', '1', '1', 'E', '0', '0', '0.00', 'admin', '2013-07-08 16:21:45', 'admin', '2016-09-19 14:39:32');
INSERT INTO `acc_coa` (`HeadCode`, `HeadName`, `PHeadName`, `HeadLevel`, `IsActive`, `IsTransaction`, `IsGL`, `HeadType`, `IsBudget`, `IsDepreciation`, `DepreciationRate`, `CreateBy`, `CreateDate`, `UpdateBy`, `UpdateDate`) VALUES ('3020502', 'Professional Training Course(Oracal-1)', 'Others (Non-Academic Income)', '3', '1', '1', '0', 'I', '0', '0', '0.00', 'nasim', '2017-06-22 13:28:05', '', '0000-00-00 00:00:00');
INSERT INTO `acc_coa` (`HeadCode`, `HeadName`, `PHeadName`, `HeadLevel`, `IsActive`, `IsTransaction`, `IsGL`, `HeadType`, `IsBudget`, `IsDepreciation`, `DepreciationRate`, `CreateBy`, `CreateDate`, `UpdateBy`, `UpdateDate`) VALUES ('30207', 'Professional Training Course(Oracal)', 'Other Income', '2', '1', '0', '1', 'I', '0', '0', '0.00', 'nasim', '2017-06-22 13:24:16', 'nasim', '2017-06-22 13:25:56');
INSERT INTO `acc_coa` (`HeadCode`, `HeadName`, `PHeadName`, `HeadLevel`, `IsActive`, `IsTransaction`, `IsGL`, `HeadType`, `IsBudget`, `IsDepreciation`, `DepreciationRate`, `CreateBy`, `CreateDate`, `UpdateBy`, `UpdateDate`) VALUES ('1010208', 'Projector', 'Office Equipment', '3', '1', '1', '0', 'A', '0', '0', '0.00', 'admin', '2015-10-15 15:51:44', '', '0000-00-00 00:00:00');
INSERT INTO `acc_coa` (`HeadCode`, `HeadName`, `PHeadName`, `HeadLevel`, `IsActive`, `IsTransaction`, `IsGL`, `HeadType`, `IsBudget`, `IsDepreciation`, `DepreciationRate`, `CreateBy`, `CreateDate`, `UpdateBy`, `UpdateDate`) VALUES ('40206', 'Promonational Expence', 'Other Expenses', '2', '1', '0', '1', 'E', '0', '0', '0.00', 'anwarul', '2013-07-11 13:48:57', 'anwarul', '2013-07-17 14:23:03');
INSERT INTO `acc_coa` (`HeadCode`, `HeadName`, `PHeadName`, `HeadLevel`, `IsActive`, `IsTransaction`, `IsGL`, `HeadType`, `IsBudget`, `IsDepreciation`, `DepreciationRate`, `CreateBy`, `CreateDate`, `UpdateBy`, `UpdateDate`) VALUES ('40214', 'Repair and Maintenance', 'Other Expenses', '2', '1', '0', '1', 'E', '0', '0', '0.00', 'admin', '2015-10-15 19:32:46', '', '0000-00-00 00:00:00');
INSERT INTO `acc_coa` (`HeadCode`, `HeadName`, `PHeadName`, `HeadLevel`, `IsActive`, `IsTransaction`, `IsGL`, `HeadType`, `IsBudget`, `IsDepreciation`, `DepreciationRate`, `CreateBy`, `CreateDate`, `UpdateBy`, `UpdateDate`) VALUES ('202', 'Reserve & Surplus', 'Equity', '1', '1', '0', '1', 'L', '0', '0', '0.00', 'admin', '2016-09-25 14:06:34', 'admin', '2016-10-02 17:48:57');
INSERT INTO `acc_coa` (`HeadCode`, `HeadName`, `PHeadName`, `HeadLevel`, `IsActive`, `IsTransaction`, `IsGL`, `HeadType`, `IsBudget`, `IsDepreciation`, `DepreciationRate`, `CreateBy`, `CreateDate`, `UpdateBy`, `UpdateDate`) VALUES ('20102', 'Retained Earnings', 'Share Holders Equity', '2', '1', '1', '1', 'L', '0', '0', '0.00', 'admin', '2016-05-23 11:20:40', 'admin', '2016-09-25 14:05:06');
INSERT INTO `acc_coa` (`HeadCode`, `HeadName`, `PHeadName`, `HeadLevel`, `IsActive`, `IsTransaction`, `IsGL`, `HeadType`, `IsBudget`, `IsDepreciation`, `DepreciationRate`, `CreateBy`, `CreateDate`, `UpdateBy`, `UpdateDate`) VALUES ('4020708', 'River Cruse', 'Miscellaneous Expenses', '3', '1', '1', '0', 'E', '0', '0', '0.00', 'admin', '2017-04-24 15:35:25', '', '0000-00-00 00:00:00');
INSERT INTO `acc_coa` (`HeadCode`, `HeadName`, `PHeadName`, `HeadLevel`, `IsActive`, `IsTransaction`, `IsGL`, `HeadType`, `IsBudget`, `IsDepreciation`, `DepreciationRate`, `CreateBy`, `CreateDate`, `UpdateBy`, `UpdateDate`) VALUES ('102020105', 'Salary', 'Advance', '4', '1', '0', '0', 'A', '0', '0', '0.00', 'admin', '2018-07-05 11:46:44', '', '0000-00-00 00:00:00');
INSERT INTO `acc_coa` (`HeadCode`, `HeadName`, `PHeadName`, `HeadLevel`, `IsActive`, `IsTransaction`, `IsGL`, `HeadType`, `IsBudget`, `IsDepreciation`, `DepreciationRate`, `CreateBy`, `CreateDate`, `UpdateBy`, `UpdateDate`) VALUES ('40209', 'Salary & Allowances', 'Other Expenses', '2', '1', '0', '1', 'E', '0', '0', '0.00', 'anwarul', '2013-12-12 11:22:58', '', '0000-00-00 00:00:00');
INSERT INTO `acc_coa` (`HeadCode`, `HeadName`, `PHeadName`, `HeadLevel`, `IsActive`, `IsTransaction`, `IsGL`, `HeadType`, `IsBudget`, `IsDepreciation`, `DepreciationRate`, `CreateBy`, `CreateDate`, `UpdateBy`, `UpdateDate`) VALUES ('404', 'Sale Discount', 'Expence', '1', '1', '1', '0', 'E', '0', '0', '0.00', '2', '2018-07-19 10:15:11', '', '0000-00-00 00:00:00');
INSERT INTO `acc_coa` (`HeadCode`, `HeadName`, `PHeadName`, `HeadLevel`, `IsActive`, `IsTransaction`, `IsGL`, `HeadType`, `IsBudget`, `IsDepreciation`, `DepreciationRate`, `CreateBy`, `CreateDate`, `UpdateBy`, `UpdateDate`) VALUES ('1010406', 'Security Equipment', 'Others Assets', '3', '1', '1', '0', 'A', '0', '0', '0.00', 'admin', '2016-03-27 10:41:30', '', '0000-00-00 00:00:00');
INSERT INTO `acc_coa` (`HeadCode`, `HeadName`, `PHeadName`, `HeadLevel`, `IsActive`, `IsTransaction`, `IsGL`, `HeadType`, `IsBudget`, `IsDepreciation`, `DepreciationRate`, `CreateBy`, `CreateDate`, `UpdateBy`, `UpdateDate`) VALUES ('20101', 'Share Capital', 'Share Holders Equity', '2', '1', '0', '1', 'L', '0', '0', '0.00', 'anwarul', '2013-12-08 19:37:32', 'admin', '2015-10-15 19:45:35');
INSERT INTO `acc_coa` (`HeadCode`, `HeadName`, `PHeadName`, `HeadLevel`, `IsActive`, `IsTransaction`, `IsGL`, `HeadType`, `IsBudget`, `IsDepreciation`, `DepreciationRate`, `CreateBy`, `CreateDate`, `UpdateBy`, `UpdateDate`) VALUES ('201', 'Share Holders Equity', 'Equity', '1', '1', '0', '0', 'L', '0', '0', '0.00', '', '0000-00-00 00:00:00', 'admin', '2015-10-15 19:43:51');
INSERT INTO `acc_coa` (`HeadCode`, `HeadName`, `PHeadName`, `HeadLevel`, `IsActive`, `IsTransaction`, `IsGL`, `HeadType`, `IsBudget`, `IsDepreciation`, `DepreciationRate`, `CreateBy`, `CreateDate`, `UpdateBy`, `UpdateDate`) VALUES ('50201', 'Short Term Borrowing', 'Current Liabilities', '2', '1', '0', '1', 'L', '0', '0', '0.00', 'admin', '2015-10-15 19:50:30', '', '0000-00-00 00:00:00');
INSERT INTO `acc_coa` (`HeadCode`, `HeadName`, `PHeadName`, `HeadLevel`, `IsActive`, `IsTransaction`, `IsGL`, `HeadType`, `IsBudget`, `IsDepreciation`, `DepreciationRate`, `CreateBy`, `CreateDate`, `UpdateBy`, `UpdateDate`) VALUES ('40208', 'Software Development Expenses', 'Other Expenses', '2', '1', '0', '1', 'E', '0', '0', '0.00', 'anwarul', '2013-11-21 14:13:01', 'admin', '2015-10-15 19:02:51');
INSERT INTO `acc_coa` (`HeadCode`, `HeadName`, `PHeadName`, `HeadLevel`, `IsActive`, `IsTransaction`, `IsGL`, `HeadType`, `IsBudget`, `IsDepreciation`, `DepreciationRate`, `CreateBy`, `CreateDate`, `UpdateBy`, `UpdateDate`) VALUES ('4020906', 'Special Allowances', 'Salary & Allowances', '3', '1', '1', '0', 'E', '0', '0', '0.00', 'admin', '2015-10-15 19:13:13', '', '0000-00-00 00:00:00');
INSERT INTO `acc_coa` (`HeadCode`, `HeadName`, `PHeadName`, `HeadLevel`, `IsActive`, `IsTransaction`, `IsGL`, `HeadType`, `IsBudget`, `IsDepreciation`, `DepreciationRate`, `CreateBy`, `CreateDate`, `UpdateBy`, `UpdateDate`) VALUES ('50102', 'Sponsors Loan', 'Non Current Liabilities', '2', '1', '0', '1', 'L', '0', '0', '0.00', 'admin', '2015-10-15 19:48:02', '', '0000-00-00 00:00:00');
INSERT INTO `acc_coa` (`HeadCode`, `HeadName`, `PHeadName`, `HeadLevel`, `IsActive`, `IsTransaction`, `IsGL`, `HeadType`, `IsBudget`, `IsDepreciation`, `DepreciationRate`, `CreateBy`, `CreateDate`, `UpdateBy`, `UpdateDate`) VALUES ('4020706', 'Sports Expense', 'Miscellaneous Expenses', '3', '1', '1', '0', 'E', '0', '0', '0.00', 'nasmud', '2016-11-09 13:16:53', '', '0000-00-00 00:00:00');
INSERT INTO `acc_coa` (`HeadCode`, `HeadName`, `PHeadName`, `HeadLevel`, `IsActive`, `IsTransaction`, `IsGL`, `HeadType`, `IsBudget`, `IsDepreciation`, `DepreciationRate`, `CreateBy`, `CreateDate`, `UpdateBy`, `UpdateDate`) VALUES ('102010203', 'Standard Bank', 'Cash At Bank', '4', '1', '1', '1', 'A', '0', '0', '0.00', 'admin', '2015-10-15 15:33:33', 'admin', '2015-10-15 15:33:48');
INSERT INTO `acc_coa` (`HeadCode`, `HeadName`, `PHeadName`, `HeadLevel`, `IsActive`, `IsTransaction`, `IsGL`, `HeadType`, `IsBudget`, `IsDepreciation`, `DepreciationRate`, `CreateBy`, `CreateDate`, `UpdateBy`, `UpdateDate`) VALUES ('102010204', 'State Bank', 'Cash At Bank', '4', '1', '1', '1', 'A', '0', '0', '0.00', 'admin', '2015-12-31 16:44:14', '', '0000-00-00 00:00:00');
INSERT INTO `acc_coa` (`HeadCode`, `HeadName`, `PHeadName`, `HeadLevel`, `IsActive`, `IsTransaction`, `IsGL`, `HeadType`, `IsBudget`, `IsDepreciation`, `DepreciationRate`, `CreateBy`, `CreateDate`, `UpdateBy`, `UpdateDate`) VALUES ('401', 'Store Expenses', 'Expence', '1', '1', '0', '0', 'E', '0', '0', '0.00', '2', '2018-07-07 13:38:59', 'admin', '2015-10-15 17:58:46');
INSERT INTO `acc_coa` (`HeadCode`, `HeadName`, `PHeadName`, `HeadLevel`, `IsActive`, `IsTransaction`, `IsGL`, `HeadType`, `IsBudget`, `IsDepreciation`, `DepreciationRate`, `CreateBy`, `CreateDate`, `UpdateBy`, `UpdateDate`) VALUES ('301', 'Store Income', 'Income', '1', '1', '0', '0', 'I', '0', '0', '0.00', '2', '2018-07-07 13:40:37', 'admin', '2015-09-17 17:00:02');
INSERT INTO `acc_coa` (`HeadCode`, `HeadName`, `PHeadName`, `HeadLevel`, `IsActive`, `IsTransaction`, `IsGL`, `HeadType`, `IsBudget`, `IsDepreciation`, `DepreciationRate`, `CreateBy`, `CreateDate`, `UpdateBy`, `UpdateDate`) VALUES ('3020501', 'Students Info. Correction Fee', 'Others (Non-Academic Income)', '3', '1', '1', '0', 'I', '0', '0', '0.00', 'admin', '2015-10-15 17:24:45', '', '0000-00-00 00:00:00');
INSERT INTO `acc_coa` (`HeadCode`, `HeadName`, `PHeadName`, `HeadLevel`, `IsActive`, `IsTransaction`, `IsGL`, `HeadType`, `IsBudget`, `IsDepreciation`, `DepreciationRate`, `CreateBy`, `CreateDate`, `UpdateBy`, `UpdateDate`) VALUES ('1010601', 'Sub Station', 'Electrical Equipment', '3', '1', '1', '0', 'A', '0', '0', '0.00', 'admin', '2016-03-27 10:44:11', '', '0000-00-00 00:00:00');
INSERT INTO `acc_coa` (`HeadCode`, `HeadName`, `PHeadName`, `HeadLevel`, `IsActive`, `IsTransaction`, `IsGL`, `HeadType`, `IsBudget`, `IsDepreciation`, `DepreciationRate`, `CreateBy`, `CreateDate`, `UpdateBy`, `UpdateDate`) VALUES ('4020704', 'TB Care Expenses', 'Miscellaneous Expenses', '3', '1', '1', '0', 'E', '0', '0', '0.00', 'admin', '2016-10-08 13:03:04', '', '0000-00-00 00:00:00');
INSERT INTO `acc_coa` (`HeadCode`, `HeadName`, `PHeadName`, `HeadLevel`, `IsActive`, `IsTransaction`, `IsGL`, `HeadType`, `IsBudget`, `IsDepreciation`, `DepreciationRate`, `CreateBy`, `CreateDate`, `UpdateBy`, `UpdateDate`) VALUES ('30206', 'TB Care Income', 'Other Income', '2', '1', '1', '1', 'I', '0', '0', '0.00', 'admin', '2016-10-08 13:00:56', '', '0000-00-00 00:00:00');
INSERT INTO `acc_coa` (`HeadCode`, `HeadName`, `PHeadName`, `HeadLevel`, `IsActive`, `IsTransaction`, `IsGL`, `HeadType`, `IsBudget`, `IsDepreciation`, `DepreciationRate`, `CreateBy`, `CreateDate`, `UpdateBy`, `UpdateDate`) VALUES ('4020501', 'TDS on House Rent', 'House Rent', '3', '1', '1', '0', 'E', '0', '0', '0.00', 'admin', '2015-10-15 18:44:07', 'admin', '2016-09-19 14:40:16');
INSERT INTO `acc_coa` (`HeadCode`, `HeadName`, `PHeadName`, `HeadLevel`, `IsActive`, `IsTransaction`, `IsGL`, `HeadType`, `IsBudget`, `IsDepreciation`, `DepreciationRate`, `CreateBy`, `CreateDate`, `UpdateBy`, `UpdateDate`) VALUES ('502030201', 'TDS Payable House Rent', 'Income Tax Payable', '4', '1', '1', '0', 'L', '0', '0', '0.00', 'admin', '2016-09-19 11:19:42', 'admin', '2016-09-28 13:19:37');
INSERT INTO `acc_coa` (`HeadCode`, `HeadName`, `PHeadName`, `HeadLevel`, `IsActive`, `IsTransaction`, `IsGL`, `HeadType`, `IsBudget`, `IsDepreciation`, `DepreciationRate`, `CreateBy`, `CreateDate`, `UpdateBy`, `UpdateDate`) VALUES ('502030203', 'TDS Payable on Advertisement Bill', 'Income Tax Payable', '4', '1', '1', '0', 'L', '0', '0', '0.00', 'admin', '2016-09-28 13:20:51', '', '0000-00-00 00:00:00');
INSERT INTO `acc_coa` (`HeadCode`, `HeadName`, `PHeadName`, `HeadLevel`, `IsActive`, `IsTransaction`, `IsGL`, `HeadType`, `IsBudget`, `IsDepreciation`, `DepreciationRate`, `CreateBy`, `CreateDate`, `UpdateBy`, `UpdateDate`) VALUES ('502030202', 'TDS Payable on Salary', 'Income Tax Payable', '4', '1', '1', '0', 'L', '0', '0', '0.00', 'admin', '2016-09-28 13:20:17', '', '0000-00-00 00:00:00');
INSERT INTO `acc_coa` (`HeadCode`, `HeadName`, `PHeadName`, `HeadLevel`, `IsActive`, `IsTransaction`, `IsGL`, `HeadType`, `IsBudget`, `IsDepreciation`, `DepreciationRate`, `CreateBy`, `CreateDate`, `UpdateBy`, `UpdateDate`) VALUES ('4021402', 'Tea Kettle', 'Repair and Maintenance', '3', '1', '1', '0', 'E', '0', '0', '0.00', 'admin', '2015-10-15 19:33:45', '', '0000-00-00 00:00:00');
INSERT INTO `acc_coa` (`HeadCode`, `HeadName`, `PHeadName`, `HeadLevel`, `IsActive`, `IsTransaction`, `IsGL`, `HeadType`, `IsBudget`, `IsDepreciation`, `DepreciationRate`, `CreateBy`, `CreateDate`, `UpdateBy`, `UpdateDate`) VALUES ('4020402', 'Telephone Bill', 'Utility Expenses', '3', '1', '1', '0', 'E', '0', '0', '0.00', 'admin', '2015-10-15 18:57:59', '', '0000-00-00 00:00:00');
INSERT INTO `acc_coa` (`HeadCode`, `HeadName`, `PHeadName`, `HeadLevel`, `IsActive`, `IsTransaction`, `IsGL`, `HeadType`, `IsBudget`, `IsDepreciation`, `DepreciationRate`, `CreateBy`, `CreateDate`, `UpdateBy`, `UpdateDate`) VALUES ('1010209', 'Telephone Set & PABX', 'Office Equipment', '3', '1', '1', '0', 'A', '0', '0', '0.00', 'admin', '2015-10-15 15:51:57', 'admin', '2016-10-02 17:10:40');
INSERT INTO `acc_coa` (`HeadCode`, `HeadName`, `PHeadName`, `HeadLevel`, `IsActive`, `IsTransaction`, `IsGL`, `HeadType`, `IsBudget`, `IsDepreciation`, `DepreciationRate`, `CreateBy`, `CreateDate`, `UpdateBy`, `UpdateDate`) VALUES ('102020104', 'Test', 'Advance', '4', '1', '1', '0', 'A', '0', '0', '0.00', 'admin', '2018-07-05 11:42:48', '', '0000-00-00 00:00:00');
INSERT INTO `acc_coa` (`HeadCode`, `HeadName`, `PHeadName`, `HeadLevel`, `IsActive`, `IsTransaction`, `IsGL`, `HeadType`, `IsBudget`, `IsDepreciation`, `DepreciationRate`, `CreateBy`, `CreateDate`, `UpdateBy`, `UpdateDate`) VALUES ('40203', 'Travelling & Conveyance', 'Other Expenses', '2', '1', '1', '1', 'E', '0', '0', '0.00', 'admin', '2013-07-08 16:22:06', 'admin', '2015-10-15 18:45:13');
INSERT INTO `acc_coa` (`HeadCode`, `HeadName`, `PHeadName`, `HeadLevel`, `IsActive`, `IsTransaction`, `IsGL`, `HeadType`, `IsBudget`, `IsDepreciation`, `DepreciationRate`, `CreateBy`, `CreateDate`, `UpdateBy`, `UpdateDate`) VALUES ('4021406', 'TV', 'Repair and Maintenance', '3', '1', '1', '0', 'E', '0', '0', '0.00', 'admin', '2015-10-15 19:35:07', '', '0000-00-00 00:00:00');
INSERT INTO `acc_coa` (`HeadCode`, `HeadName`, `PHeadName`, `HeadLevel`, `IsActive`, `IsTransaction`, `IsGL`, `HeadType`, `IsBudget`, `IsDepreciation`, `DepreciationRate`, `CreateBy`, `CreateDate`, `UpdateBy`, `UpdateDate`) VALUES ('1010205', 'UPS', 'Office Equipment', '3', '1', '1', '0', 'A', '0', '0', '0.00', 'admin', '2015-10-15 15:50:38', '', '0000-00-00 00:00:00');
INSERT INTO `acc_coa` (`HeadCode`, `HeadName`, `PHeadName`, `HeadLevel`, `IsActive`, `IsTransaction`, `IsGL`, `HeadType`, `IsBudget`, `IsDepreciation`, `DepreciationRate`, `CreateBy`, `CreateDate`, `UpdateBy`, `UpdateDate`) VALUES ('40204', 'Utility Expenses', 'Other Expenses', '2', '1', '0', '1', 'E', '0', '0', '0.00', 'anwarul', '2013-07-11 16:20:24', 'admin', '2016-01-02 15:55:22');
INSERT INTO `acc_coa` (`HeadCode`, `HeadName`, `PHeadName`, `HeadLevel`, `IsActive`, `IsTransaction`, `IsGL`, `HeadType`, `IsBudget`, `IsDepreciation`, `DepreciationRate`, `CreateBy`, `CreateDate`, `UpdateBy`, `UpdateDate`) VALUES ('4020503', 'VAT on House Rent Exp', 'House Rent', '3', '1', '1', '0', 'E', '0', '0', '0.00', 'admin', '2015-10-15 18:49:22', 'admin', '2016-09-25 14:00:52');
INSERT INTO `acc_coa` (`HeadCode`, `HeadName`, `PHeadName`, `HeadLevel`, `IsActive`, `IsTransaction`, `IsGL`, `HeadType`, `IsBudget`, `IsDepreciation`, `DepreciationRate`, `CreateBy`, `CreateDate`, `UpdateBy`, `UpdateDate`) VALUES ('5020301', 'VAT Payable', 'Liabilities for Expenses', '3', '1', '0', '1', 'L', '0', '0', '0.00', 'admin', '2015-10-15 19:51:11', 'admin', '2016-09-28 13:23:53');
INSERT INTO `acc_coa` (`HeadCode`, `HeadName`, `PHeadName`, `HeadLevel`, `IsActive`, `IsTransaction`, `IsGL`, `HeadType`, `IsBudget`, `IsDepreciation`, `DepreciationRate`, `CreateBy`, `CreateDate`, `UpdateBy`, `UpdateDate`) VALUES ('1010409', 'Vehicle A/C', 'Others Assets', '3', '1', '1', '0', 'A', '0', '0', '0.00', 'Zoherul', '2016-05-12 12:13:21', '', '0000-00-00 00:00:00');
INSERT INTO `acc_coa` (`HeadCode`, `HeadName`, `PHeadName`, `HeadLevel`, `IsActive`, `IsTransaction`, `IsGL`, `HeadType`, `IsBudget`, `IsDepreciation`, `DepreciationRate`, `CreateBy`, `CreateDate`, `UpdateBy`, `UpdateDate`) VALUES ('1010405', 'Voltage Stablizer', 'Others Assets', '3', '1', '1', '0', 'A', '0', '0', '0.00', 'admin', '2016-03-27 10:40:59', '', '0000-00-00 00:00:00');
INSERT INTO `acc_coa` (`HeadCode`, `HeadName`, `PHeadName`, `HeadLevel`, `IsActive`, `IsTransaction`, `IsGL`, `HeadType`, `IsBudget`, `IsDepreciation`, `DepreciationRate`, `CreateBy`, `CreateDate`, `UpdateBy`, `UpdateDate`) VALUES ('1010105', 'Waiting Sofa - Steel', 'Furniture & Fixturers', '3', '1', '1', '0', 'A', '0', '0', '0.00', 'admin', '2015-10-15 15:46:29', '', '0000-00-00 00:00:00');
INSERT INTO `acc_coa` (`HeadCode`, `HeadName`, `PHeadName`, `HeadLevel`, `IsActive`, `IsTransaction`, `IsGL`, `HeadType`, `IsBudget`, `IsDepreciation`, `DepreciationRate`, `CreateBy`, `CreateDate`, `UpdateBy`, `UpdateDate`) VALUES ('4020405', 'WASA Bill', 'Utility Expenses', '3', '1', '1', '0', 'E', '0', '0', '0.00', 'admin', '2015-10-15 18:58:51', '', '0000-00-00 00:00:00');
INSERT INTO `acc_coa` (`HeadCode`, `HeadName`, `PHeadName`, `HeadLevel`, `IsActive`, `IsTransaction`, `IsGL`, `HeadType`, `IsBudget`, `IsDepreciation`, `DepreciationRate`, `CreateBy`, `CreateDate`, `UpdateBy`, `UpdateDate`) VALUES ('1010402', 'Water Purifier', 'Others Assets', '3', '1', '1', '0', 'A', '0', '0', '0.00', 'admin', '2016-01-29 11:14:11', '', '0000-00-00 00:00:00');
INSERT INTO `acc_coa` (`HeadCode`, `HeadName`, `PHeadName`, `HeadLevel`, `IsActive`, `IsTransaction`, `IsGL`, `HeadType`, `IsBudget`, `IsDepreciation`, `DepreciationRate`, `CreateBy`, `CreateDate`, `UpdateBy`, `UpdateDate`) VALUES ('4020705', 'Website Development Expenses', 'Miscellaneous Expenses', '3', '1', '1', '0', 'E', '0', '0', '0.00', 'admin', '2016-10-15 12:42:47', '', '0000-00-00 00:00:00');


#
# TABLE STRUCTURE FOR: acc_transaction
#

DROP TABLE IF EXISTS `acc_transaction`;

CREATE TABLE `acc_transaction` (
  `ID` int(11) NOT NULL AUTO_INCREMENT,
  `VNo` varchar(50) COLLATE utf8_unicode_ci DEFAULT NULL,
  `Vtype` varchar(50) COLLATE utf8_unicode_ci DEFAULT NULL,
  `VDate` date DEFAULT NULL,
  `COAID` varchar(50) COLLATE utf8_unicode_ci NOT NULL,
  `Narration` text COLLATE utf8_unicode_ci,
  `Debit` decimal(18,2) DEFAULT NULL,
  `Credit` decimal(18,2) DEFAULT NULL,
  `StoreID` int(11) NOT NULL,
  `IsPosted` char(10) COLLATE utf8_unicode_ci DEFAULT NULL,
  `CreateBy` varchar(50) COLLATE utf8_unicode_ci DEFAULT NULL,
  `CreateDate` datetime DEFAULT NULL,
  `UpdateBy` varchar(50) COLLATE utf8_unicode_ci DEFAULT NULL,
  `UpdateDate` datetime DEFAULT NULL,
  `IsAppove` char(10) COLLATE utf8_unicode_ci DEFAULT NULL,
  UNIQUE KEY `ID` (`ID`)
) ENGINE=InnoDB AUTO_INCREMENT=5 DEFAULT CHARSET=utf8 COLLATE=utf8_unicode_ci;

INSERT INTO `acc_transaction` (`ID`, `VNo`, `Vtype`, `VDate`, `COAID`, `Narration`, `Debit`, `Credit`, `StoreID`, `IsPosted`, `CreateBy`, `CreateDate`, `UpdateBy`, `UpdateDate`, `IsAppove`) VALUES ('1', '1', 'GrantLoan', '2019-04-30', '1020101', 'Cash in hand Credit For Employee IdEV5FBIF1', '0.00', '1000.00', '0', '1', '2', '2019-04-30 10:59:18', NULL, NULL, '1');
INSERT INTO `acc_transaction` (`ID`, `VNo`, `Vtype`, `VDate`, `COAID`, `Narration`, `Debit`, `Credit`, `StoreID`, `IsPosted`, `CreateBy`, `CreateDate`, `UpdateBy`, `UpdateDate`, `IsAppove`) VALUES ('2', '1', 'Loan Grant', '2019-04-30', '502020000002', 'Payable For Employee IdEV5FBIF1', '1000.00', '0.00', '0', '1', '2', '2019-04-30 10:59:18', NULL, NULL, '1');
INSERT INTO `acc_transaction` (`ID`, `VNo`, `Vtype`, `VDate`, `COAID`, `Narration`, `Debit`, `Credit`, `StoreID`, `IsPosted`, `CreateBy`, `CreateDate`, `UpdateBy`, `UpdateDate`, `IsAppove`) VALUES ('3', '3', 'Salary', '2019-05-25', '1020101', 'Cash in hand Debit For Employee IdEV5FBIF1', '4958.37', '0.00', '0', '1', '2', '2019-05-25 11:30:39', NULL, NULL, '1');
INSERT INTO `acc_transaction` (`ID`, `VNo`, `Vtype`, `VDate`, `COAID`, `Narration`, `Debit`, `Credit`, `StoreID`, `IsPosted`, `CreateBy`, `CreateDate`, `UpdateBy`, `UpdateDate`, `IsAppove`) VALUES ('4', '3', 'Salary', '2019-05-25', '502020000002', 'Salary For Employee IdEV5FBIF1', '0.00', '4958.37', '0', '1', '2', '2019-05-25 11:30:39', NULL, NULL, '1');


#
# TABLE STRUCTURE FOR: acn_account_transaction
#

DROP TABLE IF EXISTS `acn_account_transaction`;

CREATE TABLE `acn_account_transaction` (
  `account_tran_id` int(11) unsigned NOT NULL AUTO_INCREMENT,
  `account_id` int(11) NOT NULL,
  `transaction_description` varchar(255) NOT NULL,
  `amount` varchar(25) NOT NULL,
  `tran_date` date NOT NULL,
  `payment_id` int(11) NOT NULL,
  `create_by_id` varchar(25) NOT NULL,
  PRIMARY KEY (`account_tran_id`)
) ENGINE=InnoDB DEFAULT CHARSET=utf8;

#
# TABLE STRUCTURE FOR: award
#

DROP TABLE IF EXISTS `award`;

CREATE TABLE `award` (
  `award_id` int(11) NOT NULL AUTO_INCREMENT,
  `award_name` varchar(50) NOT NULL,
  `aw_description` varchar(200) NOT NULL,
  `awr_gift_item` varchar(50) NOT NULL,
  `date` date NOT NULL,
  `employee_id` varchar(30) NOT NULL,
  `awarded_by` varchar(30) NOT NULL,
  PRIMARY KEY (`award_id`)
) ENGINE=InnoDB DEFAULT CHARSET=latin1;

#
# TABLE STRUCTURE FOR: branch
#

DROP TABLE IF EXISTS `branch`;

CREATE TABLE `branch` (
  `branch_id` int(11) NOT NULL AUTO_INCREMENT,
  `branch_name` varchar(20) NOT NULL,
  `branch_code` varchar(10) NOT NULL,
  `branch_address` text NOT NULL,
  PRIMARY KEY (`branch_id`)
) ENGINE=MyISAM AUTO_INCREMENT=7 DEFAULT CHARSET=latin1;

INSERT INTO `branch` (`branch_id`, `branch_name`, `branch_code`, `branch_address`) VALUES ('1', 'Head office', 's32e5', 'branch address');
INSERT INTO `branch` (`branch_id`, `branch_name`, `branch_code`, `branch_address`) VALUES ('3', 'Thalassery 3 wheeler', 'TLY 3W', 'Thalassery');
INSERT INTO `branch` (`branch_id`, `branch_name`, `branch_code`, `branch_address`) VALUES ('4', 'Thalassery', 'TLY', 'Thalassery');
INSERT INTO `branch` (`branch_id`, `branch_name`, `branch_code`, `branch_address`) VALUES ('5', 'PAYYANNUR', 'PYR', 'PAYYANNUR');
INSERT INTO `branch` (`branch_id`, `branch_name`, `branch_code`, `branch_address`) VALUES ('6', 'TALIPARAMBA', 'TLB', 'TALIPARAMBA');


#
# TABLE STRUCTURE FOR: candidate_basic_info
#

DROP TABLE IF EXISTS `candidate_basic_info`;

CREATE TABLE `candidate_basic_info` (
  `can_id` varchar(20) NOT NULL,
  `first_name` varchar(11) CHARACTER SET latin1 NOT NULL,
  `last_name` varchar(30) CHARACTER SET latin1 NOT NULL,
  `email` varchar(30) CHARACTER SET latin1 NOT NULL,
  `phone` varchar(20) CHARACTER SET latin1 NOT NULL,
  `alter_phone` varchar(20) CHARACTER SET latin1 NOT NULL,
  `present_address` varchar(100) CHARACTER SET latin1 NOT NULL,
  `parmanent_address` varchar(100) CHARACTER SET latin1 NOT NULL,
  `picture` text,
  `ssn` varchar(50) NOT NULL,
  `state` varchar(30) NOT NULL,
  `city` varchar(30) NOT NULL,
  `zip` int(11) NOT NULL,
  PRIMARY KEY (`can_id`)
) ENGINE=InnoDB DEFAULT CHARSET=utf8;

INSERT INTO `candidate_basic_info` (`can_id`, `first_name`, `last_name`, `email`, `phone`, `alter_phone`, `present_address`, `parmanent_address`, `picture`, `ssn`, `state`, `city`, `zip`) VALUES ('15580859689668S', 'Noufal', 'KV', 'noufalkv@gmail.com', '522967990', '', '', '', NULL, '', 'Afghanistan', '', '0');


#
# TABLE STRUCTURE FOR: candidate_education_info
#

DROP TABLE IF EXISTS `candidate_education_info`;

CREATE TABLE `candidate_education_info` (
  `can_edu_id` int(11) NOT NULL AUTO_INCREMENT,
  `can_id` varchar(30) NOT NULL,
  `degree_name` varchar(30) CHARACTER SET latin1 NOT NULL,
  `university_name` varchar(50) CHARACTER SET latin1 NOT NULL,
  `cgp` varchar(30) CHARACTER SET latin1 NOT NULL,
  `comments` varchar(50) CHARACTER SET latin1 DEFAULT NULL,
  `sequencee` varchar(255) CHARACTER SET latin1 DEFAULT NULL,
  PRIMARY KEY (`can_edu_id`)
) ENGINE=InnoDB AUTO_INCREMENT=3 DEFAULT CHARSET=utf8;

INSERT INTO `candidate_education_info` (`can_edu_id`, `can_id`, `degree_name`, `university_name`, `cgp`, `comments`, `sequencee`) VALUES ('1', '15580859689668S', 'asaS', 'asA', 'Sas', 'ASas', NULL);
INSERT INTO `candidate_education_info` (`can_edu_id`, `can_id`, `degree_name`, `university_name`, `cgp`, `comments`, `sequencee`) VALUES ('2', '15580859689668S', 'aSa', 'ASA', 'Sas', 'ASas', NULL);


#
# TABLE STRUCTURE FOR: candidate_interview
#

DROP TABLE IF EXISTS `candidate_interview`;

CREATE TABLE `candidate_interview` (
  `can_int_id` int(11) NOT NULL AUTO_INCREMENT,
  `can_id` varchar(30) CHARACTER SET latin1 NOT NULL,
  `job_adv_id` varchar(50) CHARACTER SET latin1 NOT NULL,
  `interview_date` varchar(30) CHARACTER SET latin1 NOT NULL,
  `interviewer_id` varchar(50) CHARACTER SET latin1 NOT NULL,
  `interview_marks` varchar(50) CHARACTER SET latin1 NOT NULL,
  `written_total_marks` varchar(50) CHARACTER SET latin1 NOT NULL,
  `mcq_total_marks` varchar(50) CHARACTER SET latin1 NOT NULL,
  `total_marks` varchar(30) NOT NULL,
  `recommandation` varchar(50) CHARACTER SET latin1 NOT NULL,
  `selection` varchar(50) CHARACTER SET latin1 NOT NULL,
  `details` varchar(50) CHARACTER SET latin1 NOT NULL,
  PRIMARY KEY (`can_int_id`)
) ENGINE=InnoDB DEFAULT CHARSET=utf8;

#
# TABLE STRUCTURE FOR: candidate_selection
#

DROP TABLE IF EXISTS `candidate_selection`;

CREATE TABLE `candidate_selection` (
  `can_sel_id` int(11) NOT NULL AUTO_INCREMENT,
  `can_id` varchar(30) CHARACTER SET latin1 NOT NULL,
  `employee_id` varchar(50) CHARACTER SET latin1 NOT NULL,
  `pos_id` varchar(30) CHARACTER SET latin1 NOT NULL,
  `selection_terms` varchar(50) CHARACTER SET latin1 DEFAULT NULL,
  PRIMARY KEY (`can_sel_id`)
) ENGINE=InnoDB DEFAULT CHARSET=utf8;

#
# TABLE STRUCTURE FOR: candidate_shortlist
#

DROP TABLE IF EXISTS `candidate_shortlist`;

CREATE TABLE `candidate_shortlist` (
  `can_short_id` int(11) NOT NULL AUTO_INCREMENT,
  `can_id` varchar(30) CHARACTER SET latin1 NOT NULL,
  `job_adv_id` int(11) NOT NULL,
  `date_of_shortlist` varchar(50) CHARACTER SET latin1 NOT NULL,
  `interview_date` varchar(30) CHARACTER SET latin1 NOT NULL,
  PRIMARY KEY (`can_short_id`)
) ENGINE=InnoDB DEFAULT CHARSET=utf8;

#
# TABLE STRUCTURE FOR: candidate_workexperience
#

DROP TABLE IF EXISTS `candidate_workexperience`;

CREATE TABLE `candidate_workexperience` (
  `can_workexp_id` int(11) NOT NULL AUTO_INCREMENT,
  `can_id` varchar(30) CHARACTER SET latin1 NOT NULL,
  `company_name` varchar(50) CHARACTER SET latin1 NOT NULL,
  `working_period` varchar(50) CHARACTER SET latin1 NOT NULL,
  `duties` varchar(30) CHARACTER SET latin1 NOT NULL,
  `supervisor` varchar(50) CHARACTER SET latin1 NOT NULL,
  `sequencee` varchar(10) CHARACTER SET latin1 NOT NULL,
  PRIMARY KEY (`can_workexp_id`)
) ENGINE=InnoDB AUTO_INCREMENT=3 DEFAULT CHARSET=utf8;

INSERT INTO `candidate_workexperience` (`can_workexp_id`, `can_id`, `company_name`, `working_period`, `duties`, `supervisor`, `sequencee`) VALUES ('1', '15580859689668S', 'ASAsa', 'ad', 'asda', 'asda', '');
INSERT INTO `candidate_workexperience` (`can_workexp_id`, `can_id`, `company_name`, `working_period`, `duties`, `supervisor`, `sequencee`) VALUES ('2', '15580859689668S', 'sadas', 'dasd', 'sad', 'asd', '');


#
# TABLE STRUCTURE FOR: category
#

DROP TABLE IF EXISTS `category`;

CREATE TABLE `category` (
  `cat_id` int(11) NOT NULL AUTO_INCREMENT,
  `category_name` varchar(100) NOT NULL,
  `parent_id` int(11) NOT NULL,
  PRIMARY KEY (`cat_id`)
) ENGINE=InnoDB AUTO_INCREMENT=11 DEFAULT CHARSET=latin1;

INSERT INTO `category` (`cat_id`, `category_name`, `parent_id`) VALUES ('1', 'abc', '0');


#
# TABLE STRUCTURE FOR: custom_table
#

DROP TABLE IF EXISTS `custom_table`;

CREATE TABLE `custom_table` (
  `custom_id` int(11) NOT NULL AUTO_INCREMENT,
  `custom_field` varchar(100) NOT NULL,
  `custom_data_type` int(11) NOT NULL,
  `custom_data` text NOT NULL,
  `employee_id` varchar(20) NOT NULL,
  PRIMARY KEY (`custom_id`)
) ENGINE=InnoDB AUTO_INCREMENT=5 DEFAULT CHARSET=latin1;

#
# TABLE STRUCTURE FOR: department
#

DROP TABLE IF EXISTS `department`;

CREATE TABLE `department` (
  `dept_id` int(11) NOT NULL AUTO_INCREMENT,
  `department_name` varchar(100) NOT NULL,
  `parent_id` int(11) NOT NULL,
  PRIMARY KEY (`dept_id`)
) ENGINE=InnoDB AUTO_INCREMENT=11 DEFAULT CHARSET=latin1;

INSERT INTO `department` (`dept_id`, `department_name`, `parent_id`) VALUES ('1', 'Admin', '0');
INSERT INTO `department` (`dept_id`, `department_name`, `parent_id`) VALUES ('2', 'Human Resource', '0');
INSERT INTO `department` (`dept_id`, `department_name`, `parent_id`) VALUES ('3', 'Accounts', '0');
INSERT INTO `department` (`dept_id`, `department_name`, `parent_id`) VALUES ('4', 'Sales', '0');
INSERT INTO `department` (`dept_id`, `department_name`, `parent_id`) VALUES ('5', 'Information Technology', '0');
INSERT INTO `department` (`dept_id`, `department_name`, `parent_id`) VALUES ('6', 'HR Division', '2');
INSERT INTO `department` (`dept_id`, `department_name`, `parent_id`) VALUES ('7', 'Accounts Division', '3');
INSERT INTO `department` (`dept_id`, `department_name`, `parent_id`) VALUES ('8', 'IT division', '5');
INSERT INTO `department` (`dept_id`, `department_name`, `parent_id`) VALUES ('9', 'Sales division', '4');
INSERT INTO `department` (`dept_id`, `department_name`, `parent_id`) VALUES ('10', 'test division', '1');


#
# TABLE STRUCTURE FOR: duty_type
#

DROP TABLE IF EXISTS `duty_type`;

CREATE TABLE `duty_type` (
  `id` int(11) NOT NULL AUTO_INCREMENT,
  `type_name` varchar(30) NOT NULL,
  PRIMARY KEY (`id`)
) ENGINE=InnoDB AUTO_INCREMENT=5 DEFAULT CHARSET=latin1;

INSERT INTO `duty_type` (`id`, `type_name`) VALUES ('1', 'Full Time');
INSERT INTO `duty_type` (`id`, `type_name`) VALUES ('2', 'Part Time');
INSERT INTO `duty_type` (`id`, `type_name`) VALUES ('3', 'Contructual');
INSERT INTO `duty_type` (`id`, `type_name`) VALUES ('4', 'Other');


#
# TABLE STRUCTURE FOR: emp_attendance
#

DROP TABLE IF EXISTS `emp_attendance`;

CREATE TABLE `emp_attendance` (
  `att_id` int(10) unsigned NOT NULL AUTO_INCREMENT,
  `employee_id` varchar(50) CHARACTER SET latin1 NOT NULL,
  `date` varchar(30) CHARACTER SET latin1 NOT NULL,
  `sign_in` varchar(30) CHARACTER SET latin1 DEFAULT NULL,
  `sign_out` varchar(30) CHARACTER SET latin1 DEFAULT NULL,
  `staytime` time DEFAULT NULL,
  PRIMARY KEY (`att_id`)
) ENGINE=InnoDB AUTO_INCREMENT=7 DEFAULT CHARSET=utf8;

INSERT INTO `emp_attendance` (`att_id`, `employee_id`, `date`, `sign_in`, `sign_out`, `staytime`) VALUES ('3', 'EV5FBIF1', '2019-05-17', '12:13:27 pm', '12:13:54 pm', '00:00:27');
INSERT INTO `emp_attendance` (`att_id`, `employee_id`, `date`, `sign_in`, `sign_out`, `staytime`) VALUES ('4', 'EV5FBIF1', '2019-05-17', '12:34:18 pm', '12:35:44 pm', '00:01:26');
INSERT INTO `emp_attendance` (`att_id`, `employee_id`, `date`, `sign_in`, `sign_out`, `staytime`) VALUES ('5', 'E33ERDWE', '2019-05-24', '08:25:15', '17:30:15', '03:50:23');
INSERT INTO `emp_attendance` (`att_id`, `employee_id`, `date`, `sign_in`, `sign_out`, `staytime`) VALUES ('6', 'EKMW6NFV', '2019-05-25', '01:00:40 pm', '05:43:34 pm', '04:42:54');


#
# TABLE STRUCTURE FOR: employee_bank
#

DROP TABLE IF EXISTS `employee_bank`;

CREATE TABLE `employee_bank` (
  `emp_bank_id` int(11) NOT NULL AUTO_INCREMENT,
  `employee_id` varchar(30) NOT NULL,
  `bank_name` varchar(250) NOT NULL,
  `ifsc` varchar(250) NOT NULL,
  `account_name` varchar(250) NOT NULL,
  `account_no` varchar(250) NOT NULL,
  PRIMARY KEY (`emp_bank_id`)
) ENGINE=MyISAM AUTO_INCREMENT=15 DEFAULT CHARSET=latin1;

INSERT INTO `employee_bank` (`emp_bank_id`, `employee_id`, `bank_name`, `ifsc`, `account_name`, `account_no`) VALUES ('1', 'E95X88WW', 'nnn', 'nnn', 'nnn', 'nnn');
INSERT INTO `employee_bank` (`emp_bank_id`, `employee_id`, `bank_name`, `ifsc`, `account_name`, `account_no`) VALUES ('2', 'EY8K9EYU', '', '', '', '');
INSERT INTO `employee_bank` (`emp_bank_id`, `employee_id`, `bank_name`, `ifsc`, `account_name`, `account_no`) VALUES ('3', 'EBSHV96U', 'ttte', 'ttte      ', 'ttte', 'ttte');
INSERT INTO `employee_bank` (`emp_bank_id`, `employee_id`, `bank_name`, `ifsc`, `account_name`, `account_no`) VALUES ('4', 'E33ERDWE', 'CANARA BANK', 'CNRB0001139 ', 'PRAKASHAN T M', '44565456');
INSERT INTO `employee_bank` (`emp_bank_id`, `employee_id`, `bank_name`, `ifsc`, `account_name`, `account_no`) VALUES ('5', 'EGVCV82Q', '', '  ', '', '');
INSERT INTO `employee_bank` (`emp_bank_id`, `employee_id`, `bank_name`, `ifsc`, `account_name`, `account_no`) VALUES ('6', 'EKMW6NFV', '', ' ', '', '');
INSERT INTO `employee_bank` (`emp_bank_id`, `employee_id`, `bank_name`, `ifsc`, `account_name`, `account_no`) VALUES ('7', 'E50ZTFZ6', '', ' ', '', '');
INSERT INTO `employee_bank` (`emp_bank_id`, `employee_id`, `bank_name`, `ifsc`, `account_name`, `account_no`) VALUES ('8', 'ESZS2ZJV', '', ' ', '', '');
INSERT INTO `employee_bank` (`emp_bank_id`, `employee_id`, `bank_name`, `ifsc`, `account_name`, `account_no`) VALUES ('9', 'EXQACXHN', '', ' ', '', '');
INSERT INTO `employee_bank` (`emp_bank_id`, `employee_id`, `bank_name`, `ifsc`, `account_name`, `account_no`) VALUES ('10', 'EU8ZCPY3', '', ' ', '', '');
INSERT INTO `employee_bank` (`emp_bank_id`, `employee_id`, `bank_name`, `ifsc`, `account_name`, `account_no`) VALUES ('11', 'EZG37D5H', '', ' ', '', '');
INSERT INTO `employee_bank` (`emp_bank_id`, `employee_id`, `bank_name`, `ifsc`, `account_name`, `account_no`) VALUES ('12', 'E1BWSL99', '', '  ', '', '');
INSERT INTO `employee_bank` (`emp_bank_id`, `employee_id`, `bank_name`, `ifsc`, `account_name`, `account_no`) VALUES ('13', 'EH66T9HS', '', '  ', '', '');


#
# TABLE STRUCTURE FOR: employee_benifit
#

DROP TABLE IF EXISTS `employee_benifit`;

CREATE TABLE `employee_benifit` (
  `id` int(11) NOT NULL AUTO_INCREMENT,
  `bnf_cl_code` varchar(100) NOT NULL,
  `bnf_cl_code_des` varchar(250) NOT NULL,
  `bnff_acural_date` date NOT NULL,
  `bnf_status` tinyint(4) NOT NULL,
  `employee_id` varchar(30) NOT NULL,
  PRIMARY KEY (`id`)
) ENGINE=InnoDB AUTO_INCREMENT=5 DEFAULT CHARSET=latin1;

#
# TABLE STRUCTURE FOR: employee_education
#

DROP TABLE IF EXISTS `employee_education`;

CREATE TABLE `employee_education` (
  `emp_edu_id` int(11) NOT NULL AUTO_INCREMENT,
  `employee_id` varchar(30) NOT NULL,
  `tenth_course` varchar(250) NOT NULL,
  `tenth_institution` varchar(250) NOT NULL,
  `tenth_year_of_passing` varchar(250) NOT NULL,
  `plus_two_predeeree_dipl_course` varchar(250) NOT NULL,
  `plus_two_predeeree_dipl_institution` varchar(250) NOT NULL,
  `plus_two_predeeree_dipl_year_of_passing` varchar(250) NOT NULL,
  `graduation_course` varchar(250) NOT NULL,
  `graduation_institution` varchar(250) NOT NULL,
  `graduation_year_of_passing` varchar(250) NOT NULL,
  `post_graduation_course` varchar(250) NOT NULL,
  `post_graduation_institution` varchar(250) NOT NULL,
  `post_graduation_year_of_passing` varchar(250) NOT NULL,
  `aq_course` varchar(250) NOT NULL,
  `aq_institution` varchar(250) NOT NULL,
  `aq_year_of_passing` varchar(250) NOT NULL,
  `computer_knowledge_course` varchar(250) NOT NULL,
  `computer_knowledge_institution` varchar(250) NOT NULL,
  `computer_knowledge_year_of_passing` varchar(250) NOT NULL,
  PRIMARY KEY (`emp_edu_id`)
) ENGINE=MyISAM AUTO_INCREMENT=24 DEFAULT CHARSET=latin1;

INSERT INTO `employee_education` (`emp_edu_id`, `employee_id`, `tenth_course`, `tenth_institution`, `tenth_year_of_passing`, `plus_two_predeeree_dipl_course`, `plus_two_predeeree_dipl_institution`, `plus_two_predeeree_dipl_year_of_passing`, `graduation_course`, `graduation_institution`, `graduation_year_of_passing`, `post_graduation_course`, `post_graduation_institution`, `post_graduation_year_of_passing`, `aq_course`, `aq_institution`, `aq_year_of_passing`, `computer_knowledge_course`, `computer_knowledge_institution`, `computer_knowledge_year_of_passing`) VALUES ('2', 'EZHM3EZ8', '111', '111', '111', '222', '222', '222', '333', '333', '333', '444', '444', '444', '666', '666', '666', '777', '777', '777');
INSERT INTO `employee_education` (`emp_edu_id`, `employee_id`, `tenth_course`, `tenth_institution`, `tenth_year_of_passing`, `plus_two_predeeree_dipl_course`, `plus_two_predeeree_dipl_institution`, `plus_two_predeeree_dipl_year_of_passing`, `graduation_course`, `graduation_institution`, `graduation_year_of_passing`, `post_graduation_course`, `post_graduation_institution`, `post_graduation_year_of_passing`, `aq_course`, `aq_institution`, `aq_year_of_passing`, `computer_knowledge_course`, `computer_knowledge_institution`, `computer_knowledge_year_of_passing`) VALUES ('3', 'EO18886X', '', '', '', '', '', '', '', '', '', '', '', '', '', '', '', '', '', '');
INSERT INTO `employee_education` (`emp_edu_id`, `employee_id`, `tenth_course`, `tenth_institution`, `tenth_year_of_passing`, `plus_two_predeeree_dipl_course`, `plus_two_predeeree_dipl_institution`, `plus_two_predeeree_dipl_year_of_passing`, `graduation_course`, `graduation_institution`, `graduation_year_of_passing`, `post_graduation_course`, `post_graduation_institution`, `post_graduation_year_of_passing`, `aq_course`, `aq_institution`, `aq_year_of_passing`, `computer_knowledge_course`, `computer_knowledge_institution`, `computer_knowledge_year_of_passing`) VALUES ('4', 'E1QVSAOO', 'eee1e', 'eee2e', 'eee3e', 'eee4e', 'eee5e', 'eee6e', 'eee7e', 'eee8e', 'eee9e', 'eee10e', 'eee11e', 'eee12e', 'eee13e', 'eee14e', 'eee15e', 'eee16e', 'eee17e', 'eee18e');
INSERT INTO `employee_education` (`emp_edu_id`, `employee_id`, `tenth_course`, `tenth_institution`, `tenth_year_of_passing`, `plus_two_predeeree_dipl_course`, `plus_two_predeeree_dipl_institution`, `plus_two_predeeree_dipl_year_of_passing`, `graduation_course`, `graduation_institution`, `graduation_year_of_passing`, `post_graduation_course`, `post_graduation_institution`, `post_graduation_year_of_passing`, `aq_course`, `aq_institution`, `aq_year_of_passing`, `computer_knowledge_course`, `computer_knowledge_institution`, `computer_knowledge_year_of_passing`) VALUES ('16', 'E50ZTFZ6', '', '', '', '', '', '', '', '', '', '', '', '', '', '', '', '', '', '');
INSERT INTO `employee_education` (`emp_edu_id`, `employee_id`, `tenth_course`, `tenth_institution`, `tenth_year_of_passing`, `plus_two_predeeree_dipl_course`, `plus_two_predeeree_dipl_institution`, `plus_two_predeeree_dipl_year_of_passing`, `graduation_course`, `graduation_institution`, `graduation_year_of_passing`, `post_graduation_course`, `post_graduation_institution`, `post_graduation_year_of_passing`, `aq_course`, `aq_institution`, `aq_year_of_passing`, `computer_knowledge_course`, `computer_knowledge_institution`, `computer_knowledge_year_of_passing`) VALUES ('15', 'EKMW6NFV', '', '', '', '', '', '', '', '', '', '', '', '', '', '', '', '', '', '');
INSERT INTO `employee_education` (`emp_edu_id`, `employee_id`, `tenth_course`, `tenth_institution`, `tenth_year_of_passing`, `plus_two_predeeree_dipl_course`, `plus_two_predeeree_dipl_institution`, `plus_two_predeeree_dipl_year_of_passing`, `graduation_course`, `graduation_institution`, `graduation_year_of_passing`, `post_graduation_course`, `post_graduation_institution`, `post_graduation_year_of_passing`, `aq_course`, `aq_institution`, `aq_year_of_passing`, `computer_knowledge_course`, `computer_knowledge_institution`, `computer_knowledge_year_of_passing`) VALUES ('13', 'E33ERDWE', '', '', '', '', '', '', '', '', '', '', '', '', '', '', '', '', '', '');
INSERT INTO `employee_education` (`emp_edu_id`, `employee_id`, `tenth_course`, `tenth_institution`, `tenth_year_of_passing`, `plus_two_predeeree_dipl_course`, `plus_two_predeeree_dipl_institution`, `plus_two_predeeree_dipl_year_of_passing`, `graduation_course`, `graduation_institution`, `graduation_year_of_passing`, `post_graduation_course`, `post_graduation_institution`, `post_graduation_year_of_passing`, `aq_course`, `aq_institution`, `aq_year_of_passing`, `computer_knowledge_course`, `computer_knowledge_institution`, `computer_knowledge_year_of_passing`) VALUES ('14', 'EGVCV82Q', '', '', '', '', '', '', '', '', '', '', '', '', '', '', '', '', '', '');
INSERT INTO `employee_education` (`emp_edu_id`, `employee_id`, `tenth_course`, `tenth_institution`, `tenth_year_of_passing`, `plus_two_predeeree_dipl_course`, `plus_two_predeeree_dipl_institution`, `plus_two_predeeree_dipl_year_of_passing`, `graduation_course`, `graduation_institution`, `graduation_year_of_passing`, `post_graduation_course`, `post_graduation_institution`, `post_graduation_year_of_passing`, `aq_course`, `aq_institution`, `aq_year_of_passing`, `computer_knowledge_course`, `computer_knowledge_institution`, `computer_knowledge_year_of_passing`) VALUES ('7', 'E1YMUWX3', 'nnn', 'nn', 'nnn', 'nnn', 'nnn', 'nnn', 'nnn', 'nnn', 'nnn', 'nnn', 'nnn', 'nnn', 'nnn', 'nnn', 'nnn', 'nnn', 'nnn', 'nnn');
INSERT INTO `employee_education` (`emp_edu_id`, `employee_id`, `tenth_course`, `tenth_institution`, `tenth_year_of_passing`, `plus_two_predeeree_dipl_course`, `plus_two_predeeree_dipl_institution`, `plus_two_predeeree_dipl_year_of_passing`, `graduation_course`, `graduation_institution`, `graduation_year_of_passing`, `post_graduation_course`, `post_graduation_institution`, `post_graduation_year_of_passing`, `aq_course`, `aq_institution`, `aq_year_of_passing`, `computer_knowledge_course`, `computer_knowledge_institution`, `computer_knowledge_year_of_passing`) VALUES ('8', 'EXXLJF53', '', '', '', '', '', '', '', '', '', '', '', '', '', '', '', '', '', '');
INSERT INTO `employee_education` (`emp_edu_id`, `employee_id`, `tenth_course`, `tenth_institution`, `tenth_year_of_passing`, `plus_two_predeeree_dipl_course`, `plus_two_predeeree_dipl_institution`, `plus_two_predeeree_dipl_year_of_passing`, `graduation_course`, `graduation_institution`, `graduation_year_of_passing`, `post_graduation_course`, `post_graduation_institution`, `post_graduation_year_of_passing`, `aq_course`, `aq_institution`, `aq_year_of_passing`, `computer_knowledge_course`, `computer_knowledge_institution`, `computer_knowledge_year_of_passing`) VALUES ('9', 'ECX17MG4', '', '', '', '', '', '', '', '', '', '', '', '', '', '', '', '', '', '');
INSERT INTO `employee_education` (`emp_edu_id`, `employee_id`, `tenth_course`, `tenth_institution`, `tenth_year_of_passing`, `plus_two_predeeree_dipl_course`, `plus_two_predeeree_dipl_institution`, `plus_two_predeeree_dipl_year_of_passing`, `graduation_course`, `graduation_institution`, `graduation_year_of_passing`, `post_graduation_course`, `post_graduation_institution`, `post_graduation_year_of_passing`, `aq_course`, `aq_institution`, `aq_year_of_passing`, `computer_knowledge_course`, `computer_knowledge_institution`, `computer_knowledge_year_of_passing`) VALUES ('12', 'EBSHV96U', '', '', '', '', '', '', '', '', '', '', '', '', '', '', '', '', '', '');
INSERT INTO `employee_education` (`emp_edu_id`, `employee_id`, `tenth_course`, `tenth_institution`, `tenth_year_of_passing`, `plus_two_predeeree_dipl_course`, `plus_two_predeeree_dipl_institution`, `plus_two_predeeree_dipl_year_of_passing`, `graduation_course`, `graduation_institution`, `graduation_year_of_passing`, `post_graduation_course`, `post_graduation_institution`, `post_graduation_year_of_passing`, `aq_course`, `aq_institution`, `aq_year_of_passing`, `computer_knowledge_course`, `computer_knowledge_institution`, `computer_knowledge_year_of_passing`) VALUES ('17', 'ESZS2ZJV', '', '', '', '', '', '', '', '', '', '', '', '', '', '', '', '', '', '');
INSERT INTO `employee_education` (`emp_edu_id`, `employee_id`, `tenth_course`, `tenth_institution`, `tenth_year_of_passing`, `plus_two_predeeree_dipl_course`, `plus_two_predeeree_dipl_institution`, `plus_two_predeeree_dipl_year_of_passing`, `graduation_course`, `graduation_institution`, `graduation_year_of_passing`, `post_graduation_course`, `post_graduation_institution`, `post_graduation_year_of_passing`, `aq_course`, `aq_institution`, `aq_year_of_passing`, `computer_knowledge_course`, `computer_knowledge_institution`, `computer_knowledge_year_of_passing`) VALUES ('18', 'EXQACXHN', '', '', '', '', '', '', '', '', '', '', '', '', '', '', '', '', '', '');
INSERT INTO `employee_education` (`emp_edu_id`, `employee_id`, `tenth_course`, `tenth_institution`, `tenth_year_of_passing`, `plus_two_predeeree_dipl_course`, `plus_two_predeeree_dipl_institution`, `plus_two_predeeree_dipl_year_of_passing`, `graduation_course`, `graduation_institution`, `graduation_year_of_passing`, `post_graduation_course`, `post_graduation_institution`, `post_graduation_year_of_passing`, `aq_course`, `aq_institution`, `aq_year_of_passing`, `computer_knowledge_course`, `computer_knowledge_institution`, `computer_knowledge_year_of_passing`) VALUES ('19', 'EU8ZCPY3', '', '', '', '', '', '', '', '', '', '', '', '', '', '', '', '', '', '');
INSERT INTO `employee_education` (`emp_edu_id`, `employee_id`, `tenth_course`, `tenth_institution`, `tenth_year_of_passing`, `plus_two_predeeree_dipl_course`, `plus_two_predeeree_dipl_institution`, `plus_two_predeeree_dipl_year_of_passing`, `graduation_course`, `graduation_institution`, `graduation_year_of_passing`, `post_graduation_course`, `post_graduation_institution`, `post_graduation_year_of_passing`, `aq_course`, `aq_institution`, `aq_year_of_passing`, `computer_knowledge_course`, `computer_knowledge_institution`, `computer_knowledge_year_of_passing`) VALUES ('20', 'EZG37D5H', '', '', '', '', '', '', '', '', '', '', '', '', '', '', '', '', '', '');
INSERT INTO `employee_education` (`emp_edu_id`, `employee_id`, `tenth_course`, `tenth_institution`, `tenth_year_of_passing`, `plus_two_predeeree_dipl_course`, `plus_two_predeeree_dipl_institution`, `plus_two_predeeree_dipl_year_of_passing`, `graduation_course`, `graduation_institution`, `graduation_year_of_passing`, `post_graduation_course`, `post_graduation_institution`, `post_graduation_year_of_passing`, `aq_course`, `aq_institution`, `aq_year_of_passing`, `computer_knowledge_course`, `computer_knowledge_institution`, `computer_knowledge_year_of_passing`) VALUES ('21', 'E1BWSL99', '', '', '', '', '', '', '', '', '', '', '', '', '', '', '', '', '', '');
INSERT INTO `employee_education` (`emp_edu_id`, `employee_id`, `tenth_course`, `tenth_institution`, `tenth_year_of_passing`, `plus_two_predeeree_dipl_course`, `plus_two_predeeree_dipl_institution`, `plus_two_predeeree_dipl_year_of_passing`, `graduation_course`, `graduation_institution`, `graduation_year_of_passing`, `post_graduation_course`, `post_graduation_institution`, `post_graduation_year_of_passing`, `aq_course`, `aq_institution`, `aq_year_of_passing`, `computer_knowledge_course`, `computer_knowledge_institution`, `computer_knowledge_year_of_passing`) VALUES ('22', 'EH66T9HS', '', '', '', '', '', '', '', '', '', '', '', '', '', '', '', '', '', '');


#
# TABLE STRUCTURE FOR: employee_equipment
#

DROP TABLE IF EXISTS `employee_equipment`;

CREATE TABLE `employee_equipment` (
  `id` int(11) NOT NULL AUTO_INCREMENT,
  `employee_id` varchar(20) NOT NULL,
  `equipment_id` int(11) NOT NULL,
  `issue_date` date NOT NULL,
  `damarage_desc` text NOT NULL,
  `return_date` date NOT NULL,
  PRIMARY KEY (`id`)
) ENGINE=InnoDB AUTO_INCREMENT=9 DEFAULT CHARSET=latin1;

INSERT INTO `employee_equipment` (`id`, `employee_id`, `equipment_id`, `issue_date`, `damarage_desc`, `return_date`) VALUES ('1', 'EV5FBIF1', '0', '0000-00-00', '', '0000-00-00');
INSERT INTO `employee_equipment` (`id`, `employee_id`, `equipment_id`, `issue_date`, `damarage_desc`, `return_date`) VALUES ('2', 'E33ERDWE', '0', '0000-00-00', '', '0000-00-00');
INSERT INTO `employee_equipment` (`id`, `employee_id`, `equipment_id`, `issue_date`, `damarage_desc`, `return_date`) VALUES ('3', 'EKMW6NFV', '0', '0000-00-00', '', '0000-00-00');
INSERT INTO `employee_equipment` (`id`, `employee_id`, `equipment_id`, `issue_date`, `damarage_desc`, `return_date`) VALUES ('4', 'EXQACXHN', '0', '0000-00-00', '', '0000-00-00');
INSERT INTO `employee_equipment` (`id`, `employee_id`, `equipment_id`, `issue_date`, `damarage_desc`, `return_date`) VALUES ('5', 'EBSHV96U', '0', '0000-00-00', '', '0000-00-00');
INSERT INTO `employee_equipment` (`id`, `employee_id`, `equipment_id`, `issue_date`, `damarage_desc`, `return_date`) VALUES ('6', 'EBSHV96U', '6', '0000-00-00', '', '0000-00-00');
INSERT INTO `employee_equipment` (`id`, `employee_id`, `equipment_id`, `issue_date`, `damarage_desc`, `return_date`) VALUES ('7', 'EBSHV96U', '5', '2019-05-16', '', '0000-00-00');
INSERT INTO `employee_equipment` (`id`, `employee_id`, `equipment_id`, `issue_date`, `damarage_desc`, `return_date`) VALUES ('8', 'EBSHV96U', '0', '0000-00-00', '', '0000-00-00');


#
# TABLE STRUCTURE FOR: employee_evaluation
#

DROP TABLE IF EXISTS `employee_evaluation`;

CREATE TABLE `employee_evaluation` (
  `eval_id` int(100) NOT NULL AUTO_INCREMENT,
  `employee_id` varchar(30) NOT NULL,
  `qow_outofmark` varchar(50) NOT NULL,
  `qow_q1` varchar(200) NOT NULL,
  `qow_q2` varchar(200) NOT NULL,
  `qow_q3` varchar(200) NOT NULL,
  `qow_total` varchar(200) DEFAULT NULL,
  `wh_outofmark` varchar(50) NOT NULL,
  `wh_q1` varchar(200) NOT NULL,
  `wh_q2` varchar(200) NOT NULL,
  `wh_q3` varchar(200) NOT NULL,
  `wh_q4` varchar(100) NOT NULL,
  `wh_total` varchar(200) DEFAULT NULL,
  `jk_outofmark` varchar(50) NOT NULL,
  `jk_q1` varchar(200) NOT NULL,
  `jk_q2` varchar(200) NOT NULL,
  `jk_q3` varchar(200) NOT NULL,
  `jk_total` varchar(200) DEFAULT NULL,
  `irb_outofmark` varchar(50) NOT NULL,
  `irb_q1` varchar(200) NOT NULL,
  `irb_q2` varchar(200) NOT NULL,
  `irb_q3` varchar(200) NOT NULL,
  `irb_q4` varchar(200) NOT NULL,
  `irb_q5` varchar(200) NOT NULL,
  `irb_q6` varchar(200) NOT NULL,
  `irb_total` varchar(200) DEFAULT NULL,
  `leader_outofmark` varchar(50) NOT NULL,
  `leader_q1` varchar(200) NOT NULL,
  `leader_q2` varchar(200) NOT NULL,
  `leader_q3` varchar(200) NOT NULL,
  `leader_total` varchar(200) DEFAULT NULL,
  `op_q1` varchar(200) NOT NULL,
  `op_q2` varchar(200) NOT NULL,
  `op_q3` varchar(200) NOT NULL,
  `recommendation` varchar(600) NOT NULL,
  `final_comment` varchar(600) NOT NULL,
  `evaluator_name` varchar(600) NOT NULL,
  `dateval` date NOT NULL,
  `eval_purpose` varchar(1000) NOT NULL,
  `start_date` date NOT NULL,
  `end_date` date NOT NULL,
  `total` varchar(100) NOT NULL,
  PRIMARY KEY (`eval_id`)
) ENGINE=MyISAM AUTO_INCREMENT=11 DEFAULT CHARSET=latin1;

INSERT INTO `employee_evaluation` (`eval_id`, `employee_id`, `qow_outofmark`, `qow_q1`, `qow_q2`, `qow_q3`, `qow_total`, `wh_outofmark`, `wh_q1`, `wh_q2`, `wh_q3`, `wh_q4`, `wh_total`, `jk_outofmark`, `jk_q1`, `jk_q2`, `jk_q3`, `jk_total`, `irb_outofmark`, `irb_q1`, `irb_q2`, `irb_q3`, `irb_q4`, `irb_q5`, `irb_q6`, `irb_total`, `leader_outofmark`, `leader_q1`, `leader_q2`, `leader_q3`, `leader_total`, `op_q1`, `op_q2`, `op_q3`, `recommendation`, `final_comment`, `evaluator_name`, `dateval`, `eval_purpose`, `start_date`, `end_date`, `total`) VALUES ('1', 'EV5FBIF1', '15', '5', '4', '5', '9', '20', '5', '5', '4', '5', '9', '15', '5', '5', '5', '8', '25', '5', '5', '5', '2', '2', '1', '8', '25', '4', '1', '3', '5', '0', '0', '0', 'eetwrtreeyr', 'qwertyu', 'Nidhin VK', '2019-05-21', 'qwrtuyyuyu', '2019-05-24', '2019-05-21', '30');
INSERT INTO `employee_evaluation` (`eval_id`, `employee_id`, `qow_outofmark`, `qow_q1`, `qow_q2`, `qow_q3`, `qow_total`, `wh_outofmark`, `wh_q1`, `wh_q2`, `wh_q3`, `wh_q4`, `wh_total`, `jk_outofmark`, `jk_q1`, `jk_q2`, `jk_q3`, `jk_total`, `irb_outofmark`, `irb_q1`, `irb_q2`, `irb_q3`, `irb_q4`, `irb_q5`, `irb_q6`, `irb_total`, `leader_outofmark`, `leader_q1`, `leader_q2`, `leader_q3`, `leader_total`, `op_q1`, `op_q2`, `op_q3`, `recommendation`, `final_comment`, `evaluator_name`, `dateval`, `eval_purpose`, `start_date`, `end_date`, `total`) VALUES ('2', 'EV5FBIF1', '15', '1', '2', '4', '7', '20', '3', '3', '4', '3', '13', '15', '4', '2', '1', '7', '25', '2', '2', '2', '2', '3', '1', '11', '25', '2', '1', '2', '5', '1', '1', '1', 'qwerty', 'qwerty', 'Nidhin VK', '2019-05-22', 'qwrtuyyuyu', '2019-05-06', '2019-05-20', '40');
INSERT INTO `employee_evaluation` (`eval_id`, `employee_id`, `qow_outofmark`, `qow_q1`, `qow_q2`, `qow_q3`, `qow_total`, `wh_outofmark`, `wh_q1`, `wh_q2`, `wh_q3`, `wh_q4`, `wh_total`, `jk_outofmark`, `jk_q1`, `jk_q2`, `jk_q3`, `jk_total`, `irb_outofmark`, `irb_q1`, `irb_q2`, `irb_q3`, `irb_q4`, `irb_q5`, `irb_q6`, `irb_total`, `leader_outofmark`, `leader_q1`, `leader_q2`, `leader_q3`, `leader_total`, `op_q1`, `op_q2`, `op_q3`, `recommendation`, `final_comment`, `evaluator_name`, `dateval`, `eval_purpose`, `start_date`, `end_date`, `total`) VALUES ('4', 'EV5FBIF1', '15', '2', '2', '1', '5', '20', '2', '2', '2', '2', '8', '15', '2', '2', '2', '6', '25', '2', '2', '2', '2', '2', '1', '10', '25', '2', '2', '2', '6', '1', '1', '1', 'ftggdgf', 'wertrs', 'Nidhin VK', '2019-06-26', 'qwrtuyyuyu', '2019-05-08', '2019-05-21', '50');
INSERT INTO `employee_evaluation` (`eval_id`, `employee_id`, `qow_outofmark`, `qow_q1`, `qow_q2`, `qow_q3`, `qow_total`, `wh_outofmark`, `wh_q1`, `wh_q2`, `wh_q3`, `wh_q4`, `wh_total`, `jk_outofmark`, `jk_q1`, `jk_q2`, `jk_q3`, `jk_total`, `irb_outofmark`, `irb_q1`, `irb_q2`, `irb_q3`, `irb_q4`, `irb_q5`, `irb_q6`, `irb_total`, `leader_outofmark`, `leader_q1`, `leader_q2`, `leader_q3`, `leader_total`, `op_q1`, `op_q2`, `op_q3`, `recommendation`, `final_comment`, `evaluator_name`, `dateval`, `eval_purpose`, `start_date`, `end_date`, `total`) VALUES ('5', 'EV5FBIF1', '15', '2', '2', '2', '6', '20', '2', '2', '2', '2', '8', '15', '3', '3', '3', '9', '25', '2', '2', '2', '2', '3', '1', '11', '25', '3', '4', '2', '9', '1', '1', '1', 'dffgfdhghhgjkgjkk', 'qweryuyiyk', 'LLL 555', '2019-06-27', 'qwrtuyyuyu', '2019-05-23', '2019-05-21', '75');
INSERT INTO `employee_evaluation` (`eval_id`, `employee_id`, `qow_outofmark`, `qow_q1`, `qow_q2`, `qow_q3`, `qow_total`, `wh_outofmark`, `wh_q1`, `wh_q2`, `wh_q3`, `wh_q4`, `wh_total`, `jk_outofmark`, `jk_q1`, `jk_q2`, `jk_q3`, `jk_total`, `irb_outofmark`, `irb_q1`, `irb_q2`, `irb_q3`, `irb_q4`, `irb_q5`, `irb_q6`, `irb_total`, `leader_outofmark`, `leader_q1`, `leader_q2`, `leader_q3`, `leader_total`, `op_q1`, `op_q2`, `op_q3`, `recommendation`, `final_comment`, `evaluator_name`, `dateval`, `eval_purpose`, `start_date`, `end_date`, `total`) VALUES ('7', 'EBSHV96U', '15', '2', '1', '2', '5', '20', '1', '1', '1', '1', '4', '15', '3', '3', '3', '9', '25', '1', '1', '1', '1', '1', '0', '5', '25', '1', '1', '1', '3', '0', '0', '0', 'sfgfsdg', 'dfs', 'testt evaluator', '2019-05-24', 'its testing ', '2019-05-22', '2019-05-25', '26');
INSERT INTO `employee_evaluation` (`eval_id`, `employee_id`, `qow_outofmark`, `qow_q1`, `qow_q2`, `qow_q3`, `qow_total`, `wh_outofmark`, `wh_q1`, `wh_q2`, `wh_q3`, `wh_q4`, `wh_total`, `jk_outofmark`, `jk_q1`, `jk_q2`, `jk_q3`, `jk_total`, `irb_outofmark`, `irb_q1`, `irb_q2`, `irb_q3`, `irb_q4`, `irb_q5`, `irb_q6`, `irb_total`, `leader_outofmark`, `leader_q1`, `leader_q2`, `leader_q3`, `leader_total`, `op_q1`, `op_q2`, `op_q3`, `recommendation`, `final_comment`, `evaluator_name`, `dateval`, `eval_purpose`, `start_date`, `end_date`, `total`) VALUES ('8', 'EV5FBIF1', '15', '3', '4', '5', '12', '20', '5', '4', '2', '2', '13', '15', '5', '3', '4', '12', '25', '5', '4', '5', '4', '3', '1', '21', '25', '7', '5', '9', '23', '1', '1', '0', 'eyetytyt', 'wqerwtrt', 'Test', '2019-09-19', 'wetrtrw', '2019-08-31', '2019-09-06', '81');
INSERT INTO `employee_evaluation` (`eval_id`, `employee_id`, `qow_outofmark`, `qow_q1`, `qow_q2`, `qow_q3`, `qow_total`, `wh_outofmark`, `wh_q1`, `wh_q2`, `wh_q3`, `wh_q4`, `wh_total`, `jk_outofmark`, `jk_q1`, `jk_q2`, `jk_q3`, `jk_total`, `irb_outofmark`, `irb_q1`, `irb_q2`, `irb_q3`, `irb_q4`, `irb_q5`, `irb_q6`, `irb_total`, `leader_outofmark`, `leader_q1`, `leader_q2`, `leader_q3`, `leader_total`, `op_q1`, `op_q2`, `op_q3`, `recommendation`, `final_comment`, `evaluator_name`, `dateval`, `eval_purpose`, `start_date`, `end_date`, `total`) VALUES ('9', 'EV5FBIF1', '15', '5', '5', '3', '13', '20', '5', '3', '4', '5', '17', '15', '5', '4', '5', '14', '25', '5', '4', '5', '3', '2', '1', '19', '25', '5', '7', '9', '21', '1', '0', '1', 'adfdsgfg', 'gdhghhh', 'qwertyy', '2019-09-19', 'qwerytuii', '2019-09-03', '2019-09-28', '64');


#
# TABLE STRUCTURE FOR: employee_experience
#

DROP TABLE IF EXISTS `employee_experience`;

CREATE TABLE `employee_experience` (
  `emp_exp_id` int(11) NOT NULL AUTO_INCREMENT,
  `employee_id` varchar(30) NOT NULL,
  `company_name` varchar(250) NOT NULL,
  `duration` varchar(250) NOT NULL,
  `designation` varchar(250) NOT NULL,
  `salary` varchar(250) NOT NULL,
  `esi_pf_welfare_scheme_card_no` varchar(250) NOT NULL,
  `pan_card_no` varchar(250) NOT NULL,
  `reason_of_leaving` varchar(250) NOT NULL,
  `other_work_experience` varchar(250) NOT NULL,
  `training_attended` varchar(250) NOT NULL,
  PRIMARY KEY (`emp_exp_id`)
) ENGINE=MyISAM AUTO_INCREMENT=24 DEFAULT CHARSET=latin1;

INSERT INTO `employee_experience` (`emp_exp_id`, `employee_id`, `company_name`, `duration`, `designation`, `salary`, `esi_pf_welfare_scheme_card_no`, `pan_card_no`, `reason_of_leaving`, `other_work_experience`, `training_attended`) VALUES ('2', 'EZHM3EZ8', 'zzz', 'zzz', 'zzz', 'zzz', 'zzz', 'zzz', 'zzz', 'zzz', 'zzz');
INSERT INTO `employee_experience` (`emp_exp_id`, `employee_id`, `company_name`, `duration`, `designation`, `salary`, `esi_pf_welfare_scheme_card_no`, `pan_card_no`, `reason_of_leaving`, `other_work_experience`, `training_attended`) VALUES ('3', 'EO18886X', 'aaa', 'aaa', 'aaa', 'aaa', 'aaa', 'aaa', 'aaa', 'aaa', 'aaaa');
INSERT INTO `employee_experience` (`emp_exp_id`, `employee_id`, `company_name`, `duration`, `designation`, `salary`, `esi_pf_welfare_scheme_card_no`, `pan_card_no`, `reason_of_leaving`, `other_work_experience`, `training_attended`) VALUES ('4', 'E1QVSAOO', 'nnn1e', 'nnn2e', 'nnn3e', 'nnn4e', 'nnn5e', 'nnn6e', 'nnn7e', 'nnn8e', 'nnn9e');
INSERT INTO `employee_experience` (`emp_exp_id`, `employee_id`, `company_name`, `duration`, `designation`, `salary`, `esi_pf_welfare_scheme_card_no`, `pan_card_no`, `reason_of_leaving`, `other_work_experience`, `training_attended`) VALUES ('13', 'E33ERDWE', 'KVR', '7 hr', 'F M', '', '', '', '', '', '');
INSERT INTO `employee_experience` (`emp_exp_id`, `employee_id`, `company_name`, `duration`, `designation`, `salary`, `esi_pf_welfare_scheme_card_no`, `pan_card_no`, `reason_of_leaving`, `other_work_experience`, `training_attended`) VALUES ('7', 'E1YMUWX3', 'nnn', 'nnn', 'nnn', '20000', 'nnn', 'nnn', 'nnn', 'nnn', 'nnn');
INSERT INTO `employee_experience` (`emp_exp_id`, `employee_id`, `company_name`, `duration`, `designation`, `salary`, `esi_pf_welfare_scheme_card_no`, `pan_card_no`, `reason_of_leaving`, `other_work_experience`, `training_attended`) VALUES ('8', 'EXXLJF53', '', '', '', '', '', '', '', '', '');
INSERT INTO `employee_experience` (`emp_exp_id`, `employee_id`, `company_name`, `duration`, `designation`, `salary`, `esi_pf_welfare_scheme_card_no`, `pan_card_no`, `reason_of_leaving`, `other_work_experience`, `training_attended`) VALUES ('9', 'ECX17MG4', '', '', '', '', '', '', '', '', '');
INSERT INTO `employee_experience` (`emp_exp_id`, `employee_id`, `company_name`, `duration`, `designation`, `salary`, `esi_pf_welfare_scheme_card_no`, `pan_card_no`, `reason_of_leaving`, `other_work_experience`, `training_attended`) VALUES ('14', 'EGVCV82Q', 'KVR ', '8 hr', 'P & A manager', '', '', '', '', '', '');
INSERT INTO `employee_experience` (`emp_exp_id`, `employee_id`, `company_name`, `duration`, `designation`, `salary`, `esi_pf_welfare_scheme_card_no`, `pan_card_no`, `reason_of_leaving`, `other_work_experience`, `training_attended`) VALUES ('12', 'EBSHV96U', '', '', '', '', '', '', '', '', '');
INSERT INTO `employee_experience` (`emp_exp_id`, `employee_id`, `company_name`, `duration`, `designation`, `salary`, `esi_pf_welfare_scheme_card_no`, `pan_card_no`, `reason_of_leaving`, `other_work_experience`, `training_attended`) VALUES ('15', 'EKMW6NFV', 'KVR ', '8hr', 'A S M', '', '', '', '', '', '');
INSERT INTO `employee_experience` (`emp_exp_id`, `employee_id`, `company_name`, `duration`, `designation`, `salary`, `esi_pf_welfare_scheme_card_no`, `pan_card_no`, `reason_of_leaving`, `other_work_experience`, `training_attended`) VALUES ('16', 'E50ZTFZ6', 'KVR', '6hr', 'EXE', '', '', '', '', '', '');
INSERT INTO `employee_experience` (`emp_exp_id`, `employee_id`, `company_name`, `duration`, `designation`, `salary`, `esi_pf_welfare_scheme_card_no`, `pan_card_no`, `reason_of_leaving`, `other_work_experience`, `training_attended`) VALUES ('17', 'ESZS2ZJV', 'KVR', '8hr', 'Spare Incharge', '', '', '', '', '', '');
INSERT INTO `employee_experience` (`emp_exp_id`, `employee_id`, `company_name`, `duration`, `designation`, `salary`, `esi_pf_welfare_scheme_card_no`, `pan_card_no`, `reason_of_leaving`, `other_work_experience`, `training_attended`) VALUES ('18', 'EXQACXHN', 'KVR 3 Wheeler', '6hr', 'MANAGER 3W', '', '', '', '', '', '');
INSERT INTO `employee_experience` (`emp_exp_id`, `employee_id`, `company_name`, `duration`, `designation`, `salary`, `esi_pf_welfare_scheme_card_no`, `pan_card_no`, `reason_of_leaving`, `other_work_experience`, `training_attended`) VALUES ('19', 'EU8ZCPY3', 'KVR 3 Wheeler', '6hr', 'MECHANIC 3W', '', '', '', '', '', '');
INSERT INTO `employee_experience` (`emp_exp_id`, `employee_id`, `company_name`, `duration`, `designation`, `salary`, `esi_pf_welfare_scheme_card_no`, `pan_card_no`, `reason_of_leaving`, `other_work_experience`, `training_attended`) VALUES ('20', 'EZG37D5H', 'KVR 3 Wheeler', '6hr', 'EXE 3W', '', '', '', '', '', '');
INSERT INTO `employee_experience` (`emp_exp_id`, `employee_id`, `company_name`, `duration`, `designation`, `salary`, `esi_pf_welfare_scheme_card_no`, `pan_card_no`, `reason_of_leaving`, `other_work_experience`, `training_attended`) VALUES ('21', 'E1BWSL99', 'KVR ', '8hr', 'ASM', '', '', '', '', '', '');
INSERT INTO `employee_experience` (`emp_exp_id`, `employee_id`, `company_name`, `duration`, `designation`, `salary`, `esi_pf_welfare_scheme_card_no`, `pan_card_no`, `reason_of_leaving`, `other_work_experience`, `training_attended`) VALUES ('22', 'EH66T9HS', 'KVR', '8hr', 'PRO', '', '', '', '', '', '');


#
# TABLE STRUCTURE FOR: employee_history
#

DROP TABLE IF EXISTS `employee_history`;

CREATE TABLE `employee_history` (
  `emp_his_id` int(11) NOT NULL AUTO_INCREMENT,
  `employee_id` varchar(30) NOT NULL,
  `pos_id` varchar(30) NOT NULL,
  `first_name` varchar(30) NOT NULL,
  `middle_name` varchar(50) DEFAULT NULL,
  `last_name` varchar(30) NOT NULL,
  `email` varchar(32) NOT NULL,
  `phone` varchar(30) NOT NULL,
  `alter_phone` varchar(30) NOT NULL,
  `present_address` varchar(100) DEFAULT NULL,
  `parmanent_address` varchar(100) DEFAULT NULL,
  `picture` text,
  `degree_name` varchar(30) DEFAULT NULL,
  `university_name` varchar(50) DEFAULT NULL,
  `cgp` varchar(30) DEFAULT NULL,
  `passing_year` varchar(30) DEFAULT NULL,
  `company_name` varchar(30) DEFAULT NULL,
  `working_period` varchar(30) DEFAULT NULL,
  `duties` varchar(30) DEFAULT NULL,
  `supervisor` varchar(30) DEFAULT NULL,
  `signature` text,
  `is_admin` int(2) NOT NULL DEFAULT '0',
  `dept_id` int(11) DEFAULT NULL,
  `division_id` int(11) NOT NULL,
  `maiden_name` varchar(50) NOT NULL,
  `state` varchar(30) NOT NULL,
  `city` varchar(30) NOT NULL,
  `zip` int(11) NOT NULL,
  `citizenship` int(11) NOT NULL,
  `duty_type` int(11) NOT NULL,
  `hire_date` date NOT NULL,
  `original_hire_date` date NOT NULL,
  `termination_date` date NOT NULL,
  `termination_reason` text NOT NULL,
  `voluntary_termination` int(11) NOT NULL,
  `rehire_date` date NOT NULL,
  `rate_type` int(11) NOT NULL,
  `rate` float NOT NULL,
  `pay_frequency` int(11) NOT NULL,
  `pay_frequency_txt` varchar(50) NOT NULL,
  `hourly_rate2` float NOT NULL,
  `hourly_rate3` float NOT NULL,
  `home_department` varchar(100) NOT NULL,
  `department_text` varchar(100) NOT NULL,
  `class_code` varchar(50) NOT NULL,
  `class_code_desc` varchar(100) NOT NULL,
  `class_acc_date` date NOT NULL,
  `class_status` tinyint(4) NOT NULL,
  `is_super_visor` int(11) DEFAULT NULL,
  `super_visor_id` varchar(30) DEFAULT NULL,
  `supervisor_report` text NOT NULL,
  `dob` date NOT NULL,
  `gender` int(11) NOT NULL,
  `marital_status` int(11) NOT NULL,
  `ethnic_group` varchar(100) NOT NULL,
  `eeo_class_gp` varchar(100) NOT NULL,
  `ssn` varchar(50) NOT NULL,
  `work_in_state` int(11) NOT NULL,
  `live_in_state` int(11) NOT NULL,
  `home_email` varchar(50) NOT NULL,
  `business_email` varchar(50) NOT NULL,
  `home_phone` varchar(30) NOT NULL,
  `business_phone` varchar(30) NOT NULL,
  `cell_phone` varchar(30) NOT NULL,
  `emerg_contct` varchar(30) NOT NULL,
  `emrg_h_phone` varchar(30) NOT NULL,
  `emrg_w_phone` varchar(30) NOT NULL,
  `emgr_contct_relation` varchar(50) NOT NULL,
  `alt_em_contct` varchar(30) NOT NULL,
  `alt_emg_h_phone` varchar(30) NOT NULL,
  `alt_emg_w_phone` varchar(30) NOT NULL,
  `branch_id` int(11) NOT NULL,
  `pf_status` int(11) NOT NULL,
  `pf_uan` varchar(250) NOT NULL,
  `esi_status` int(11) NOT NULL,
  `esi_ip_number` varchar(250) NOT NULL,
  `permanent_status` int(11) NOT NULL,
  `adhar_card_no` varchar(250) NOT NULL,
  PRIMARY KEY (`emp_his_id`)
) ENGINE=InnoDB AUTO_INCREMENT=26 DEFAULT CHARSET=utf8;

INSERT INTO `employee_history` (`emp_his_id`, `employee_id`, `pos_id`, `first_name`, `middle_name`, `last_name`, `email`, `phone`, `alter_phone`, `present_address`, `parmanent_address`, `picture`, `degree_name`, `university_name`, `cgp`, `passing_year`, `company_name`, `working_period`, `duties`, `supervisor`, `signature`, `is_admin`, `dept_id`, `division_id`, `maiden_name`, `state`, `city`, `zip`, `citizenship`, `duty_type`, `hire_date`, `original_hire_date`, `termination_date`, `termination_reason`, `voluntary_termination`, `rehire_date`, `rate_type`, `rate`, `pay_frequency`, `pay_frequency_txt`, `hourly_rate2`, `hourly_rate3`, `home_department`, `department_text`, `class_code`, `class_code_desc`, `class_acc_date`, `class_status`, `is_super_visor`, `super_visor_id`, `supervisor_report`, `dob`, `gender`, `marital_status`, `ethnic_group`, `eeo_class_gp`, `ssn`, `work_in_state`, `live_in_state`, `home_email`, `business_email`, `home_phone`, `business_phone`, `cell_phone`, `emerg_contct`, `emrg_h_phone`, `emrg_w_phone`, `emgr_contct_relation`, `alt_em_contct`, `alt_emg_h_phone`, `alt_emg_w_phone`, `branch_id`, `pf_status`, `pf_uan`, `esi_status`, `esi_ip_number`, `permanent_status`, `adhar_card_no`) VALUES ('2', 'EV5FBIF1', '1', 'Nidhin', NULL, 'vk', 'nidhinvk@live.com', '8089698223', '', NULL, NULL, './application/modules/employee/assets/images/2019-05-27/pro10.png', NULL, NULL, NULL, NULL, NULL, NULL, NULL, NULL, NULL, '0', NULL, '0', 'Gangadharan', 'India', 'kannur', '670007', '1', '0', '2019-04-24', '2019-05-27', '2019-05-27', '', '0', '2019-05-27', '0', '7000', '0', '', '0', '0', '', '', '', '', '2019-05-27', '0', NULL, NULL, '', '1992-06-08', '1', '1', '', '', '', '0', '0', '', '', '', '', '', '', '', '', '', '', '', '', '3', '0', '', '1', '', '0', '');
INSERT INTO `employee_history` (`emp_his_id`, `employee_id`, `pos_id`, `first_name`, `middle_name`, `last_name`, `email`, `phone`, `alter_phone`, `present_address`, `parmanent_address`, `picture`, `degree_name`, `university_name`, `cgp`, `passing_year`, `company_name`, `working_period`, `duties`, `supervisor`, `signature`, `is_admin`, `dept_id`, `division_id`, `maiden_name`, `state`, `city`, `zip`, `citizenship`, `duty_type`, `hire_date`, `original_hire_date`, `termination_date`, `termination_reason`, `voluntary_termination`, `rehire_date`, `rate_type`, `rate`, `pay_frequency`, `pay_frequency_txt`, `hourly_rate2`, `hourly_rate3`, `home_department`, `department_text`, `class_code`, `class_code_desc`, `class_acc_date`, `class_status`, `is_super_visor`, `super_visor_id`, `supervisor_report`, `dob`, `gender`, `marital_status`, `ethnic_group`, `eeo_class_gp`, `ssn`, `work_in_state`, `live_in_state`, `home_email`, `business_email`, `home_phone`, `business_phone`, `cell_phone`, `emerg_contct`, `emrg_h_phone`, `emrg_w_phone`, `emgr_contct_relation`, `alt_em_contct`, `alt_emg_h_phone`, `alt_emg_w_phone`, `branch_id`, `pf_status`, `pf_uan`, `esi_status`, `esi_ip_number`, `permanent_status`, `adhar_card_no`) VALUES ('14', 'EBSHV96U', '2', 'thirdeye', NULL, 'test', 'contact@thirdeyetechs.com', '8089698223', '', NULL, NULL, './application/modules/employee/assets/images/2019-05-27/pro9.png', NULL, NULL, NULL, NULL, NULL, NULL, NULL, NULL, NULL, '0', NULL, '0', '', 'Afghanistan', '', '0', '1', '0', '2019-05-14', '2019-05-27', '2019-05-27', '', '0', '2019-05-27', '0', '5000', '0', '', '0', '0', '', '', '', '', '2019-05-27', '0', NULL, NULL, '', '2019-05-14', '2', '1', '', '', '', '0', '0', '', '', '', '', '', '', '', '', '', '', '', '', '1', '1', 'ttte', '1', 'ttte', '0', 'ttte');
INSERT INTO `employee_history` (`emp_his_id`, `employee_id`, `pos_id`, `first_name`, `middle_name`, `last_name`, `email`, `phone`, `alter_phone`, `present_address`, `parmanent_address`, `picture`, `degree_name`, `university_name`, `cgp`, `passing_year`, `company_name`, `working_period`, `duties`, `supervisor`, `signature`, `is_admin`, `dept_id`, `division_id`, `maiden_name`, `state`, `city`, `zip`, `citizenship`, `duty_type`, `hire_date`, `original_hire_date`, `termination_date`, `termination_reason`, `voluntary_termination`, `rehire_date`, `rate_type`, `rate`, `pay_frequency`, `pay_frequency_txt`, `hourly_rate2`, `hourly_rate3`, `home_department`, `department_text`, `class_code`, `class_code_desc`, `class_acc_date`, `class_status`, `is_super_visor`, `super_visor_id`, `supervisor_report`, `dob`, `gender`, `marital_status`, `ethnic_group`, `eeo_class_gp`, `ssn`, `work_in_state`, `live_in_state`, `home_email`, `business_email`, `home_phone`, `business_phone`, `cell_phone`, `emerg_contct`, `emrg_h_phone`, `emrg_w_phone`, `emgr_contct_relation`, `alt_em_contct`, `alt_emg_h_phone`, `alt_emg_w_phone`, `branch_id`, `pf_status`, `pf_uan`, `esi_status`, `esi_ip_number`, `permanent_status`, `adhar_card_no`) VALUES ('15', 'E33ERDWE', '4', 'PRAKASHAN', NULL, ' T M', 'praka_tm@rediffmail.com', '9895906415', '', NULL, NULL, './application/modules/employee/assets/images/2019-05-27/pro8.png', NULL, NULL, NULL, NULL, NULL, NULL, NULL, NULL, NULL, '0', NULL, '0', 'GOPALAN ', 'India', 'Kannur', '670006', '1', '0', '2002-02-09', '2019-05-27', '2019-05-27', '', '0', '2019-05-27', '0', '49000', '0', '', '0', '0', '', '', '', '', '2019-05-27', '0', NULL, NULL, '', '1967-05-30', '1', '2', '', '', '', '0', '0', '', '', '', '', '', '', '', '', '', '', '', '', '1', '0', '', '0', '', '1', '206168663688');
INSERT INTO `employee_history` (`emp_his_id`, `employee_id`, `pos_id`, `first_name`, `middle_name`, `last_name`, `email`, `phone`, `alter_phone`, `present_address`, `parmanent_address`, `picture`, `degree_name`, `university_name`, `cgp`, `passing_year`, `company_name`, `working_period`, `duties`, `supervisor`, `signature`, `is_admin`, `dept_id`, `division_id`, `maiden_name`, `state`, `city`, `zip`, `citizenship`, `duty_type`, `hire_date`, `original_hire_date`, `termination_date`, `termination_reason`, `voluntary_termination`, `rehire_date`, `rate_type`, `rate`, `pay_frequency`, `pay_frequency_txt`, `hourly_rate2`, `hourly_rate3`, `home_department`, `department_text`, `class_code`, `class_code_desc`, `class_acc_date`, `class_status`, `is_super_visor`, `super_visor_id`, `supervisor_report`, `dob`, `gender`, `marital_status`, `ethnic_group`, `eeo_class_gp`, `ssn`, `work_in_state`, `live_in_state`, `home_email`, `business_email`, `home_phone`, `business_phone`, `cell_phone`, `emerg_contct`, `emrg_h_phone`, `emrg_w_phone`, `emgr_contct_relation`, `alt_em_contct`, `alt_emg_h_phone`, `alt_emg_w_phone`, `branch_id`, `pf_status`, `pf_uan`, `esi_status`, `esi_ip_number`, `permanent_status`, `adhar_card_no`) VALUES ('16', 'EGVCV82Q', '5', 'JAYARAJAN ', NULL, 'N T', 'jayarajan63@gmail.com', '9447311853', '', NULL, NULL, './application/modules/employee/assets/images/2019-05-27/pro7.png', NULL, NULL, NULL, NULL, NULL, NULL, NULL, NULL, NULL, '0', NULL, '0', '', 'India', 'Kannur', '670005', '1', '0', '2003-05-19', '2019-05-27', '2019-05-27', '', '0', '2019-05-27', '0', '25500', '0', '', '0', '0', '', '', '', '', '2019-05-27', '0', NULL, NULL, '', '1944-12-01', '1', '2', '', '', '', '0', '0', '', '', '', '', '', '', '', '', '', '', '', '', '1', '0', '', '0', '', '0', '8756545445');
INSERT INTO `employee_history` (`emp_his_id`, `employee_id`, `pos_id`, `first_name`, `middle_name`, `last_name`, `email`, `phone`, `alter_phone`, `present_address`, `parmanent_address`, `picture`, `degree_name`, `university_name`, `cgp`, `passing_year`, `company_name`, `working_period`, `duties`, `supervisor`, `signature`, `is_admin`, `dept_id`, `division_id`, `maiden_name`, `state`, `city`, `zip`, `citizenship`, `duty_type`, `hire_date`, `original_hire_date`, `termination_date`, `termination_reason`, `voluntary_termination`, `rehire_date`, `rate_type`, `rate`, `pay_frequency`, `pay_frequency_txt`, `hourly_rate2`, `hourly_rate3`, `home_department`, `department_text`, `class_code`, `class_code_desc`, `class_acc_date`, `class_status`, `is_super_visor`, `super_visor_id`, `supervisor_report`, `dob`, `gender`, `marital_status`, `ethnic_group`, `eeo_class_gp`, `ssn`, `work_in_state`, `live_in_state`, `home_email`, `business_email`, `home_phone`, `business_phone`, `cell_phone`, `emerg_contct`, `emrg_h_phone`, `emrg_w_phone`, `emgr_contct_relation`, `alt_em_contct`, `alt_emg_h_phone`, `alt_emg_w_phone`, `branch_id`, `pf_status`, `pf_uan`, `esi_status`, `esi_ip_number`, `permanent_status`, `adhar_card_no`) VALUES ('17', 'EKMW6NFV', '6', 'MUSTAFA ', NULL, 'K', 'mustafa@gmail.com', '9447448544', '', NULL, NULL, './application/modules/employee/assets/images/2019-05-27/pro6.png', NULL, NULL, NULL, NULL, NULL, NULL, NULL, NULL, NULL, '0', NULL, '0', '', 'India', 'Kannur', '670642', '1', '0', '2002-12-01', '2019-05-27', '2019-05-27', '', '0', '2019-05-27', '0', '14100', '0', '', '0', '0', '', '', '', '', '2019-05-27', '0', NULL, NULL, '', '1970-01-01', '1', '1', '', '', '', '0', '0', '', '', '', '', '', '', '', '', '', '', '', '', '4', '0', '', '0', '', '0', '2.94009E11');
INSERT INTO `employee_history` (`emp_his_id`, `employee_id`, `pos_id`, `first_name`, `middle_name`, `last_name`, `email`, `phone`, `alter_phone`, `present_address`, `parmanent_address`, `picture`, `degree_name`, `university_name`, `cgp`, `passing_year`, `company_name`, `working_period`, `duties`, `supervisor`, `signature`, `is_admin`, `dept_id`, `division_id`, `maiden_name`, `state`, `city`, `zip`, `citizenship`, `duty_type`, `hire_date`, `original_hire_date`, `termination_date`, `termination_reason`, `voluntary_termination`, `rehire_date`, `rate_type`, `rate`, `pay_frequency`, `pay_frequency_txt`, `hourly_rate2`, `hourly_rate3`, `home_department`, `department_text`, `class_code`, `class_code_desc`, `class_acc_date`, `class_status`, `is_super_visor`, `super_visor_id`, `supervisor_report`, `dob`, `gender`, `marital_status`, `ethnic_group`, `eeo_class_gp`, `ssn`, `work_in_state`, `live_in_state`, `home_email`, `business_email`, `home_phone`, `business_phone`, `cell_phone`, `emerg_contct`, `emrg_h_phone`, `emrg_w_phone`, `emgr_contct_relation`, `alt_em_contct`, `alt_emg_h_phone`, `alt_emg_w_phone`, `branch_id`, `pf_status`, `pf_uan`, `esi_status`, `esi_ip_number`, `permanent_status`, `adhar_card_no`) VALUES ('18', 'E50ZTFZ6', '7', 'DEEJA ', NULL, 'K C', 'deejasaneesh@gmail.com', '9746859895', '', NULL, NULL, './application/modules/employee/assets/images/2019-05-27/pro5.png', NULL, NULL, NULL, NULL, NULL, NULL, NULL, NULL, NULL, '0', NULL, '0', '', 'India', 'Thalaserry', '670671', '1', '0', '2004-10-24', '2019-05-27', '2019-05-27', '', '0', '2019-05-27', '0', '12000', '0', '', '0', '0', '', '', '', '', '2019-05-27', '0', NULL, NULL, '', '1970-01-01', '2', '2', '', '', '', '0', '0', '', '', '', '', '', '', '', '', '', '', '', '', '4', '0', '', '0', '', '0', '4.87675E+11');
INSERT INTO `employee_history` (`emp_his_id`, `employee_id`, `pos_id`, `first_name`, `middle_name`, `last_name`, `email`, `phone`, `alter_phone`, `present_address`, `parmanent_address`, `picture`, `degree_name`, `university_name`, `cgp`, `passing_year`, `company_name`, `working_period`, `duties`, `supervisor`, `signature`, `is_admin`, `dept_id`, `division_id`, `maiden_name`, `state`, `city`, `zip`, `citizenship`, `duty_type`, `hire_date`, `original_hire_date`, `termination_date`, `termination_reason`, `voluntary_termination`, `rehire_date`, `rate_type`, `rate`, `pay_frequency`, `pay_frequency_txt`, `hourly_rate2`, `hourly_rate3`, `home_department`, `department_text`, `class_code`, `class_code_desc`, `class_acc_date`, `class_status`, `is_super_visor`, `super_visor_id`, `supervisor_report`, `dob`, `gender`, `marital_status`, `ethnic_group`, `eeo_class_gp`, `ssn`, `work_in_state`, `live_in_state`, `home_email`, `business_email`, `home_phone`, `business_phone`, `cell_phone`, `emerg_contct`, `emrg_h_phone`, `emrg_w_phone`, `emgr_contct_relation`, `alt_em_contct`, `alt_emg_h_phone`, `alt_emg_w_phone`, `branch_id`, `pf_status`, `pf_uan`, `esi_status`, `esi_ip_number`, `permanent_status`, `adhar_card_no`) VALUES ('19', 'ESZS2ZJV', '8', 'DHANESH', NULL, '-', 'dhanesh@gmail.com', '9895537840', '', NULL, NULL, './application/modules/employee/assets/images/2019-05-27/pro4.png', NULL, NULL, NULL, NULL, NULL, NULL, NULL, NULL, NULL, '0', NULL, '0', '', 'India', 'Thalaserry', '670671', '1', '0', '2003-02-01', '2019-05-27', '2019-05-27', '', '0', '2019-05-27', '0', '14450', '0', '', '0', '0', '', '', '', '', '2019-05-27', '0', NULL, NULL, '', '1970-01-01', '1', '2', '', '', '', '0', '0', '', '', '', '', '', '', '', '', '', '', '', '', '4', '0', '', '0', '', '0', '5465498475');
INSERT INTO `employee_history` (`emp_his_id`, `employee_id`, `pos_id`, `first_name`, `middle_name`, `last_name`, `email`, `phone`, `alter_phone`, `present_address`, `parmanent_address`, `picture`, `degree_name`, `university_name`, `cgp`, `passing_year`, `company_name`, `working_period`, `duties`, `supervisor`, `signature`, `is_admin`, `dept_id`, `division_id`, `maiden_name`, `state`, `city`, `zip`, `citizenship`, `duty_type`, `hire_date`, `original_hire_date`, `termination_date`, `termination_reason`, `voluntary_termination`, `rehire_date`, `rate_type`, `rate`, `pay_frequency`, `pay_frequency_txt`, `hourly_rate2`, `hourly_rate3`, `home_department`, `department_text`, `class_code`, `class_code_desc`, `class_acc_date`, `class_status`, `is_super_visor`, `super_visor_id`, `supervisor_report`, `dob`, `gender`, `marital_status`, `ethnic_group`, `eeo_class_gp`, `ssn`, `work_in_state`, `live_in_state`, `home_email`, `business_email`, `home_phone`, `business_phone`, `cell_phone`, `emerg_contct`, `emrg_h_phone`, `emrg_w_phone`, `emgr_contct_relation`, `alt_em_contct`, `alt_emg_h_phone`, `alt_emg_w_phone`, `branch_id`, `pf_status`, `pf_uan`, `esi_status`, `esi_ip_number`, `permanent_status`, `adhar_card_no`) VALUES ('20', 'EXQACXHN', '9', 'PRAKASHAN ', NULL, 'K', 'kuniyilprakashan@gmail.com', '9946995572', '', NULL, NULL, './application/modules/employee/assets/images/2019-05-27/pro3.png', NULL, NULL, NULL, NULL, NULL, NULL, NULL, NULL, NULL, '0', NULL, '0', '', 'India', 'Thalaserry', '670671', '1', '0', '2009-04-04', '2019-05-27', '2019-05-27', '', '0', '2019-05-27', '0', '15500', '0', '', '0', '0', '', '', '', '', '2019-05-27', '0', NULL, NULL, '', '1966-05-30', '1', '2', '', '', '', '0', '0', '', '', '', '', '', '', '', '', '', '', '', '', '3', '0', '', '0', '', '0', '');
INSERT INTO `employee_history` (`emp_his_id`, `employee_id`, `pos_id`, `first_name`, `middle_name`, `last_name`, `email`, `phone`, `alter_phone`, `present_address`, `parmanent_address`, `picture`, `degree_name`, `university_name`, `cgp`, `passing_year`, `company_name`, `working_period`, `duties`, `supervisor`, `signature`, `is_admin`, `dept_id`, `division_id`, `maiden_name`, `state`, `city`, `zip`, `citizenship`, `duty_type`, `hire_date`, `original_hire_date`, `termination_date`, `termination_reason`, `voluntary_termination`, `rehire_date`, `rate_type`, `rate`, `pay_frequency`, `pay_frequency_txt`, `hourly_rate2`, `hourly_rate3`, `home_department`, `department_text`, `class_code`, `class_code_desc`, `class_acc_date`, `class_status`, `is_super_visor`, `super_visor_id`, `supervisor_report`, `dob`, `gender`, `marital_status`, `ethnic_group`, `eeo_class_gp`, `ssn`, `work_in_state`, `live_in_state`, `home_email`, `business_email`, `home_phone`, `business_phone`, `cell_phone`, `emerg_contct`, `emrg_h_phone`, `emrg_w_phone`, `emgr_contct_relation`, `alt_em_contct`, `alt_emg_h_phone`, `alt_emg_w_phone`, `branch_id`, `pf_status`, `pf_uan`, `esi_status`, `esi_ip_number`, `permanent_status`, `adhar_card_no`) VALUES ('21', 'EU8ZCPY3', '10', 'LIJIN ', NULL, 'M ', 'lijin@gmail.com', '9895704191', '', NULL, NULL, './application/modules/employee/assets/images/2019-05-27/pro2.png', NULL, NULL, NULL, NULL, NULL, NULL, NULL, NULL, NULL, '0', NULL, '0', '', 'India', 'Thalaserry', '670671', '1', '0', '2009-09-01', '2019-05-27', '2019-05-27', '', '0', '2019-05-27', '0', '11000', '0', '', '0', '0', '', '', '', '', '2019-05-27', '0', NULL, NULL, '', '1986-04-01', '1', '1', '', '', '', '0', '0', '', '', '', '', '', '', '', '', '', '', '', '', '1', '0', '', '0', '', '0', '55464654656');
INSERT INTO `employee_history` (`emp_his_id`, `employee_id`, `pos_id`, `first_name`, `middle_name`, `last_name`, `email`, `phone`, `alter_phone`, `present_address`, `parmanent_address`, `picture`, `degree_name`, `university_name`, `cgp`, `passing_year`, `company_name`, `working_period`, `duties`, `supervisor`, `signature`, `is_admin`, `dept_id`, `division_id`, `maiden_name`, `state`, `city`, `zip`, `citizenship`, `duty_type`, `hire_date`, `original_hire_date`, `termination_date`, `termination_reason`, `voluntary_termination`, `rehire_date`, `rate_type`, `rate`, `pay_frequency`, `pay_frequency_txt`, `hourly_rate2`, `hourly_rate3`, `home_department`, `department_text`, `class_code`, `class_code_desc`, `class_acc_date`, `class_status`, `is_super_visor`, `super_visor_id`, `supervisor_report`, `dob`, `gender`, `marital_status`, `ethnic_group`, `eeo_class_gp`, `ssn`, `work_in_state`, `live_in_state`, `home_email`, `business_email`, `home_phone`, `business_phone`, `cell_phone`, `emerg_contct`, `emrg_h_phone`, `emrg_w_phone`, `emgr_contct_relation`, `alt_em_contct`, `alt_emg_h_phone`, `alt_emg_w_phone`, `branch_id`, `pf_status`, `pf_uan`, `esi_status`, `esi_ip_number`, `permanent_status`, `adhar_card_no`) VALUES ('22', 'EZG37D5H', '11', 'JITHESH ', NULL, 'KUMAR P V', 'jitheshpv@gmail.com', '9745291045', '', NULL, NULL, './application/modules/employee/assets/images/2019-05-27/pro1.png', NULL, NULL, NULL, NULL, NULL, NULL, NULL, NULL, NULL, '0', NULL, '0', '', 'India', 'Thalaserry', '670671', '1', '0', '2010-06-09', '2019-05-27', '2019-05-27', '', '0', '2019-05-27', '0', '9750', '0', '', '0', '0', '', '', '', '', '2019-05-27', '0', NULL, NULL, '', '1970-01-01', '1', '2', '', '', '', '0', '0', '', '', '', '', '', '', '', '', '', '', '', '', '3', '0', '', '0', '', '0', '45456456');
INSERT INTO `employee_history` (`emp_his_id`, `employee_id`, `pos_id`, `first_name`, `middle_name`, `last_name`, `email`, `phone`, `alter_phone`, `present_address`, `parmanent_address`, `picture`, `degree_name`, `university_name`, `cgp`, `passing_year`, `company_name`, `working_period`, `duties`, `supervisor`, `signature`, `is_admin`, `dept_id`, `division_id`, `maiden_name`, `state`, `city`, `zip`, `citizenship`, `duty_type`, `hire_date`, `original_hire_date`, `termination_date`, `termination_reason`, `voluntary_termination`, `rehire_date`, `rate_type`, `rate`, `pay_frequency`, `pay_frequency_txt`, `hourly_rate2`, `hourly_rate3`, `home_department`, `department_text`, `class_code`, `class_code_desc`, `class_acc_date`, `class_status`, `is_super_visor`, `super_visor_id`, `supervisor_report`, `dob`, `gender`, `marital_status`, `ethnic_group`, `eeo_class_gp`, `ssn`, `work_in_state`, `live_in_state`, `home_email`, `business_email`, `home_phone`, `business_phone`, `cell_phone`, `emerg_contct`, `emrg_h_phone`, `emrg_w_phone`, `emgr_contct_relation`, `alt_em_contct`, `alt_emg_h_phone`, `alt_emg_w_phone`, `branch_id`, `pf_status`, `pf_uan`, `esi_status`, `esi_ip_number`, `permanent_status`, `adhar_card_no`) VALUES ('23', 'E1BWSL99', '6', 'BABU ', NULL, 'K V', 'babu@abc.com', '9874563210', '', NULL, NULL, './application/modules/employee/assets/images/2019-05-27/pro11.png', NULL, NULL, NULL, NULL, NULL, NULL, NULL, NULL, NULL, '0', NULL, '0', '', 'India', 'Payyanur', '670571', '1', '0', '2005-01-17', '2019-05-27', '2019-05-27', '', '0', '2019-05-27', '0', '22500', '0', '', '0', '0', '', '', '', '', '2019-05-27', '0', NULL, NULL, '', '1970-01-01', '1', '2', '', '', '', '0', '0', '', '', '', '', '', '', '', '', '', '', '', '', '5', '0', '', '0', '', '0', '');
INSERT INTO `employee_history` (`emp_his_id`, `employee_id`, `pos_id`, `first_name`, `middle_name`, `last_name`, `email`, `phone`, `alter_phone`, `present_address`, `parmanent_address`, `picture`, `degree_name`, `university_name`, `cgp`, `passing_year`, `company_name`, `working_period`, `duties`, `supervisor`, `signature`, `is_admin`, `dept_id`, `division_id`, `maiden_name`, `state`, `city`, `zip`, `citizenship`, `duty_type`, `hire_date`, `original_hire_date`, `termination_date`, `termination_reason`, `voluntary_termination`, `rehire_date`, `rate_type`, `rate`, `pay_frequency`, `pay_frequency_txt`, `hourly_rate2`, `hourly_rate3`, `home_department`, `department_text`, `class_code`, `class_code_desc`, `class_acc_date`, `class_status`, `is_super_visor`, `super_visor_id`, `supervisor_report`, `dob`, `gender`, `marital_status`, `ethnic_group`, `eeo_class_gp`, `ssn`, `work_in_state`, `live_in_state`, `home_email`, `business_email`, `home_phone`, `business_phone`, `cell_phone`, `emerg_contct`, `emrg_h_phone`, `emrg_w_phone`, `emgr_contct_relation`, `alt_em_contct`, `alt_emg_h_phone`, `alt_emg_w_phone`, `branch_id`, `pf_status`, `pf_uan`, `esi_status`, `esi_ip_number`, `permanent_status`, `adhar_card_no`) VALUES ('24', 'EH66T9HS', '12', 'APPUKUTTAN', NULL, '', 'abc@abc.com', '9874563210', '', NULL, NULL, './application/modules/employee/assets/images/2019-05-29/Mau.jpg', NULL, NULL, NULL, NULL, NULL, NULL, NULL, NULL, NULL, '0', NULL, '0', '', 'India', 'Payyanur', '670571', '1', '0', '2010-10-18', '2019-05-29', '2019-05-29', '', '0', '2019-05-29', '0', '11750', '0', '', '0', '0', '', '', '', '', '2019-05-29', '0', NULL, NULL, '', '1984-02-10', '1', '2', '', '', '', '0', '0', '', '', '', '', '', '', '', '', '', '', '', '', '5', '0', '', '0', '', '0', '54543243');


#
# TABLE STRUCTURE FOR: employee_nominee_details
#

DROP TABLE IF EXISTS `employee_nominee_details`;

CREATE TABLE `employee_nominee_details` (
  `emp_nom_id` int(11) NOT NULL AUTO_INCREMENT,
  `employee_id` varchar(30) NOT NULL,
  `name` varchar(250) NOT NULL,
  `relation` varchar(250) NOT NULL,
  `date_of_birth` date NOT NULL,
  `occupation` varchar(250) NOT NULL,
  PRIMARY KEY (`emp_nom_id`)
) ENGINE=MyISAM AUTO_INCREMENT=93 DEFAULT CHARSET=latin1;

INSERT INTO `employee_nominee_details` (`emp_nom_id`, `employee_id`, `name`, `relation`, `date_of_birth`, `occupation`) VALUES ('8', 'EZHM3EZ8', 'ttt', 'ttt', '0000-00-00', 'ttt');
INSERT INTO `employee_nominee_details` (`emp_nom_id`, `employee_id`, `name`, `relation`, `date_of_birth`, `occupation`) VALUES ('7', 'EZHM3EZ8', 'uuu', 'uuu', '0000-00-00', 'uuu');
INSERT INTO `employee_nominee_details` (`emp_nom_id`, `employee_id`, `name`, `relation`, `date_of_birth`, `occupation`) VALUES ('6', 'EZHM3EZ8', 'vvv', 'vvv', '0000-00-00', 'vvv');
INSERT INTO `employee_nominee_details` (`emp_nom_id`, `employee_id`, `name`, `relation`, `date_of_birth`, `occupation`) VALUES ('5', 'EZHM3EZ8', 'ooo', 'oooo', '0000-00-00', 'ooo');
INSERT INTO `employee_nominee_details` (`emp_nom_id`, `employee_id`, `name`, `relation`, `date_of_birth`, `occupation`) VALUES ('9', 'EO18886X', '', '', '0000-00-00', '');
INSERT INTO `employee_nominee_details` (`emp_nom_id`, `employee_id`, `name`, `relation`, `date_of_birth`, `occupation`) VALUES ('10', 'EO18886X', '', '', '0000-00-00', '');
INSERT INTO `employee_nominee_details` (`emp_nom_id`, `employee_id`, `name`, `relation`, `date_of_birth`, `occupation`) VALUES ('11', 'EO18886X', '', '', '0000-00-00', '');
INSERT INTO `employee_nominee_details` (`emp_nom_id`, `employee_id`, `name`, `relation`, `date_of_birth`, `occupation`) VALUES ('12', 'EO18886X', '', '', '0000-00-00', '');
INSERT INTO `employee_nominee_details` (`emp_nom_id`, `employee_id`, `name`, `relation`, `date_of_birth`, `occupation`) VALUES ('13', 'E1QVSAOO', 'www1e', 'www2e', '2019-05-08', 'www3e');
INSERT INTO `employee_nominee_details` (`emp_nom_id`, `employee_id`, `name`, `relation`, `date_of_birth`, `occupation`) VALUES ('14', 'E1QVSAOO', 'www4e', 'www5e', '2019-05-08', 'www6e');
INSERT INTO `employee_nominee_details` (`emp_nom_id`, `employee_id`, `name`, `relation`, `date_of_birth`, `occupation`) VALUES ('15', 'E1QVSAOO', 'www7e', 'www8e', '2019-05-08', 'www9e');
INSERT INTO `employee_nominee_details` (`emp_nom_id`, `employee_id`, `name`, `relation`, `date_of_birth`, `occupation`) VALUES ('16', 'E1QVSAOO', 'www10e', 'www11e', '2019-05-08', 'www12e');
INSERT INTO `employee_nominee_details` (`emp_nom_id`, `employee_id`, `name`, `relation`, `date_of_birth`, `occupation`) VALUES ('60', 'EKMW6NFV', '', '', '0000-00-00', '');
INSERT INTO `employee_nominee_details` (`emp_nom_id`, `employee_id`, `name`, `relation`, `date_of_birth`, `occupation`) VALUES ('59', 'EKMW6NFV', '', '', '0000-00-00', '');
INSERT INTO `employee_nominee_details` (`emp_nom_id`, `employee_id`, `name`, `relation`, `date_of_birth`, `occupation`) VALUES ('58', 'EKMW6NFV', '', '', '0000-00-00', '');
INSERT INTO `employee_nominee_details` (`emp_nom_id`, `employee_id`, `name`, `relation`, `date_of_birth`, `occupation`) VALUES ('57', 'EKMW6NFV', '', '', '0000-00-00', '');
INSERT INTO `employee_nominee_details` (`emp_nom_id`, `employee_id`, `name`, `relation`, `date_of_birth`, `occupation`) VALUES ('52', 'E33ERDWE', '', '', '0000-00-00', '');
INSERT INTO `employee_nominee_details` (`emp_nom_id`, `employee_id`, `name`, `relation`, `date_of_birth`, `occupation`) VALUES ('51', 'E33ERDWE', '', '', '0000-00-00', '');
INSERT INTO `employee_nominee_details` (`emp_nom_id`, `employee_id`, `name`, `relation`, `date_of_birth`, `occupation`) VALUES ('50', 'E33ERDWE', '', '', '0000-00-00', '');
INSERT INTO `employee_nominee_details` (`emp_nom_id`, `employee_id`, `name`, `relation`, `date_of_birth`, `occupation`) VALUES ('49', 'E33ERDWE', '', '', '0000-00-00', '');
INSERT INTO `employee_nominee_details` (`emp_nom_id`, `employee_id`, `name`, `relation`, `date_of_birth`, `occupation`) VALUES ('25', 'E1YMUWX3', 'nnn', 'nnn', '2019-05-08', 'nnn');
INSERT INTO `employee_nominee_details` (`emp_nom_id`, `employee_id`, `name`, `relation`, `date_of_birth`, `occupation`) VALUES ('26', 'E1YMUWX3', 'nnn', 'nnn', '2019-05-08', 'nnn');
INSERT INTO `employee_nominee_details` (`emp_nom_id`, `employee_id`, `name`, `relation`, `date_of_birth`, `occupation`) VALUES ('27', 'E1YMUWX3', 'nnn', 'nnn', '2019-05-29', 'nnn');
INSERT INTO `employee_nominee_details` (`emp_nom_id`, `employee_id`, `name`, `relation`, `date_of_birth`, `occupation`) VALUES ('28', 'E1YMUWX3', 'nnn', 'nnn', '2019-05-29', 'nnn');
INSERT INTO `employee_nominee_details` (`emp_nom_id`, `employee_id`, `name`, `relation`, `date_of_birth`, `occupation`) VALUES ('29', 'EXXLJF53', '', '', '0000-00-00', '');
INSERT INTO `employee_nominee_details` (`emp_nom_id`, `employee_id`, `name`, `relation`, `date_of_birth`, `occupation`) VALUES ('30', 'EXXLJF53', '', '', '0000-00-00', '');
INSERT INTO `employee_nominee_details` (`emp_nom_id`, `employee_id`, `name`, `relation`, `date_of_birth`, `occupation`) VALUES ('31', 'EXXLJF53', '', '', '0000-00-00', '');
INSERT INTO `employee_nominee_details` (`emp_nom_id`, `employee_id`, `name`, `relation`, `date_of_birth`, `occupation`) VALUES ('32', 'EXXLJF53', '', '', '0000-00-00', '');
INSERT INTO `employee_nominee_details` (`emp_nom_id`, `employee_id`, `name`, `relation`, `date_of_birth`, `occupation`) VALUES ('33', 'ECX17MG4', '', '', '0000-00-00', '');
INSERT INTO `employee_nominee_details` (`emp_nom_id`, `employee_id`, `name`, `relation`, `date_of_birth`, `occupation`) VALUES ('34', 'ECX17MG4', '', '', '0000-00-00', '');
INSERT INTO `employee_nominee_details` (`emp_nom_id`, `employee_id`, `name`, `relation`, `date_of_birth`, `occupation`) VALUES ('35', 'ECX17MG4', '', '', '0000-00-00', '');
INSERT INTO `employee_nominee_details` (`emp_nom_id`, `employee_id`, `name`, `relation`, `date_of_birth`, `occupation`) VALUES ('36', 'ECX17MG4', '', '', '0000-00-00', '');
INSERT INTO `employee_nominee_details` (`emp_nom_id`, `employee_id`, `name`, `relation`, `date_of_birth`, `occupation`) VALUES ('56', 'EGVCV82Q', '', '', '0000-00-00', '');
INSERT INTO `employee_nominee_details` (`emp_nom_id`, `employee_id`, `name`, `relation`, `date_of_birth`, `occupation`) VALUES ('55', 'EGVCV82Q', '', '', '0000-00-00', '');
INSERT INTO `employee_nominee_details` (`emp_nom_id`, `employee_id`, `name`, `relation`, `date_of_birth`, `occupation`) VALUES ('54', 'EGVCV82Q', '', '', '0000-00-00', '');
INSERT INTO `employee_nominee_details` (`emp_nom_id`, `employee_id`, `name`, `relation`, `date_of_birth`, `occupation`) VALUES ('53', 'EGVCV82Q', '', '', '0000-00-00', '');
INSERT INTO `employee_nominee_details` (`emp_nom_id`, `employee_id`, `name`, `relation`, `date_of_birth`, `occupation`) VALUES ('45', 'EBSHV96U', '', '', '0000-00-00', '');
INSERT INTO `employee_nominee_details` (`emp_nom_id`, `employee_id`, `name`, `relation`, `date_of_birth`, `occupation`) VALUES ('46', 'EBSHV96U', '', '', '0000-00-00', '');
INSERT INTO `employee_nominee_details` (`emp_nom_id`, `employee_id`, `name`, `relation`, `date_of_birth`, `occupation`) VALUES ('47', 'EBSHV96U', '', '', '0000-00-00', '');
INSERT INTO `employee_nominee_details` (`emp_nom_id`, `employee_id`, `name`, `relation`, `date_of_birth`, `occupation`) VALUES ('48', 'EBSHV96U', '', '', '0000-00-00', '');
INSERT INTO `employee_nominee_details` (`emp_nom_id`, `employee_id`, `name`, `relation`, `date_of_birth`, `occupation`) VALUES ('61', 'E50ZTFZ6', '', '', '0000-00-00', '');
INSERT INTO `employee_nominee_details` (`emp_nom_id`, `employee_id`, `name`, `relation`, `date_of_birth`, `occupation`) VALUES ('62', 'E50ZTFZ6', '', '', '0000-00-00', '');
INSERT INTO `employee_nominee_details` (`emp_nom_id`, `employee_id`, `name`, `relation`, `date_of_birth`, `occupation`) VALUES ('63', 'E50ZTFZ6', '', '', '0000-00-00', '');
INSERT INTO `employee_nominee_details` (`emp_nom_id`, `employee_id`, `name`, `relation`, `date_of_birth`, `occupation`) VALUES ('64', 'E50ZTFZ6', '', '', '0000-00-00', '');
INSERT INTO `employee_nominee_details` (`emp_nom_id`, `employee_id`, `name`, `relation`, `date_of_birth`, `occupation`) VALUES ('65', 'ESZS2ZJV', '', '', '0000-00-00', '');
INSERT INTO `employee_nominee_details` (`emp_nom_id`, `employee_id`, `name`, `relation`, `date_of_birth`, `occupation`) VALUES ('66', 'ESZS2ZJV', '', '', '0000-00-00', '');
INSERT INTO `employee_nominee_details` (`emp_nom_id`, `employee_id`, `name`, `relation`, `date_of_birth`, `occupation`) VALUES ('67', 'ESZS2ZJV', '', '', '0000-00-00', '');
INSERT INTO `employee_nominee_details` (`emp_nom_id`, `employee_id`, `name`, `relation`, `date_of_birth`, `occupation`) VALUES ('68', 'ESZS2ZJV', '', '', '0000-00-00', '');
INSERT INTO `employee_nominee_details` (`emp_nom_id`, `employee_id`, `name`, `relation`, `date_of_birth`, `occupation`) VALUES ('69', 'EXQACXHN', '', '', '0000-00-00', '');
INSERT INTO `employee_nominee_details` (`emp_nom_id`, `employee_id`, `name`, `relation`, `date_of_birth`, `occupation`) VALUES ('70', 'EXQACXHN', '', '', '0000-00-00', '');
INSERT INTO `employee_nominee_details` (`emp_nom_id`, `employee_id`, `name`, `relation`, `date_of_birth`, `occupation`) VALUES ('71', 'EXQACXHN', '', '', '0000-00-00', '');
INSERT INTO `employee_nominee_details` (`emp_nom_id`, `employee_id`, `name`, `relation`, `date_of_birth`, `occupation`) VALUES ('72', 'EXQACXHN', '', '', '0000-00-00', '');
INSERT INTO `employee_nominee_details` (`emp_nom_id`, `employee_id`, `name`, `relation`, `date_of_birth`, `occupation`) VALUES ('73', 'EU8ZCPY3', '', '', '0000-00-00', '');
INSERT INTO `employee_nominee_details` (`emp_nom_id`, `employee_id`, `name`, `relation`, `date_of_birth`, `occupation`) VALUES ('74', 'EU8ZCPY3', '', '', '0000-00-00', '');
INSERT INTO `employee_nominee_details` (`emp_nom_id`, `employee_id`, `name`, `relation`, `date_of_birth`, `occupation`) VALUES ('75', 'EU8ZCPY3', '', '', '0000-00-00', '');
INSERT INTO `employee_nominee_details` (`emp_nom_id`, `employee_id`, `name`, `relation`, `date_of_birth`, `occupation`) VALUES ('76', 'EU8ZCPY3', '', '', '0000-00-00', '');
INSERT INTO `employee_nominee_details` (`emp_nom_id`, `employee_id`, `name`, `relation`, `date_of_birth`, `occupation`) VALUES ('77', 'EZG37D5H', '', '', '0000-00-00', '');
INSERT INTO `employee_nominee_details` (`emp_nom_id`, `employee_id`, `name`, `relation`, `date_of_birth`, `occupation`) VALUES ('78', 'EZG37D5H', '', '', '0000-00-00', '');
INSERT INTO `employee_nominee_details` (`emp_nom_id`, `employee_id`, `name`, `relation`, `date_of_birth`, `occupation`) VALUES ('79', 'EZG37D5H', '', '', '0000-00-00', '');
INSERT INTO `employee_nominee_details` (`emp_nom_id`, `employee_id`, `name`, `relation`, `date_of_birth`, `occupation`) VALUES ('80', 'EZG37D5H', '', '', '0000-00-00', '');
INSERT INTO `employee_nominee_details` (`emp_nom_id`, `employee_id`, `name`, `relation`, `date_of_birth`, `occupation`) VALUES ('81', 'E1BWSL99', '', '', '0000-00-00', '');
INSERT INTO `employee_nominee_details` (`emp_nom_id`, `employee_id`, `name`, `relation`, `date_of_birth`, `occupation`) VALUES ('82', 'E1BWSL99', '', '', '0000-00-00', '');
INSERT INTO `employee_nominee_details` (`emp_nom_id`, `employee_id`, `name`, `relation`, `date_of_birth`, `occupation`) VALUES ('83', 'E1BWSL99', '', '', '0000-00-00', '');
INSERT INTO `employee_nominee_details` (`emp_nom_id`, `employee_id`, `name`, `relation`, `date_of_birth`, `occupation`) VALUES ('84', 'E1BWSL99', '', '', '0000-00-00', '');
INSERT INTO `employee_nominee_details` (`emp_nom_id`, `employee_id`, `name`, `relation`, `date_of_birth`, `occupation`) VALUES ('85', 'EH66T9HS', '', '', '0000-00-00', '');
INSERT INTO `employee_nominee_details` (`emp_nom_id`, `employee_id`, `name`, `relation`, `date_of_birth`, `occupation`) VALUES ('86', 'EH66T9HS', '', '', '0000-00-00', '');
INSERT INTO `employee_nominee_details` (`emp_nom_id`, `employee_id`, `name`, `relation`, `date_of_birth`, `occupation`) VALUES ('87', 'EH66T9HS', '', '', '0000-00-00', '');
INSERT INTO `employee_nominee_details` (`emp_nom_id`, `employee_id`, `name`, `relation`, `date_of_birth`, `occupation`) VALUES ('88', 'EH66T9HS', '', '', '0000-00-00', '');


#
# TABLE STRUCTURE FOR: employee_paid_leave
#

DROP TABLE IF EXISTS `employee_paid_leave`;

CREATE TABLE `employee_paid_leave` (
  `pl_id` int(11) NOT NULL,
  `employee_id` varchar(30) NOT NULL,
  `no_leave` int(11) NOT NULL,
  `year` int(11) NOT NULL,
  PRIMARY KEY (`pl_id`)
) ENGINE=MyISAM DEFAULT CHARSET=latin1;

INSERT INTO `employee_paid_leave` (`pl_id`, `employee_id`, `no_leave`, `year`) VALUES ('1', 'EV5FBIF1', '20', '2019');


#
# TABLE STRUCTURE FOR: employee_performance
#

DROP TABLE IF EXISTS `employee_performance`;

CREATE TABLE `employee_performance` (
  `emp_per_id` int(11) NOT NULL AUTO_INCREMENT,
  `employee_id` varchar(50) CHARACTER SET latin1 NOT NULL,
  `note` varchar(50) CHARACTER SET latin1 NOT NULL,
  `date` varchar(50) CHARACTER SET latin1 NOT NULL,
  `note_by` varchar(50) CHARACTER SET latin1 NOT NULL,
  `number_of_star` int(11) NOT NULL,
  `status` varchar(50) CHARACTER SET latin1 NOT NULL,
  `updated_by` varchar(50) CHARACTER SET latin1 NOT NULL,
  PRIMARY KEY (`emp_per_id`)
) ENGINE=InnoDB DEFAULT CHARSET=utf8;

#
# TABLE STRUCTURE FOR: employee_position
#

DROP TABLE IF EXISTS `employee_position`;

CREATE TABLE `employee_position` (
  `emp_pos_id` int(10) unsigned NOT NULL,
  `employee_id` varchar(50) CHARACTER SET latin1 NOT NULL,
  `first_name` varchar(50) CHARACTER SET latin1 NOT NULL,
  `position_name` varchar(50) CHARACTER SET latin1 NOT NULL,
  `position_details` varchar(100) CHARACTER SET latin1 NOT NULL
) ENGINE=InnoDB DEFAULT CHARSET=utf8;

#
# TABLE STRUCTURE FOR: employee_sal_pay_type
#

DROP TABLE IF EXISTS `employee_sal_pay_type`;

CREATE TABLE `employee_sal_pay_type` (
  `emp_sal_pay_type_id` int(11) unsigned NOT NULL,
  `payment_period` varchar(50) CHARACTER SET latin1 NOT NULL
) ENGINE=InnoDB DEFAULT CHARSET=utf8;

INSERT INTO `employee_sal_pay_type` (`emp_sal_pay_type_id`, `payment_period`) VALUES ('0', 'monthly');
INSERT INTO `employee_sal_pay_type` (`emp_sal_pay_type_id`, `payment_period`) VALUES ('1', 'monthly');


#
# TABLE STRUCTURE FOR: employee_salary_details
#

DROP TABLE IF EXISTS `employee_salary_details`;

CREATE TABLE `employee_salary_details` (
  `emp_sal_det_id` int(11) NOT NULL AUTO_INCREMENT,
  `employee_id` varchar(30) NOT NULL,
  `basic` varchar(250) NOT NULL,
  `hra` varchar(250) NOT NULL,
  `ca` varchar(250) NOT NULL,
  `ma` varchar(250) NOT NULL,
  `esi_status` int(11) NOT NULL,
  `ta` varchar(250) NOT NULL,
  `pf` varchar(250) NOT NULL,
  `esi` varchar(250) NOT NULL,
  `advance` varchar(250) NOT NULL,
  `loan` varchar(250) NOT NULL,
  `tds` varchar(250) NOT NULL,
  `earned_salary_after_hra` varchar(250) NOT NULL,
  `earned_salary` varchar(250) NOT NULL,
  `total_deductions` varchar(250) NOT NULL,
  `salary_payable` varchar(250) NOT NULL,
  `employer_pf` varchar(250) NOT NULL,
  `employer_esi` varchar(250) NOT NULL,
  `gross_salary` varchar(250) NOT NULL,
  `net_salary` varchar(250) NOT NULL,
  `month` int(11) NOT NULL,
  `present_days` varchar(250) NOT NULL,
  `adj_leave` varchar(250) NOT NULL,
  `total_days` varchar(250) NOT NULL,
  `num_days_n_month` varchar(250) NOT NULL,
  `d_leave` varchar(250) NOT NULL,
  `paid_level` varchar(250) NOT NULL,
  `financial_year` int(11) NOT NULL,
  `added_date` timestamp NOT NULL DEFAULT CURRENT_TIMESTAMP,
  PRIMARY KEY (`emp_sal_det_id`)
) ENGINE=MyISAM AUTO_INCREMENT=22 DEFAULT CHARSET=latin1;

INSERT INTO `employee_salary_details` (`emp_sal_det_id`, `employee_id`, `basic`, `hra`, `ca`, `ma`, `esi_status`, `ta`, `pf`, `esi`, `advance`, `loan`, `tds`, `earned_salary_after_hra`, `earned_salary`, `total_deductions`, `salary_payable`, `employer_pf`, `employer_esi`, `gross_salary`, `net_salary`, `month`, `present_days`, `adj_leave`, `total_days`, `num_days_n_month`, `d_leave`, `paid_level`, `financial_year`, `added_date`) VALUES ('19', 'EV5FBIF1', '4900', '1400', '700', '0', '1', '', '588', '98.79032258064517', '', '', '', '4900', '5645.1612903225805', '686.7903225806451', '4958.370967741936', '644.35', '268.14516129032256', '7000', '4958.370967741936', '5', '1', '20', '25', '31', '6', '0', '2019', '2019-05-27 07:17:31');
INSERT INTO `employee_salary_details` (`emp_sal_det_id`, `employee_id`, `basic`, `hra`, `ca`, `ma`, `esi_status`, `ta`, `pf`, `esi`, `advance`, `loan`, `tds`, `earned_salary_after_hra`, `earned_salary`, `total_deductions`, `salary_payable`, `employer_pf`, `employer_esi`, `gross_salary`, `net_salary`, `month`, `present_days`, `adj_leave`, `total_days`, `num_days_n_month`, `d_leave`, `paid_level`, `financial_year`, `added_date`) VALUES ('20', 'E33ERDWE', '19600', '14700', '7350', '7350', '0', '', '2352', '0', '', '', '', '19600', '7903.225806451614', '2352', '5551.225806451614', '2577.4', '0', '49000', '5551.225806451614', '5', '1', '0', '5', '31', '26', '', '2019', '2019-05-27 07:23:49');
INSERT INTO `employee_salary_details` (`emp_sal_det_id`, `employee_id`, `basic`, `hra`, `ca`, `ma`, `esi_status`, `ta`, `pf`, `esi`, `advance`, `loan`, `tds`, `earned_salary_after_hra`, `earned_salary`, `total_deductions`, `salary_payable`, `employer_pf`, `employer_esi`, `gross_salary`, `net_salary`, `month`, `present_days`, `adj_leave`, `total_days`, `num_days_n_month`, `d_leave`, `paid_level`, `financial_year`, `added_date`) VALUES ('21', 'E33ERDWE', '19600', '14700', '7350', '7350', '0', '', '2352', '0', '', '', '', '19600', '7903.225806451614', '2352', '5551.225806451614', '2577.4', '0', '49000', '5551.225806451614', '5', '1', '0', '5', '31', '26', '', '2019', '2019-05-29 04:38:41');


#
# TABLE STRUCTURE FOR: employee_salary_payment
#

DROP TABLE IF EXISTS `employee_salary_payment`;

CREATE TABLE `employee_salary_payment` (
  `emp_sal_pay_id` int(11) NOT NULL AUTO_INCREMENT,
  `employee_id` varchar(50) CHARACTER SET latin1 NOT NULL,
  `total_salary` varchar(50) CHARACTER SET latin1 NOT NULL,
  `total_working_minutes` varchar(50) CHARACTER SET latin1 NOT NULL,
  `working_period` varchar(50) CHARACTER SET latin1 NOT NULL,
  `payment_due` varchar(50) CHARACTER SET latin1 NOT NULL,
  `payment_date` varchar(50) CHARACTER SET latin1 NOT NULL,
  `paid_by` varchar(50) CHARACTER SET latin1 NOT NULL,
  PRIMARY KEY (`emp_sal_pay_id`)
) ENGINE=InnoDB AUTO_INCREMENT=10 DEFAULT CHARSET=utf8;

INSERT INTO `employee_salary_payment` (`emp_sal_pay_id`, `employee_id`, `total_salary`, `total_working_minutes`, `working_period`, `payment_due`, `payment_date`, `paid_by`) VALUES ('7', 'EV5FBIF1', '4958.370967741936', '0.03', '2', '', '', '');
INSERT INTO `employee_salary_payment` (`emp_sal_pay_id`, `employee_id`, `total_salary`, `total_working_minutes`, `working_period`, `payment_due`, `payment_date`, `paid_by`) VALUES ('8', 'E33ERDWE', '5551.225806451614', '3.84', '1', '', '', '');
INSERT INTO `employee_salary_payment` (`emp_sal_pay_id`, `employee_id`, `total_salary`, `total_working_minutes`, `working_period`, `payment_due`, `payment_date`, `paid_by`) VALUES ('9', 'E33ERDWE', '5551.225806451614', '3.84', '1', '', '', '');


#
# TABLE STRUCTURE FOR: employee_salary_setup
#

DROP TABLE IF EXISTS `employee_salary_setup`;

CREATE TABLE `employee_salary_setup` (
  `e_s_s_id` int(11) unsigned NOT NULL AUTO_INCREMENT,
  `employee_id` varchar(30) CHARACTER SET latin1 NOT NULL,
  `sal_type` varchar(30) NOT NULL,
  `salary_type_id` varchar(30) CHARACTER SET latin1 NOT NULL,
  `amount` varchar(30) CHARACTER SET latin1 NOT NULL,
  `create_date` date DEFAULT NULL,
  `update_date` datetime(6) DEFAULT NULL,
  `update_id` varchar(30) CHARACTER SET latin1 NOT NULL,
  `gross_salary` float NOT NULL,
  PRIMARY KEY (`e_s_s_id`)
) ENGINE=InnoDB AUTO_INCREMENT=20 DEFAULT CHARSET=utf8;

INSERT INTO `employee_salary_setup` (`e_s_s_id`, `employee_id`, `sal_type`, `salary_type_id`, `amount`, `create_date`, `update_date`, `update_id`, `gross_salary`) VALUES ('17', 'EV5FBIF1', '0', '0', '0', '2019-05-27', NULL, '', '7000');
INSERT INTO `employee_salary_setup` (`e_s_s_id`, `employee_id`, `sal_type`, `salary_type_id`, `amount`, `create_date`, `update_date`, `update_id`, `gross_salary`) VALUES ('18', 'E33ERDWE', '0', '0', '0', '2019-05-27', NULL, '', '49000');
INSERT INTO `employee_salary_setup` (`e_s_s_id`, `employee_id`, `sal_type`, `salary_type_id`, `amount`, `create_date`, `update_date`, `update_id`, `gross_salary`) VALUES ('19', 'E33ERDWE', '0', '0', '0', '2019-05-29', NULL, '', '49000');


#
# TABLE STRUCTURE FOR: equipment
#

DROP TABLE IF EXISTS `equipment`;

CREATE TABLE `equipment` (
  `equipment_id` int(11) NOT NULL AUTO_INCREMENT,
  `equipment_name` varchar(100) NOT NULL,
  `type_id` int(11) NOT NULL,
  `model` varchar(100) NOT NULL,
  `serial_no` varchar(50) NOT NULL,
  `is_assign` tinyint(4) NOT NULL DEFAULT '0',
  PRIMARY KEY (`equipment_id`)
) ENGINE=InnoDB AUTO_INCREMENT=9 DEFAULT CHARSET=latin1;

INSERT INTO `equipment` (`equipment_id`, `equipment_name`, `type_id`, `model`, `serial_no`, `is_assign`) VALUES ('1', 'Computer 1', '4', 'rt5t4656', 'dfg3434', '0');
INSERT INTO `equipment` (`equipment_id`, `equipment_name`, `type_id`, `model`, `serial_no`, `is_assign`) VALUES ('2', 'Computer 2', '4', 'rt5t4656gfg', 'dfg3434ghg', '0');
INSERT INTO `equipment` (`equipment_id`, `equipment_name`, `type_id`, `model`, `serial_no`, `is_assign`) VALUES ('3', 'Computer 3', '4', 'fd454', 'gdth2455', '0');
INSERT INTO `equipment` (`equipment_id`, `equipment_name`, `type_id`, `model`, `serial_no`, `is_assign`) VALUES ('4', 'Computer 4', '4', 'rt5tgfg4656', 'dfg3434465', '0');
INSERT INTO `equipment` (`equipment_id`, `equipment_name`, `type_id`, `model`, `serial_no`, `is_assign`) VALUES ('5', 'Car 1', '3', 'Ford Pinto', '656653656', '1');
INSERT INTO `equipment` (`equipment_id`, `equipment_name`, `type_id`, `model`, `serial_no`, `is_assign`) VALUES ('6', 'Car 2', '3', 'Ford Pinto', '45645', '1');
INSERT INTO `equipment` (`equipment_id`, `equipment_name`, `type_id`, `model`, `serial_no`, `is_assign`) VALUES ('7', 'Car 3', '3', 'Maruti Alto', '885656fd', '0');
INSERT INTO `equipment` (`equipment_id`, `equipment_name`, `type_id`, `model`, `serial_no`, `is_assign`) VALUES ('8', 'Car 4', '3', 'Maruti Alto', '656564r', '0');


#
# TABLE STRUCTURE FOR: equipment_type
#

DROP TABLE IF EXISTS `equipment_type`;

CREATE TABLE `equipment_type` (
  `type_id` int(11) NOT NULL AUTO_INCREMENT,
  `type_name` varchar(100) NOT NULL,
  PRIMARY KEY (`type_id`)
) ENGINE=InnoDB AUTO_INCREMENT=5 DEFAULT CHARSET=latin1;

INSERT INTO `equipment_type` (`type_id`, `type_name`) VALUES ('1', 'Equipment');
INSERT INTO `equipment_type` (`type_id`, `type_name`) VALUES ('2', 'Furniture');
INSERT INTO `equipment_type` (`type_id`, `type_name`) VALUES ('3', 'Vehicles');
INSERT INTO `equipment_type` (`type_id`, `type_name`) VALUES ('4', 'Machinery');


#
# TABLE STRUCTURE FOR: event_detail
#

DROP TABLE IF EXISTS `event_detail`;

CREATE TABLE `event_detail` (
  `idevent` int(11) NOT NULL AUTO_INCREMENT,
  `event_date` date NOT NULL,
  `event_time` time NOT NULL,
  `event` varchar(200) NOT NULL,
  PRIMARY KEY (`idevent`),
  KEY `event_date` (`event_date`)
) ENGINE=InnoDB AUTO_INCREMENT=15 DEFAULT CHARSET=latin1;

INSERT INTO `event_detail` (`idevent`, `event_date`, `event_time`, `event`) VALUES ('3', '2017-08-19', '02:11:13', 'good');
INSERT INTO `event_detail` (`idevent`, `event_date`, `event_time`, `event`) VALUES ('4', '2017-10-12', '01:05:00', 'Hi');
INSERT INTO `event_detail` (`idevent`, `event_date`, `event_time`, `event`) VALUES ('6', '2017-08-02', '02:02:00', 'gfdfg');
INSERT INTO `event_detail` (`idevent`, `event_date`, `event_time`, `event`) VALUES ('7', '2017-08-19', '03:05:00', 'Hello alamin');
INSERT INTO `event_detail` (`idevent`, `event_date`, `event_time`, `event`) VALUES ('10', '2017-08-21', '01:02:00', 'hj');
INSERT INTO `event_detail` (`idevent`, `event_date`, `event_time`, `event`) VALUES ('11', '2017-08-21', '01:02:00', 'teas');
INSERT INTO `event_detail` (`idevent`, `event_date`, `event_time`, `event`) VALUES ('13', '2017-08-02', '01:03:00', 'how');
INSERT INTO `event_detail` (`idevent`, `event_date`, `event_time`, `event`) VALUES ('14', '2017-08-23', '03:03:00', 'how are you');


#
# TABLE STRUCTURE FOR: events
#

DROP TABLE IF EXISTS `events`;

CREATE TABLE `events` (
  `event_date` date NOT NULL,
  `total_events` int(50) NOT NULL DEFAULT '0',
  PRIMARY KEY (`event_date`)
) ENGINE=InnoDB DEFAULT CHARSET=latin1;

INSERT INTO `events` (`event_date`, `total_events`) VALUES ('2017-08-02', '2');
INSERT INTO `events` (`event_date`, `total_events`) VALUES ('2017-08-19', '2');
INSERT INTO `events` (`event_date`, `total_events`) VALUES ('2017-08-21', '2');
INSERT INTO `events` (`event_date`, `total_events`) VALUES ('2017-08-23', '1');
INSERT INTO `events` (`event_date`, `total_events`) VALUES ('2017-10-12', '1');


#
# TABLE STRUCTURE FOR: file_track
#

DROP TABLE IF EXISTS `file_track`;

CREATE TABLE `file_track` (
  `file_id` int(50) NOT NULL AUTO_INCREMENT,
  `file_name` varchar(200) NOT NULL,
  `file_desc` varchar(500) NOT NULL,
  `file_reg` date NOT NULL,
  `file_exp` date NOT NULL,
  `filee_file` varchar(5000) NOT NULL,
  `file_status` varchar(100) NOT NULL,
  `parent_id` varchar(200) NOT NULL,
  PRIMARY KEY (`file_id`)
) ENGINE=MyISAM AUTO_INCREMENT=2 DEFAULT CHARSET=latin1;

INSERT INTO `file_track` (`file_id`, `file_name`, `file_desc`, `file_reg`, `file_exp`, `filee_file`, `file_status`, `parent_id`) VALUES ('1', 'test file', 'qwerty', '2019-05-22', '2019-05-30', '20190406_202659_0000.png', 'Opened', '1');


#
# TABLE STRUCTURE FOR: gender
#

DROP TABLE IF EXISTS `gender`;

CREATE TABLE `gender` (
  `id` int(11) NOT NULL AUTO_INCREMENT,
  `gender_name` varchar(30) NOT NULL,
  PRIMARY KEY (`id`)
) ENGINE=InnoDB AUTO_INCREMENT=4 DEFAULT CHARSET=latin1;

INSERT INTO `gender` (`id`, `gender_name`) VALUES ('1', 'Male');
INSERT INTO `gender` (`id`, `gender_name`) VALUES ('2', 'Female');
INSERT INTO `gender` (`id`, `gender_name`) VALUES ('3', 'Other');


#
# TABLE STRUCTURE FOR: grand_loan
#

DROP TABLE IF EXISTS `grand_loan`;

CREATE TABLE `grand_loan` (
  `loan_id` int(11) NOT NULL AUTO_INCREMENT,
  `employee_id` varchar(50) CHARACTER SET latin1 NOT NULL,
  `permission_by` varchar(30) CHARACTER SET latin1 NOT NULL,
  `loan_details` varchar(30) CHARACTER SET latin1 NOT NULL,
  `amount` varchar(30) CHARACTER SET latin1 NOT NULL,
  `interest_rate` varchar(30) CHARACTER SET latin1 NOT NULL,
  `installment` varchar(30) CHARACTER SET latin1 NOT NULL,
  `installment_period` varchar(30) CHARACTER SET latin1 NOT NULL,
  `repayment_amount` varchar(30) CHARACTER SET latin1 NOT NULL,
  `date_of_approve` varchar(30) CHARACTER SET latin1 NOT NULL,
  `repayment_start_date` varchar(30) CHARACTER SET latin1 NOT NULL,
  `created_by` varchar(30) CHARACTER SET latin1 NOT NULL,
  `updated_by` varchar(30) CHARACTER SET latin1 NOT NULL,
  `loan_status` varchar(30) CHARACTER SET latin1 NOT NULL,
  PRIMARY KEY (`loan_id`)
) ENGINE=InnoDB AUTO_INCREMENT=2 DEFAULT CHARSET=utf8;

INSERT INTO `grand_loan` (`loan_id`, `employee_id`, `permission_by`, `loan_details`, `amount`, `interest_rate`, `installment`, `installment_period`, `repayment_amount`, `date_of_approve`, `repayment_start_date`, `created_by`, `updated_by`, `loan_status`) VALUES ('1', 'EV5FBIF1', 'EMVMBTIK', '', '1000', '2', '340', '3', '1020', '2019-04-30', '2019-05-09', '', '', '1');


#
# TABLE STRUCTURE FOR: job_advertisement
#

DROP TABLE IF EXISTS `job_advertisement`;

CREATE TABLE `job_advertisement` (
  `job_adv_id` int(10) unsigned NOT NULL,
  `pos_id` varchar(30) CHARACTER SET latin1 NOT NULL,
  `adv_circular_date` varchar(30) CHARACTER SET latin1 NOT NULL,
  `circular_dadeline` varchar(30) CHARACTER SET latin1 NOT NULL,
  `adv_file` tinytext CHARACTER SET latin1 NOT NULL,
  `adv_details` varchar(255) CHARACTER SET latin1 NOT NULL
) ENGINE=InnoDB DEFAULT CHARSET=utf8;

#
# TABLE STRUCTURE FOR: language
#

DROP TABLE IF EXISTS `language`;

CREATE TABLE `language` (
  `id` int(11) NOT NULL AUTO_INCREMENT,
  `phrase` varchar(100) NOT NULL,
  `english` varchar(255) NOT NULL,
  PRIMARY KEY (`id`)
) ENGINE=InnoDB AUTO_INCREMENT=771 DEFAULT CHARSET=utf8;

INSERT INTO `language` (`id`, `phrase`, `english`) VALUES ('2', 'login', 'Login');
INSERT INTO `language` (`id`, `phrase`, `english`) VALUES ('3', 'email', 'Email Address');
INSERT INTO `language` (`id`, `phrase`, `english`) VALUES ('4', 'password', 'Password');
INSERT INTO `language` (`id`, `phrase`, `english`) VALUES ('5', 'reset', 'Reset');
INSERT INTO `language` (`id`, `phrase`, `english`) VALUES ('6', 'dashboard', 'Dashboard');
INSERT INTO `language` (`id`, `phrase`, `english`) VALUES ('7', 'home', 'Home');
INSERT INTO `language` (`id`, `phrase`, `english`) VALUES ('8', 'profile', 'Profile');
INSERT INTO `language` (`id`, `phrase`, `english`) VALUES ('9', 'profile_setting', 'Profile Setting');
INSERT INTO `language` (`id`, `phrase`, `english`) VALUES ('10', 'firstname', 'First Name');
INSERT INTO `language` (`id`, `phrase`, `english`) VALUES ('11', 'lastname', 'Last Name');
INSERT INTO `language` (`id`, `phrase`, `english`) VALUES ('12', 'about', 'About');
INSERT INTO `language` (`id`, `phrase`, `english`) VALUES ('13', 'preview', 'Preview');
INSERT INTO `language` (`id`, `phrase`, `english`) VALUES ('14', 'image', 'Image');
INSERT INTO `language` (`id`, `phrase`, `english`) VALUES ('15', 'save', 'Save');
INSERT INTO `language` (`id`, `phrase`, `english`) VALUES ('16', 'upload_successfully', 'Upload Successfully!');
INSERT INTO `language` (`id`, `phrase`, `english`) VALUES ('17', 'user_added_successfully', 'User Added Successfully!');
INSERT INTO `language` (`id`, `phrase`, `english`) VALUES ('18', 'please_try_again', 'Please Try Again...');
INSERT INTO `language` (`id`, `phrase`, `english`) VALUES ('19', 'inbox_message', 'Inbox Messages');
INSERT INTO `language` (`id`, `phrase`, `english`) VALUES ('20', 'sent_message', 'Sent Message');
INSERT INTO `language` (`id`, `phrase`, `english`) VALUES ('21', 'message_details', 'Message Details');
INSERT INTO `language` (`id`, `phrase`, `english`) VALUES ('22', 'new_message', 'New Message');
INSERT INTO `language` (`id`, `phrase`, `english`) VALUES ('23', 'receiver_name', 'Receiver Name');
INSERT INTO `language` (`id`, `phrase`, `english`) VALUES ('24', 'sender_name', 'Sender Name');
INSERT INTO `language` (`id`, `phrase`, `english`) VALUES ('25', 'subject', 'Subject');
INSERT INTO `language` (`id`, `phrase`, `english`) VALUES ('26', 'message', 'Message');
INSERT INTO `language` (`id`, `phrase`, `english`) VALUES ('27', 'message_sent', 'Message Sent!');
INSERT INTO `language` (`id`, `phrase`, `english`) VALUES ('28', 'ip_address', 'IP Address');
INSERT INTO `language` (`id`, `phrase`, `english`) VALUES ('29', 'last_login', 'Last Login');
INSERT INTO `language` (`id`, `phrase`, `english`) VALUES ('30', 'last_logout', 'Last Logout');
INSERT INTO `language` (`id`, `phrase`, `english`) VALUES ('31', 'status', 'Status');
INSERT INTO `language` (`id`, `phrase`, `english`) VALUES ('32', 'delete_successfully', 'Delete Successfully!');
INSERT INTO `language` (`id`, `phrase`, `english`) VALUES ('33', 'send', 'Send');
INSERT INTO `language` (`id`, `phrase`, `english`) VALUES ('34', 'date', 'Date');
INSERT INTO `language` (`id`, `phrase`, `english`) VALUES ('35', 'action', 'Action');
INSERT INTO `language` (`id`, `phrase`, `english`) VALUES ('36', 'sl_no', 'SL No.');
INSERT INTO `language` (`id`, `phrase`, `english`) VALUES ('37', 'are_you_sure', 'Are You Sure ? ');
INSERT INTO `language` (`id`, `phrase`, `english`) VALUES ('38', 'application_setting', 'Application Setting');
INSERT INTO `language` (`id`, `phrase`, `english`) VALUES ('39', 'application_title', 'Application Title');
INSERT INTO `language` (`id`, `phrase`, `english`) VALUES ('40', 'address', 'Address');
INSERT INTO `language` (`id`, `phrase`, `english`) VALUES ('41', 'phone', 'Phone');
INSERT INTO `language` (`id`, `phrase`, `english`) VALUES ('42', 'favicon', 'Favicon');
INSERT INTO `language` (`id`, `phrase`, `english`) VALUES ('43', 'logo', 'Logo');
INSERT INTO `language` (`id`, `phrase`, `english`) VALUES ('44', 'language', 'Language');
INSERT INTO `language` (`id`, `phrase`, `english`) VALUES ('45', 'left_to_right', 'Left To Right');
INSERT INTO `language` (`id`, `phrase`, `english`) VALUES ('46', 'right_to_left', 'Right To Left');
INSERT INTO `language` (`id`, `phrase`, `english`) VALUES ('47', 'footer_text', 'Footer Text');
INSERT INTO `language` (`id`, `phrase`, `english`) VALUES ('48', 'site_align', 'Application Alignment');
INSERT INTO `language` (`id`, `phrase`, `english`) VALUES ('49', 'welcome_back', 'Welcome Back!');
INSERT INTO `language` (`id`, `phrase`, `english`) VALUES ('50', 'please_contact_with_admin', 'Please Contact With Admin');
INSERT INTO `language` (`id`, `phrase`, `english`) VALUES ('51', 'incorrect_email_or_password', 'Incorrect Email/Password');
INSERT INTO `language` (`id`, `phrase`, `english`) VALUES ('52', 'select_option', 'Select Option');
INSERT INTO `language` (`id`, `phrase`, `english`) VALUES ('53', 'ftp_setting', 'Data Synchronize [FTP Setting]');
INSERT INTO `language` (`id`, `phrase`, `english`) VALUES ('54', 'hostname', 'Host Name');
INSERT INTO `language` (`id`, `phrase`, `english`) VALUES ('55', 'username', 'User Name');
INSERT INTO `language` (`id`, `phrase`, `english`) VALUES ('56', 'ftp_port', 'FTP Port');
INSERT INTO `language` (`id`, `phrase`, `english`) VALUES ('57', 'ftp_debug', 'FTP Debug');
INSERT INTO `language` (`id`, `phrase`, `english`) VALUES ('58', 'project_root', 'Project Root');
INSERT INTO `language` (`id`, `phrase`, `english`) VALUES ('59', 'update_successfully', 'Update Successfully');
INSERT INTO `language` (`id`, `phrase`, `english`) VALUES ('60', 'save_successfully', 'Save Successfully!');
INSERT INTO `language` (`id`, `phrase`, `english`) VALUES ('61', 'delete_successfully', 'Delete Successfully!');
INSERT INTO `language` (`id`, `phrase`, `english`) VALUES ('62', 'internet_connection', 'Internet Connection');
INSERT INTO `language` (`id`, `phrase`, `english`) VALUES ('63', 'ok', 'Ok');
INSERT INTO `language` (`id`, `phrase`, `english`) VALUES ('64', 'not_available', 'Not Available');
INSERT INTO `language` (`id`, `phrase`, `english`) VALUES ('65', 'available', 'Available');
INSERT INTO `language` (`id`, `phrase`, `english`) VALUES ('66', 'outgoing_file', 'Outgoing File');
INSERT INTO `language` (`id`, `phrase`, `english`) VALUES ('67', 'incoming_file', 'Incoming File');
INSERT INTO `language` (`id`, `phrase`, `english`) VALUES ('68', 'data_synchronize', 'Data Synchronize');
INSERT INTO `language` (`id`, `phrase`, `english`) VALUES ('69', 'unable_to_upload_file_please_check_configuration', 'Unable to upload file! please check configuration');
INSERT INTO `language` (`id`, `phrase`, `english`) VALUES ('70', 'please_configure_synchronizer_settings', 'Please configure synchronizer settings');
INSERT INTO `language` (`id`, `phrase`, `english`) VALUES ('71', 'download_successfully', 'Download Successfully');
INSERT INTO `language` (`id`, `phrase`, `english`) VALUES ('72', 'unable_to_download_file_please_check_configuration', 'Unable to download file! please check configuration');
INSERT INTO `language` (`id`, `phrase`, `english`) VALUES ('73', 'data_import_first', 'Data Import First');
INSERT INTO `language` (`id`, `phrase`, `english`) VALUES ('74', 'data_import_successfully', 'Data Import Successfully!');
INSERT INTO `language` (`id`, `phrase`, `english`) VALUES ('75', 'unable_to_import_data_please_check_config_or_sql_file', 'Unable to import data! please check configuration / SQL file.');
INSERT INTO `language` (`id`, `phrase`, `english`) VALUES ('76', 'download_data_from_server', 'Download Data from Server');
INSERT INTO `language` (`id`, `phrase`, `english`) VALUES ('77', 'data_import_to_database', 'Data Import To Database');
INSERT INTO `language` (`id`, `phrase`, `english`) VALUES ('79', 'data_upload_to_server', 'Data Upload to Server');
INSERT INTO `language` (`id`, `phrase`, `english`) VALUES ('80', 'please_wait', 'Please Wait...');
INSERT INTO `language` (`id`, `phrase`, `english`) VALUES ('81', 'ooops_something_went_wrong', ' Ooops something went wrong...');
INSERT INTO `language` (`id`, `phrase`, `english`) VALUES ('82', 'module_permission_list', 'Module Permission List');
INSERT INTO `language` (`id`, `phrase`, `english`) VALUES ('83', 'user_permission', 'User Permission');
INSERT INTO `language` (`id`, `phrase`, `english`) VALUES ('84', 'add_module_permission', 'Add Module Permission');
INSERT INTO `language` (`id`, `phrase`, `english`) VALUES ('85', 'module_permission_added_successfully', 'Module Permission Added Successfully!');
INSERT INTO `language` (`id`, `phrase`, `english`) VALUES ('86', 'update_module_permission', 'Update Module Permission');
INSERT INTO `language` (`id`, `phrase`, `english`) VALUES ('87', 'download', 'Download');
INSERT INTO `language` (`id`, `phrase`, `english`) VALUES ('88', 'module_name', 'Module Name');
INSERT INTO `language` (`id`, `phrase`, `english`) VALUES ('89', 'create', 'Create');
INSERT INTO `language` (`id`, `phrase`, `english`) VALUES ('90', 'read', 'Read');
INSERT INTO `language` (`id`, `phrase`, `english`) VALUES ('91', 'update', 'Update');
INSERT INTO `language` (`id`, `phrase`, `english`) VALUES ('92', 'delete', 'Delete');
INSERT INTO `language` (`id`, `phrase`, `english`) VALUES ('93', 'module_list', 'Module List');
INSERT INTO `language` (`id`, `phrase`, `english`) VALUES ('94', 'add_module', 'Add Module');
INSERT INTO `language` (`id`, `phrase`, `english`) VALUES ('95', 'directory', 'Module Direcotory');
INSERT INTO `language` (`id`, `phrase`, `english`) VALUES ('96', 'description', 'Description');
INSERT INTO `language` (`id`, `phrase`, `english`) VALUES ('97', 'image_upload_successfully', 'Image Upload Successfully!');
INSERT INTO `language` (`id`, `phrase`, `english`) VALUES ('98', 'module_added_successfully', 'Module Added Successfully');
INSERT INTO `language` (`id`, `phrase`, `english`) VALUES ('99', 'inactive', 'Inactive');
INSERT INTO `language` (`id`, `phrase`, `english`) VALUES ('100', 'active', 'Active');
INSERT INTO `language` (`id`, `phrase`, `english`) VALUES ('101', 'user_list', 'User List');
INSERT INTO `language` (`id`, `phrase`, `english`) VALUES ('102', 'see_all_message', 'See All Messages');
INSERT INTO `language` (`id`, `phrase`, `english`) VALUES ('103', 'setting', 'Setting');
INSERT INTO `language` (`id`, `phrase`, `english`) VALUES ('104', 'logout', 'Logout');
INSERT INTO `language` (`id`, `phrase`, `english`) VALUES ('105', 'admin', 'Admin');
INSERT INTO `language` (`id`, `phrase`, `english`) VALUES ('106', 'add_user', 'Add User');
INSERT INTO `language` (`id`, `phrase`, `english`) VALUES ('107', 'user', 'User');
INSERT INTO `language` (`id`, `phrase`, `english`) VALUES ('108', 'module', 'Module');
INSERT INTO `language` (`id`, `phrase`, `english`) VALUES ('109', 'new', 'New');
INSERT INTO `language` (`id`, `phrase`, `english`) VALUES ('110', 'inbox', 'Inbox');
INSERT INTO `language` (`id`, `phrase`, `english`) VALUES ('111', 'sent', 'Sent');
INSERT INTO `language` (`id`, `phrase`, `english`) VALUES ('112', 'synchronize', 'Synchronize');
INSERT INTO `language` (`id`, `phrase`, `english`) VALUES ('113', 'data_synchronizer', 'Data Synchronizer');
INSERT INTO `language` (`id`, `phrase`, `english`) VALUES ('114', 'module_permission', 'Module Permission');
INSERT INTO `language` (`id`, `phrase`, `english`) VALUES ('115', 'backup_now', 'Backup Now!');
INSERT INTO `language` (`id`, `phrase`, `english`) VALUES ('116', 'restore_now', 'Restore Now!');
INSERT INTO `language` (`id`, `phrase`, `english`) VALUES ('117', 'backup_and_restore', 'Backup and Download');
INSERT INTO `language` (`id`, `phrase`, `english`) VALUES ('118', 'captcha', 'Captcha Word');
INSERT INTO `language` (`id`, `phrase`, `english`) VALUES ('119', 'database_backup', 'Database Backup');
INSERT INTO `language` (`id`, `phrase`, `english`) VALUES ('120', 'restore_successfully', 'Restore Successfully');
INSERT INTO `language` (`id`, `phrase`, `english`) VALUES ('121', 'backup_successfully', 'Backup Successfully');
INSERT INTO `language` (`id`, `phrase`, `english`) VALUES ('122', 'filename', 'File Name');
INSERT INTO `language` (`id`, `phrase`, `english`) VALUES ('123', 'file_information', 'File Information');
INSERT INTO `language` (`id`, `phrase`, `english`) VALUES ('124', 'size', 'size');
INSERT INTO `language` (`id`, `phrase`, `english`) VALUES ('125', 'backup_date', 'Backup Date');
INSERT INTO `language` (`id`, `phrase`, `english`) VALUES ('126', 'overwrite', 'Overwrite');
INSERT INTO `language` (`id`, `phrase`, `english`) VALUES ('127', 'invalid_file', 'Invalid File!');
INSERT INTO `language` (`id`, `phrase`, `english`) VALUES ('128', 'invalid_module', 'Invalid Module');
INSERT INTO `language` (`id`, `phrase`, `english`) VALUES ('129', 'remove_successfully', 'Remove Successfully!');
INSERT INTO `language` (`id`, `phrase`, `english`) VALUES ('130', 'install', 'Install');
INSERT INTO `language` (`id`, `phrase`, `english`) VALUES ('131', 'uninstall', 'Uninstall');
INSERT INTO `language` (`id`, `phrase`, `english`) VALUES ('132', 'tables_are_not_available_in_database', 'Tables are not available in database.sql');
INSERT INTO `language` (`id`, `phrase`, `english`) VALUES ('133', 'no_tables_are_registered_in_config', 'No tables are registerd in config.php');
INSERT INTO `language` (`id`, `phrase`, `english`) VALUES ('134', 'enquiry', 'Enquiry');
INSERT INTO `language` (`id`, `phrase`, `english`) VALUES ('135', 'read_unread', 'Read/Unread');
INSERT INTO `language` (`id`, `phrase`, `english`) VALUES ('136', 'enquiry_information', 'Enquiry Information');
INSERT INTO `language` (`id`, `phrase`, `english`) VALUES ('137', 'user_agent', 'User Agent');
INSERT INTO `language` (`id`, `phrase`, `english`) VALUES ('138', 'checked_by', 'Checked By');
INSERT INTO `language` (`id`, `phrase`, `english`) VALUES ('139', 'new_enquiry', 'New Enquiry');
INSERT INTO `language` (`id`, `phrase`, `english`) VALUES ('140', 'crud', 'Crud');
INSERT INTO `language` (`id`, `phrase`, `english`) VALUES ('141', 'view', 'View');
INSERT INTO `language` (`id`, `phrase`, `english`) VALUES ('142', 'name', 'Name');
INSERT INTO `language` (`id`, `phrase`, `english`) VALUES ('143', 'add', 'Address');
INSERT INTO `language` (`id`, `phrase`, `english`) VALUES ('144', 'ph', 'Phone');
INSERT INTO `language` (`id`, `phrase`, `english`) VALUES ('145', 'cid', 'SL No');
INSERT INTO `language` (`id`, `phrase`, `english`) VALUES ('146', 'view_atn', 'AttendanceView');
INSERT INTO `language` (`id`, `phrase`, `english`) VALUES ('147', 'mang', 'Employemanagement');
INSERT INTO `language` (`id`, `phrase`, `english`) VALUES ('148', 'designation', 'Position');
INSERT INTO `language` (`id`, `phrase`, `english`) VALUES ('149', 'test', 'Test');
INSERT INTO `language` (`id`, `phrase`, `english`) VALUES ('150', 'sl', 'SL');
INSERT INTO `language` (`id`, `phrase`, `english`) VALUES ('151', 'bdtask', 'BDTASK');
INSERT INTO `language` (`id`, `phrase`, `english`) VALUES ('152', 'practice', 'Practice');
INSERT INTO `language` (`id`, `phrase`, `english`) VALUES ('153', 'branch_name', 'Branch Name');
INSERT INTO `language` (`id`, `phrase`, `english`) VALUES ('154', 'chairman_name', 'Chairman');
INSERT INTO `language` (`id`, `phrase`, `english`) VALUES ('155', 'b_photo', 'Photo');
INSERT INTO `language` (`id`, `phrase`, `english`) VALUES ('156', 'b_address', 'Address');
INSERT INTO `language` (`id`, `phrase`, `english`) VALUES ('157', 'position', 'Position');
INSERT INTO `language` (`id`, `phrase`, `english`) VALUES ('158', 'advertisement', 'Advertisement');
INSERT INTO `language` (`id`, `phrase`, `english`) VALUES ('159', 'position_name', 'Position');
INSERT INTO `language` (`id`, `phrase`, `english`) VALUES ('160', 'position_details', 'Details');
INSERT INTO `language` (`id`, `phrase`, `english`) VALUES ('161', 'circularprocess', 'Recruitment');
INSERT INTO `language` (`id`, `phrase`, `english`) VALUES ('162', 'pos_id', 'Position');
INSERT INTO `language` (`id`, `phrase`, `english`) VALUES ('163', 'adv_circular_date', 'Publish Date');
INSERT INTO `language` (`id`, `phrase`, `english`) VALUES ('164', 'circular_dadeline', 'Dadeline');
INSERT INTO `language` (`id`, `phrase`, `english`) VALUES ('165', 'adv_file', 'Documents');
INSERT INTO `language` (`id`, `phrase`, `english`) VALUES ('166', 'adv_details', 'Details');
INSERT INTO `language` (`id`, `phrase`, `english`) VALUES ('167', 'attendance', 'Attendance');
INSERT INTO `language` (`id`, `phrase`, `english`) VALUES ('168', 'employee', 'Employee');
INSERT INTO `language` (`id`, `phrase`, `english`) VALUES ('169', 'emp_id', 'Employee Name');
INSERT INTO `language` (`id`, `phrase`, `english`) VALUES ('170', 'sign_in', 'Sign In');
INSERT INTO `language` (`id`, `phrase`, `english`) VALUES ('171', 'sign_out', 'Sign Out');
INSERT INTO `language` (`id`, `phrase`, `english`) VALUES ('172', 'staytime', 'Stay Time');
INSERT INTO `language` (`id`, `phrase`, `english`) VALUES ('173', 'abc', '1');
INSERT INTO `language` (`id`, `phrase`, `english`) VALUES ('174', 'first_name', 'First Name');
INSERT INTO `language` (`id`, `phrase`, `english`) VALUES ('175', 'last_name', 'Last Name');
INSERT INTO `language` (`id`, `phrase`, `english`) VALUES ('176', 'alter_phone', 'Alternative Phone');
INSERT INTO `language` (`id`, `phrase`, `english`) VALUES ('177', 'present_address', 'Present Address');
INSERT INTO `language` (`id`, `phrase`, `english`) VALUES ('178', 'parmanent_address', 'Permanent Address');
INSERT INTO `language` (`id`, `phrase`, `english`) VALUES ('179', 'candidateinfo', 'Candidate Info');
INSERT INTO `language` (`id`, `phrase`, `english`) VALUES ('180', 'add_advertisement', 'Add Advertisement');
INSERT INTO `language` (`id`, `phrase`, `english`) VALUES ('181', 'advertisement_list', 'Manage Advertisement ');
INSERT INTO `language` (`id`, `phrase`, `english`) VALUES ('182', 'candidate_basic_info', 'Candidate Information');
INSERT INTO `language` (`id`, `phrase`, `english`) VALUES ('183', 'can_basicinfo_list', 'Manage Candidate');
INSERT INTO `language` (`id`, `phrase`, `english`) VALUES ('184', 'add_canbasic_info', 'Add New Candidate');
INSERT INTO `language` (`id`, `phrase`, `english`) VALUES ('185', 'candidate_education_info', 'Candidate Educational Info');
INSERT INTO `language` (`id`, `phrase`, `english`) VALUES ('186', 'can_educationinfo_list', 'Candidate Edu Info list');
INSERT INTO `language` (`id`, `phrase`, `english`) VALUES ('187', 'add_edu_info', 'Add Educational Info');
INSERT INTO `language` (`id`, `phrase`, `english`) VALUES ('188', 'can_id', 'Candidate Id');
INSERT INTO `language` (`id`, `phrase`, `english`) VALUES ('189', 'degree_name', 'Obtained Degree');
INSERT INTO `language` (`id`, `phrase`, `english`) VALUES ('190', 'university_name', 'University');
INSERT INTO `language` (`id`, `phrase`, `english`) VALUES ('191', 'cgp', 'CGPA');
INSERT INTO `language` (`id`, `phrase`, `english`) VALUES ('192', 'comments', 'Comments');
INSERT INTO `language` (`id`, `phrase`, `english`) VALUES ('193', 'signature', 'Signature');
INSERT INTO `language` (`id`, `phrase`, `english`) VALUES ('194', 'candidate_workexperience', 'Candidate Work Experience');
INSERT INTO `language` (`id`, `phrase`, `english`) VALUES ('195', 'can_workexperience_list', 'Work Experience list');
INSERT INTO `language` (`id`, `phrase`, `english`) VALUES ('196', 'add_can_experience', 'Add Work Experience');
INSERT INTO `language` (`id`, `phrase`, `english`) VALUES ('197', 'company_name', 'Company Name');
INSERT INTO `language` (`id`, `phrase`, `english`) VALUES ('198', 'working_period', 'Working Period');
INSERT INTO `language` (`id`, `phrase`, `english`) VALUES ('199', 'duties', 'Duties');
INSERT INTO `language` (`id`, `phrase`, `english`) VALUES ('200', 'supervisor', 'Supervisor');
INSERT INTO `language` (`id`, `phrase`, `english`) VALUES ('201', 'candidate_workexpe', 'Candidate Work Experience');
INSERT INTO `language` (`id`, `phrase`, `english`) VALUES ('202', 'candidate_shortlist', 'Candidate Shortlist');
INSERT INTO `language` (`id`, `phrase`, `english`) VALUES ('203', 'shortlist_view', 'Manage Shortlist');
INSERT INTO `language` (`id`, `phrase`, `english`) VALUES ('204', 'add_shortlist', 'Add Shortlist');
INSERT INTO `language` (`id`, `phrase`, `english`) VALUES ('205', 'date_of_shortlist', 'Shortlist Date');
INSERT INTO `language` (`id`, `phrase`, `english`) VALUES ('206', 'interview_date', 'Interview Date');
INSERT INTO `language` (`id`, `phrase`, `english`) VALUES ('207', 'submit', 'Submit');
INSERT INTO `language` (`id`, `phrase`, `english`) VALUES ('208', 'candidate_id', 'Your ID');
INSERT INTO `language` (`id`, `phrase`, `english`) VALUES ('209', 'job_adv_id', 'Job Position');
INSERT INTO `language` (`id`, `phrase`, `english`) VALUES ('210', 'sequence', 'Sequence');
INSERT INTO `language` (`id`, `phrase`, `english`) VALUES ('211', 'candidate_interview', 'Interview');
INSERT INTO `language` (`id`, `phrase`, `english`) VALUES ('212', 'interview_list', 'Interview list');
INSERT INTO `language` (`id`, `phrase`, `english`) VALUES ('213', 'add_interview', 'Add interview');
INSERT INTO `language` (`id`, `phrase`, `english`) VALUES ('214', 'interviewer_id', 'Interviewer');
INSERT INTO `language` (`id`, `phrase`, `english`) VALUES ('215', 'interview_marks', 'Viva Marks');
INSERT INTO `language` (`id`, `phrase`, `english`) VALUES ('216', 'written_total_marks', 'Written Total Marks');
INSERT INTO `language` (`id`, `phrase`, `english`) VALUES ('217', 'mcq_total_marks', 'MCQ Total Marks');
INSERT INTO `language` (`id`, `phrase`, `english`) VALUES ('218', 'recommandation', 'Recommandation');
INSERT INTO `language` (`id`, `phrase`, `english`) VALUES ('219', 'selection', 'Selection');
INSERT INTO `language` (`id`, `phrase`, `english`) VALUES ('220', 'details', 'Details');
INSERT INTO `language` (`id`, `phrase`, `english`) VALUES ('221', 'candidate_selection', 'Candidate Selection');
INSERT INTO `language` (`id`, `phrase`, `english`) VALUES ('222', 'selection_list', 'Selection List');
INSERT INTO `language` (`id`, `phrase`, `english`) VALUES ('223', 'add_selection', 'Add Selection');
INSERT INTO `language` (`id`, `phrase`, `english`) VALUES ('224', 'employee_id', 'Employee Id');
INSERT INTO `language` (`id`, `phrase`, `english`) VALUES ('225', 'position_id', '1');
INSERT INTO `language` (`id`, `phrase`, `english`) VALUES ('226', 'selection_terms', 'Selection Terms');
INSERT INTO `language` (`id`, `phrase`, `english`) VALUES ('227', 'total_marks', 'Total Marks');
INSERT INTO `language` (`id`, `phrase`, `english`) VALUES ('228', 'photo', 'Picture');
INSERT INTO `language` (`id`, `phrase`, `english`) VALUES ('229', 'your_id', 'Your ID');
INSERT INTO `language` (`id`, `phrase`, `english`) VALUES ('230', 'change_image', 'Change Photo');
INSERT INTO `language` (`id`, `phrase`, `english`) VALUES ('231', 'picture', 'Photograph');
INSERT INTO `language` (`id`, `phrase`, `english`) VALUES ('232', 'ad', 'Add');
INSERT INTO `language` (`id`, `phrase`, `english`) VALUES ('233', 'write_y_p_info', 'Write Your Persoanal Information');
INSERT INTO `language` (`id`, `phrase`, `english`) VALUES ('234', 'emp_position', 'Employee Position');
INSERT INTO `language` (`id`, `phrase`, `english`) VALUES ('235', 'add_pos', 'Add Position');
INSERT INTO `language` (`id`, `phrase`, `english`) VALUES ('236', 'list_pos', 'List of Position');
INSERT INTO `language` (`id`, `phrase`, `english`) VALUES ('237', 'emp_salary_stup', 'Employee Salary SetUp');
INSERT INTO `language` (`id`, `phrase`, `english`) VALUES ('238', 'add_salary_stup', 'Add Salary Setup');
INSERT INTO `language` (`id`, `phrase`, `english`) VALUES ('239', 'list_salarystup', 'List of Salary Setup');
INSERT INTO `language` (`id`, `phrase`, `english`) VALUES ('240', 'emp_sal_name', 'Salary Name');
INSERT INTO `language` (`id`, `phrase`, `english`) VALUES ('241', 'emp_sal_type', 'Salary Type');
INSERT INTO `language` (`id`, `phrase`, `english`) VALUES ('242', 'emp_performance', 'Employee Performance');
INSERT INTO `language` (`id`, `phrase`, `english`) VALUES ('243', 'add_performance', 'Add Performance');
INSERT INTO `language` (`id`, `phrase`, `english`) VALUES ('244', 'list_performance', 'List of Performance');
INSERT INTO `language` (`id`, `phrase`, `english`) VALUES ('245', 'note', 'Note');
INSERT INTO `language` (`id`, `phrase`, `english`) VALUES ('246', 'note_by', 'Note By');
INSERT INTO `language` (`id`, `phrase`, `english`) VALUES ('247', 'number_of_star', 'Number of Star');
INSERT INTO `language` (`id`, `phrase`, `english`) VALUES ('248', 'updated_by', 'Updated By');
INSERT INTO `language` (`id`, `phrase`, `english`) VALUES ('249', 'emp_sal_payment', 'Manage Employee Salary');
INSERT INTO `language` (`id`, `phrase`, `english`) VALUES ('250', 'add_payment', 'Add Payment');
INSERT INTO `language` (`id`, `phrase`, `english`) VALUES ('251', 'list_payment', 'List of payment');
INSERT INTO `language` (`id`, `phrase`, `english`) VALUES ('252', 'total_salary', 'Total Salary');
INSERT INTO `language` (`id`, `phrase`, `english`) VALUES ('253', 'total_working_minutes', 'Working Hour');
INSERT INTO `language` (`id`, `phrase`, `english`) VALUES ('254', 'payment_due', 'Payment Type');
INSERT INTO `language` (`id`, `phrase`, `english`) VALUES ('255', 'payment_date', 'Date');
INSERT INTO `language` (`id`, `phrase`, `english`) VALUES ('256', 'paid_by', 'Paid By');
INSERT INTO `language` (`id`, `phrase`, `english`) VALUES ('257', 'view_employee_payment', 'Employee Payment List');
INSERT INTO `language` (`id`, `phrase`, `english`) VALUES ('258', 'sal_payment_type', 'Salary Payment Type');
INSERT INTO `language` (`id`, `phrase`, `english`) VALUES ('259', 'add_payment_type', 'Add Payment Type');
INSERT INTO `language` (`id`, `phrase`, `english`) VALUES ('260', 'list_payment_type', 'List of Payment Type');
INSERT INTO `language` (`id`, `phrase`, `english`) VALUES ('261', 'payment_period', 'Payment Period');
INSERT INTO `language` (`id`, `phrase`, `english`) VALUES ('262', 'payment_type', 'Payment Type');
INSERT INTO `language` (`id`, `phrase`, `english`) VALUES ('263', 'time', 'Punch Time');
INSERT INTO `language` (`id`, `phrase`, `english`) VALUES ('264', 'shift', 'Shift');
INSERT INTO `language` (`id`, `phrase`, `english`) VALUES ('265', 'location', 'Location');
INSERT INTO `language` (`id`, `phrase`, `english`) VALUES ('266', 'logtype', 'Log Type');
INSERT INTO `language` (`id`, `phrase`, `english`) VALUES ('267', 'branch', 'Branch');
INSERT INTO `language` (`id`, `phrase`, `english`) VALUES ('268', 'student', 'Students');
INSERT INTO `language` (`id`, `phrase`, `english`) VALUES ('269', 'csv', 'CSV');
INSERT INTO `language` (`id`, `phrase`, `english`) VALUES ('270', 'save_successfull', 'Your Data Save Successfully');
INSERT INTO `language` (`id`, `phrase`, `english`) VALUES ('271', 'successfully_updated', 'Your Data Successfully Updated');
INSERT INTO `language` (`id`, `phrase`, `english`) VALUES ('272', 'atn_form', 'Attendance Form');
INSERT INTO `language` (`id`, `phrase`, `english`) VALUES ('273', 'atn_report', 'Attendance Reports');
INSERT INTO `language` (`id`, `phrase`, `english`) VALUES ('274', 'end_date', 'To');
INSERT INTO `language` (`id`, `phrase`, `english`) VALUES ('275', 'start_date', 'From');
INSERT INTO `language` (`id`, `phrase`, `english`) VALUES ('276', 'done', 'Done');
INSERT INTO `language` (`id`, `phrase`, `english`) VALUES ('277', 'employee_id_se', 'Write Employee Id or name here ');
INSERT INTO `language` (`id`, `phrase`, `english`) VALUES ('278', 'attendance_repor', 'Attendance Report');
INSERT INTO `language` (`id`, `phrase`, `english`) VALUES ('279', 'e_time', 'End Time');
INSERT INTO `language` (`id`, `phrase`, `english`) VALUES ('280', 's_time', 'Start Time');
INSERT INTO `language` (`id`, `phrase`, `english`) VALUES ('281', 'atn_datewiserer', 'Date Wise Report');
INSERT INTO `language` (`id`, `phrase`, `english`) VALUES ('282', 'atn_report_id', 'Date And Id base Report');
INSERT INTO `language` (`id`, `phrase`, `english`) VALUES ('283', 'atn_report_time', 'Date And Time report');
INSERT INTO `language` (`id`, `phrase`, `english`) VALUES ('284', 'payroll', 'Payroll');
INSERT INTO `language` (`id`, `phrase`, `english`) VALUES ('285', 'loan', 'Loan');
INSERT INTO `language` (`id`, `phrase`, `english`) VALUES ('286', 'loan_grand', 'Grant Loan');
INSERT INTO `language` (`id`, `phrase`, `english`) VALUES ('287', 'add_loan', 'Add Loan');
INSERT INTO `language` (`id`, `phrase`, `english`) VALUES ('288', 'loan_list', 'List of Loan');
INSERT INTO `language` (`id`, `phrase`, `english`) VALUES ('289', 'loan_details', 'Loan Details');
INSERT INTO `language` (`id`, `phrase`, `english`) VALUES ('290', 'amount', 'Amount');
INSERT INTO `language` (`id`, `phrase`, `english`) VALUES ('291', 'interest_rate', 'Interest Percentage');
INSERT INTO `language` (`id`, `phrase`, `english`) VALUES ('292', 'installment_period', 'Installment Period');
INSERT INTO `language` (`id`, `phrase`, `english`) VALUES ('293', 'repayment_amount', 'Repayment Total');
INSERT INTO `language` (`id`, `phrase`, `english`) VALUES ('294', 'date_of_approve', 'Approve Date');
INSERT INTO `language` (`id`, `phrase`, `english`) VALUES ('295', 'repayment_start_date', 'Repayment From');
INSERT INTO `language` (`id`, `phrase`, `english`) VALUES ('296', 'permission_by', 'Permitted By');
INSERT INTO `language` (`id`, `phrase`, `english`) VALUES ('297', 'grand', 'Grant');
INSERT INTO `language` (`id`, `phrase`, `english`) VALUES ('298', 'installment', 'Installment');
INSERT INTO `language` (`id`, `phrase`, `english`) VALUES ('299', 'loan_status', 'status');
INSERT INTO `language` (`id`, `phrase`, `english`) VALUES ('300', 'installment_period_m', 'Installment Period in Month');
INSERT INTO `language` (`id`, `phrase`, `english`) VALUES ('301', 'successfully_inserted', 'Your loan Successfully Granted');
INSERT INTO `language` (`id`, `phrase`, `english`) VALUES ('302', 'loan_installment', 'Loan Installment');
INSERT INTO `language` (`id`, `phrase`, `english`) VALUES ('303', 'add_installment', 'Add Installment');
INSERT INTO `language` (`id`, `phrase`, `english`) VALUES ('304', 'installment_list', 'List of Installment');
INSERT INTO `language` (`id`, `phrase`, `english`) VALUES ('305', 'loan_id', 'Loan No');
INSERT INTO `language` (`id`, `phrase`, `english`) VALUES ('306', 'installment_amount', 'Installment Amount');
INSERT INTO `language` (`id`, `phrase`, `english`) VALUES ('307', 'payment', 'Payment');
INSERT INTO `language` (`id`, `phrase`, `english`) VALUES ('308', 'received_by', 'Receiver');
INSERT INTO `language` (`id`, `phrase`, `english`) VALUES ('309', 'installment_no', 'Install No');
INSERT INTO `language` (`id`, `phrase`, `english`) VALUES ('310', 'notes', 'Notes');
INSERT INTO `language` (`id`, `phrase`, `english`) VALUES ('311', 'paid', 'Paid');
INSERT INTO `language` (`id`, `phrase`, `english`) VALUES ('312', 'loan_report', 'Loan Report');
INSERT INTO `language` (`id`, `phrase`, `english`) VALUES ('313', 'e_r_id', 'Enter Your Employee ID');
INSERT INTO `language` (`id`, `phrase`, `english`) VALUES ('314', 'leave', 'Leave');
INSERT INTO `language` (`id`, `phrase`, `english`) VALUES ('315', 'add_leave', 'Add Leave');
INSERT INTO `language` (`id`, `phrase`, `english`) VALUES ('316', 'list_leave', 'List of Leave');
INSERT INTO `language` (`id`, `phrase`, `english`) VALUES ('317', 'dayname', 'Weekly Leave Day');
INSERT INTO `language` (`id`, `phrase`, `english`) VALUES ('318', 'holiday', 'Holiday');
INSERT INTO `language` (`id`, `phrase`, `english`) VALUES ('319', 'list_holiday', 'List of Holidays');
INSERT INTO `language` (`id`, `phrase`, `english`) VALUES ('320', 'no_of_days', 'Number of Days');
INSERT INTO `language` (`id`, `phrase`, `english`) VALUES ('321', 'holiday_name', 'Holiday Name');
INSERT INTO `language` (`id`, `phrase`, `english`) VALUES ('322', 'set', 'SET');
INSERT INTO `language` (`id`, `phrase`, `english`) VALUES ('323', 'tax', 'Tax');
INSERT INTO `language` (`id`, `phrase`, `english`) VALUES ('324', 'tax_setup', 'Tax Setup');
INSERT INTO `language` (`id`, `phrase`, `english`) VALUES ('325', 'add_tax_setup', 'Add Tax Setup');
INSERT INTO `language` (`id`, `phrase`, `english`) VALUES ('326', 'list_tax_setup', 'List of Tax setup');
INSERT INTO `language` (`id`, `phrase`, `english`) VALUES ('327', 'tax_collection', 'Tax collection');
INSERT INTO `language` (`id`, `phrase`, `english`) VALUES ('328', 'start_amount', 'Start Amount');
INSERT INTO `language` (`id`, `phrase`, `english`) VALUES ('329', 'end_amount', 'End Amount');
INSERT INTO `language` (`id`, `phrase`, `english`) VALUES ('330', 'rate', 'Tax Rate');
INSERT INTO `language` (`id`, `phrase`, `english`) VALUES ('331', 'date_start', 'Date Start');
INSERT INTO `language` (`id`, `phrase`, `english`) VALUES ('332', 'amount_tax', 'Tax Amount');
INSERT INTO `language` (`id`, `phrase`, `english`) VALUES ('333', 'collection_by', 'Collection By');
INSERT INTO `language` (`id`, `phrase`, `english`) VALUES ('334', 'date_end', 'Date End');
INSERT INTO `language` (`id`, `phrase`, `english`) VALUES ('335', 'income_net_period', 'Income  Net period');
INSERT INTO `language` (`id`, `phrase`, `english`) VALUES ('336', 'default_amount', 'Default Amount');
INSERT INTO `language` (`id`, `phrase`, `english`) VALUES ('337', 'add_sal_type', 'Add Salary Type');
INSERT INTO `language` (`id`, `phrase`, `english`) VALUES ('338', 'list_sal_type', 'Salary Type List');
INSERT INTO `language` (`id`, `phrase`, `english`) VALUES ('339', 'salary_type_setup', 'Salary Type Setup');
INSERT INTO `language` (`id`, `phrase`, `english`) VALUES ('340', 'salary_setup', 'Salary SetUp');
INSERT INTO `language` (`id`, `phrase`, `english`) VALUES ('341', 'add_sal_setup', 'Add Salary Setup');
INSERT INTO `language` (`id`, `phrase`, `english`) VALUES ('342', 'list_sal_setup', 'Salary Setup List');
INSERT INTO `language` (`id`, `phrase`, `english`) VALUES ('343', 'salary_type_id', 'Salary Type');
INSERT INTO `language` (`id`, `phrase`, `english`) VALUES ('344', 'salary_generate', 'Salary Generate');
INSERT INTO `language` (`id`, `phrase`, `english`) VALUES ('345', 'add_sal_generate', 'Generate Now');
INSERT INTO `language` (`id`, `phrase`, `english`) VALUES ('346', 'list_sal_generate', 'Generated Salary List');
INSERT INTO `language` (`id`, `phrase`, `english`) VALUES ('347', 'gdate', 'Generate Date');
INSERT INTO `language` (`id`, `phrase`, `english`) VALUES ('348', 'start_dates', 'Start Date');
INSERT INTO `language` (`id`, `phrase`, `english`) VALUES ('349', 'generate', 'Generate ');
INSERT INTO `language` (`id`, `phrase`, `english`) VALUES ('350', 'successfully_saved_saletup', ' Set up Successfull');
INSERT INTO `language` (`id`, `phrase`, `english`) VALUES ('351', 's_date', 'Start Date');
INSERT INTO `language` (`id`, `phrase`, `english`) VALUES ('352', 'e_date', 'End Date');
INSERT INTO `language` (`id`, `phrase`, `english`) VALUES ('353', 'salary_payable', 'Payable Salary');
INSERT INTO `language` (`id`, `phrase`, `english`) VALUES ('354', 'tax_manager', 'Tax');
INSERT INTO `language` (`id`, `phrase`, `english`) VALUES ('355', 'generate_by', 'Generate By');
INSERT INTO `language` (`id`, `phrase`, `english`) VALUES ('356', 'successfully_paid', 'Successfully Paid');
INSERT INTO `language` (`id`, `phrase`, `english`) VALUES ('357', 'direct_empl', ' Employee');
INSERT INTO `language` (`id`, `phrase`, `english`) VALUES ('358', 'add_emp_info', 'Add New Employee');
INSERT INTO `language` (`id`, `phrase`, `english`) VALUES ('359', 'new_empl_pos', 'Add New Employee Position');
INSERT INTO `language` (`id`, `phrase`, `english`) VALUES ('360', 'manage', 'Manage Position');
INSERT INTO `language` (`id`, `phrase`, `english`) VALUES ('361', 'ad_advertisement', 'ADD POSITION');
INSERT INTO `language` (`id`, `phrase`, `english`) VALUES ('362', 'moduless', 'Modules');
INSERT INTO `language` (`id`, `phrase`, `english`) VALUES ('363', 'next', 'Next');
INSERT INTO `language` (`id`, `phrase`, `english`) VALUES ('364', 'finish', 'Finish');
INSERT INTO `language` (`id`, `phrase`, `english`) VALUES ('365', 'request', 'Request');
INSERT INTO `language` (`id`, `phrase`, `english`) VALUES ('366', 'successfully_saved', 'Your Data Successfully Saved');
INSERT INTO `language` (`id`, `phrase`, `english`) VALUES ('367', 'sal_type', 'Salary Type');
INSERT INTO `language` (`id`, `phrase`, `english`) VALUES ('368', 'sal_name', 'Salary Name');
INSERT INTO `language` (`id`, `phrase`, `english`) VALUES ('369', 'leave_application', 'Leave Application');
INSERT INTO `language` (`id`, `phrase`, `english`) VALUES ('370', 'apply_strt_date', 'Application Start Date');
INSERT INTO `language` (`id`, `phrase`, `english`) VALUES ('371', 'apply_end_date', 'Application End date');
INSERT INTO `language` (`id`, `phrase`, `english`) VALUES ('372', 'leave_aprv_strt_date', 'Approve Start Date');
INSERT INTO `language` (`id`, `phrase`, `english`) VALUES ('373', 'leave_aprv_end_date', 'Approved End Date');
INSERT INTO `language` (`id`, `phrase`, `english`) VALUES ('374', 'num_aprv_day', 'Aproved Day');
INSERT INTO `language` (`id`, `phrase`, `english`) VALUES ('375', 'reason', 'Reason');
INSERT INTO `language` (`id`, `phrase`, `english`) VALUES ('376', 'approve_date', 'Approved Date');
INSERT INTO `language` (`id`, `phrase`, `english`) VALUES ('377', 'leave_type', 'Leave Type');
INSERT INTO `language` (`id`, `phrase`, `english`) VALUES ('378', 'apply_hard_copy', 'Application Hard Copy');
INSERT INTO `language` (`id`, `phrase`, `english`) VALUES ('379', 'approved_by', 'Approved By');
INSERT INTO `language` (`id`, `phrase`, `english`) VALUES ('380', 'notice', 'Notice Board');
INSERT INTO `language` (`id`, `phrase`, `english`) VALUES ('381', 'noticeboard', 'Notice Board');
INSERT INTO `language` (`id`, `phrase`, `english`) VALUES ('382', 'notice_descriptiion', 'Description');
INSERT INTO `language` (`id`, `phrase`, `english`) VALUES ('383', 'notice_date', 'Notice Date');
INSERT INTO `language` (`id`, `phrase`, `english`) VALUES ('384', 'notice_type', 'Notice Type');
INSERT INTO `language` (`id`, `phrase`, `english`) VALUES ('385', 'notice_by', 'Notice By');
INSERT INTO `language` (`id`, `phrase`, `english`) VALUES ('386', 'notice_attachment', 'Attachment');
INSERT INTO `language` (`id`, `phrase`, `english`) VALUES ('387', 'account_name', 'Account Name');
INSERT INTO `language` (`id`, `phrase`, `english`) VALUES ('388', 'account_type', 'Account Type');
INSERT INTO `language` (`id`, `phrase`, `english`) VALUES ('389', 'account_id', 'Account Name');
INSERT INTO `language` (`id`, `phrase`, `english`) VALUES ('390', 'transaction_description', 'Description');
INSERT INTO `language` (`id`, `phrase`, `english`) VALUES ('391', 'payment_id', 'Payment');
INSERT INTO `language` (`id`, `phrase`, `english`) VALUES ('392', 'create_by_id', 'Created By');
INSERT INTO `language` (`id`, `phrase`, `english`) VALUES ('393', 'account', 'Account');
INSERT INTO `language` (`id`, `phrase`, `english`) VALUES ('394', 'account_add', 'Add Account');
INSERT INTO `language` (`id`, `phrase`, `english`) VALUES ('395', 'account_transaction', 'Transaction');
INSERT INTO `language` (`id`, `phrase`, `english`) VALUES ('396', 'award', 'Award');
INSERT INTO `language` (`id`, `phrase`, `english`) VALUES ('397', 'new_award', 'New Award');
INSERT INTO `language` (`id`, `phrase`, `english`) VALUES ('398', 'award_name', 'Award Name');
INSERT INTO `language` (`id`, `phrase`, `english`) VALUES ('399', 'aw_description', 'Award Description');
INSERT INTO `language` (`id`, `phrase`, `english`) VALUES ('400', 'awr_gift_item', 'Gift Item');
INSERT INTO `language` (`id`, `phrase`, `english`) VALUES ('401', 'awarded_by', 'Award By');
INSERT INTO `language` (`id`, `phrase`, `english`) VALUES ('402', 'employee_name', 'Employee Name');
INSERT INTO `language` (`id`, `phrase`, `english`) VALUES ('403', 'employee_list', 'Atn List');
INSERT INTO `language` (`id`, `phrase`, `english`) VALUES ('404', 'department', 'Department');
INSERT INTO `language` (`id`, `phrase`, `english`) VALUES ('405', 'department_name', 'Department Name ');
INSERT INTO `language` (`id`, `phrase`, `english`) VALUES ('406', 'clockout', 'ClockOut');
INSERT INTO `language` (`id`, `phrase`, `english`) VALUES ('407', 'se_account_id', 'Select Account Name');
INSERT INTO `language` (`id`, `phrase`, `english`) VALUES ('408', 'division', 'Division');
INSERT INTO `language` (`id`, `phrase`, `english`) VALUES ('409', 'add_division', 'Add Division');
INSERT INTO `language` (`id`, `phrase`, `english`) VALUES ('410', 'update_division', 'Update Division');
INSERT INTO `language` (`id`, `phrase`, `english`) VALUES ('411', 'division_name', 'Division Name');
INSERT INTO `language` (`id`, `phrase`, `english`) VALUES ('412', 'division_list', 'Manage Division ');
INSERT INTO `language` (`id`, `phrase`, `english`) VALUES ('413', 'designation_list', 'Position List');
INSERT INTO `language` (`id`, `phrase`, `english`) VALUES ('414', 'manage_designation', 'Manage Position');
INSERT INTO `language` (`id`, `phrase`, `english`) VALUES ('415', 'add_designation', 'Add Positionn');
INSERT INTO `language` (`id`, `phrase`, `english`) VALUES ('416', 'select_division', 'Select Division');
INSERT INTO `language` (`id`, `phrase`, `english`) VALUES ('417', 'select_designation', 'Select Position');
INSERT INTO `language` (`id`, `phrase`, `english`) VALUES ('418', 'asset', 'Asset');
INSERT INTO `language` (`id`, `phrase`, `english`) VALUES ('419', 'asset_type', 'Asset Type');
INSERT INTO `language` (`id`, `phrase`, `english`) VALUES ('420', 'add_type', 'Add Type');
INSERT INTO `language` (`id`, `phrase`, `english`) VALUES ('421', 'type_list', 'Type List');
INSERT INTO `language` (`id`, `phrase`, `english`) VALUES ('422', 'type_name', 'Type Name');
INSERT INTO `language` (`id`, `phrase`, `english`) VALUES ('423', 'select_type', 'Select Type');
INSERT INTO `language` (`id`, `phrase`, `english`) VALUES ('424', 'equipment_name', 'Equipment Name');
INSERT INTO `language` (`id`, `phrase`, `english`) VALUES ('425', 'model', 'Model');
INSERT INTO `language` (`id`, `phrase`, `english`) VALUES ('426', 'serial_no', 'Serial No');
INSERT INTO `language` (`id`, `phrase`, `english`) VALUES ('427', 'equipment', 'Equipment');
INSERT INTO `language` (`id`, `phrase`, `english`) VALUES ('428', 'add_equipment', 'Add Equipment');
INSERT INTO `language` (`id`, `phrase`, `english`) VALUES ('429', 'equipment_list', 'Equipment List');
INSERT INTO `language` (`id`, `phrase`, `english`) VALUES ('430', 'type', 'Type');
INSERT INTO `language` (`id`, `phrase`, `english`) VALUES ('431', 'equipment_maping', 'Equipment Mapping');
INSERT INTO `language` (`id`, `phrase`, `english`) VALUES ('432', 'add_maping', 'Add Mapping');
INSERT INTO `language` (`id`, `phrase`, `english`) VALUES ('433', 'maping_list', 'Mapping List');
INSERT INTO `language` (`id`, `phrase`, `english`) VALUES ('434', 'update_equipment', 'Update Equipment');
INSERT INTO `language` (`id`, `phrase`, `english`) VALUES ('435', 'select_employee', 'Select Employee');
INSERT INTO `language` (`id`, `phrase`, `english`) VALUES ('436', 'select_equipment', 'Select Equipment');
INSERT INTO `language` (`id`, `phrase`, `english`) VALUES ('437', 'basic_info', 'Basic Info');
INSERT INTO `language` (`id`, `phrase`, `english`) VALUES ('438', 'middle_name', 'Middle Name');
INSERT INTO `language` (`id`, `phrase`, `english`) VALUES ('439', 'state', 'Country');
INSERT INTO `language` (`id`, `phrase`, `english`) VALUES ('440', 'city', 'City');
INSERT INTO `language` (`id`, `phrase`, `english`) VALUES ('441', 'zip_code', 'Pin Code');
INSERT INTO `language` (`id`, `phrase`, `english`) VALUES ('442', 'maiden_name', 'Name of father / husband');
INSERT INTO `language` (`id`, `phrase`, `english`) VALUES ('443', 'add_employee', 'Add Employee');
INSERT INTO `language` (`id`, `phrase`, `english`) VALUES ('444', 'manage_employee', 'Manage Employee');
INSERT INTO `language` (`id`, `phrase`, `english`) VALUES ('445', 'employee_update_form', 'Employee Update Form');
INSERT INTO `language` (`id`, `phrase`, `english`) VALUES ('446', 'what_you_search', 'What You Search');
INSERT INTO `language` (`id`, `phrase`, `english`) VALUES ('447', 'search', 'Search');
INSERT INTO `language` (`id`, `phrase`, `english`) VALUES ('448', 'duty_type', 'Duty Type');
INSERT INTO `language` (`id`, `phrase`, `english`) VALUES ('449', 'hire_date', 'Join Date');
INSERT INTO `language` (`id`, `phrase`, `english`) VALUES ('450', 'original_h_date', 'Original Hire Date');
INSERT INTO `language` (`id`, `phrase`, `english`) VALUES ('451', 'voluntary_termination', 'Voluntary Termination');
INSERT INTO `language` (`id`, `phrase`, `english`) VALUES ('452', 'termination_reason', 'Termination Reason');
INSERT INTO `language` (`id`, `phrase`, `english`) VALUES ('453', 'termination_date', 'Termination Date');
INSERT INTO `language` (`id`, `phrase`, `english`) VALUES ('454', 're_hire_date', 'Re Hire Date');
INSERT INTO `language` (`id`, `phrase`, `english`) VALUES ('455', 'rate_type', 'Rate Type');
INSERT INTO `language` (`id`, `phrase`, `english`) VALUES ('456', 'pay_frequency', 'Pay Frequency');
INSERT INTO `language` (`id`, `phrase`, `english`) VALUES ('457', 'pay_frequency_txt', 'Pay Frequency Text');
INSERT INTO `language` (`id`, `phrase`, `english`) VALUES ('458', 'hourly_rate2', 'Hourly rate2');
INSERT INTO `language` (`id`, `phrase`, `english`) VALUES ('459', 'hourly_rate3', 'Hourly Rate3');
INSERT INTO `language` (`id`, `phrase`, `english`) VALUES ('460', 'home_department', 'Home Department');
INSERT INTO `language` (`id`, `phrase`, `english`) VALUES ('461', 'department_text', 'Department Text');
INSERT INTO `language` (`id`, `phrase`, `english`) VALUES ('462', 'benifit_class_code', 'Benefit Class code');
INSERT INTO `language` (`id`, `phrase`, `english`) VALUES ('463', 'benifit_desc', 'Benefit Description');
INSERT INTO `language` (`id`, `phrase`, `english`) VALUES ('464', 'benifit_acc_date', 'Benefit Accrual Date');
INSERT INTO `language` (`id`, `phrase`, `english`) VALUES ('465', 'benifit_sta', 'Benefit Status');
INSERT INTO `language` (`id`, `phrase`, `english`) VALUES ('466', 'super_visor_name', 'Supervisor Name');
INSERT INTO `language` (`id`, `phrase`, `english`) VALUES ('467', 'is_super_visor', 'Is Supervisor');
INSERT INTO `language` (`id`, `phrase`, `english`) VALUES ('468', 'supervisor_report', 'Supervisor Report');
INSERT INTO `language` (`id`, `phrase`, `english`) VALUES ('469', 'dob', 'Date of Birth');
INSERT INTO `language` (`id`, `phrase`, `english`) VALUES ('470', 'gender', 'Gender');
INSERT INTO `language` (`id`, `phrase`, `english`) VALUES ('471', 'marital_stats', 'Marital Status');
INSERT INTO `language` (`id`, `phrase`, `english`) VALUES ('472', 'ethnic_group', 'Ethnic Group');
INSERT INTO `language` (`id`, `phrase`, `english`) VALUES ('473', 'eeo_class_gp', 'EEO Class');
INSERT INTO `language` (`id`, `phrase`, `english`) VALUES ('474', 'ssn', 'SSN');
INSERT INTO `language` (`id`, `phrase`, `english`) VALUES ('475', 'work_in_state', 'Work in State');
INSERT INTO `language` (`id`, `phrase`, `english`) VALUES ('476', 'live_in_state', 'Live in State');
INSERT INTO `language` (`id`, `phrase`, `english`) VALUES ('477', 'home_email', 'Home Email');
INSERT INTO `language` (`id`, `phrase`, `english`) VALUES ('478', 'business_email', 'Business Email');
INSERT INTO `language` (`id`, `phrase`, `english`) VALUES ('479', 'home_phone', 'Home Phone');
INSERT INTO `language` (`id`, `phrase`, `english`) VALUES ('480', 'business_phone', 'Business Phone');
INSERT INTO `language` (`id`, `phrase`, `english`) VALUES ('481', 'cell_phone', 'Cell Phone');
INSERT INTO `language` (`id`, `phrase`, `english`) VALUES ('482', 'emerg_contct', 'Emergency Contact');
INSERT INTO `language` (`id`, `phrase`, `english`) VALUES ('483', 'emerg_home_phone', 'Emergency Home Phone');
INSERT INTO `language` (`id`, `phrase`, `english`) VALUES ('484', 'emrg_w_phone', 'Emergency Work Phone');
INSERT INTO `language` (`id`, `phrase`, `english`) VALUES ('485', 'emer_con_rela', 'Emergency Contact Relation');
INSERT INTO `language` (`id`, `phrase`, `english`) VALUES ('486', 'alt_em_contct', 'Alter Emergency Contact');
INSERT INTO `language` (`id`, `phrase`, `english`) VALUES ('487', 'alt_emg_h_phone', 'Alt Emergency Home Phone');
INSERT INTO `language` (`id`, `phrase`, `english`) VALUES ('488', 'alt_emg_w_phone', 'Alt Emergency  Work Phone');
INSERT INTO `language` (`id`, `phrase`, `english`) VALUES ('489', 'reports', 'Reports');
INSERT INTO `language` (`id`, `phrase`, `english`) VALUES ('490', 'employee_reports', 'Employee Reports');
INSERT INTO `language` (`id`, `phrase`, `english`) VALUES ('491', 'demographic_report', 'Demographic Report');
INSERT INTO `language` (`id`, `phrase`, `english`) VALUES ('492', 'posting_report', 'Positional Report');
INSERT INTO `language` (`id`, `phrase`, `english`) VALUES ('493', 'custom_report', 'Custom Report');
INSERT INTO `language` (`id`, `phrase`, `english`) VALUES ('494', 'benifit_report', 'Benefit Report');
INSERT INTO `language` (`id`, `phrase`, `english`) VALUES ('495', 'demographic_info', 'Demographical Information');
INSERT INTO `language` (`id`, `phrase`, `english`) VALUES ('496', 'positional_info', 'Positional Information');
INSERT INTO `language` (`id`, `phrase`, `english`) VALUES ('497', 'assets_info', 'Assets Information');
INSERT INTO `language` (`id`, `phrase`, `english`) VALUES ('498', 'custom_field', 'Custom Field');
INSERT INTO `language` (`id`, `phrase`, `english`) VALUES ('499', 'custom_value', 'Custom Data');
INSERT INTO `language` (`id`, `phrase`, `english`) VALUES ('500', 'adhoc_report', 'Adhoc Report');
INSERT INTO `language` (`id`, `phrase`, `english`) VALUES ('501', 'asset_assignment', 'Asset Assignment');
INSERT INTO `language` (`id`, `phrase`, `english`) VALUES ('502', 'assign_asset', 'Assign Assets');
INSERT INTO `language` (`id`, `phrase`, `english`) VALUES ('503', 'assign_list', 'Assign List');
INSERT INTO `language` (`id`, `phrase`, `english`) VALUES ('504', 'update_assign', 'Update Assign');
INSERT INTO `language` (`id`, `phrase`, `english`) VALUES ('505', 'citizenship', 'Citizenship');
INSERT INTO `language` (`id`, `phrase`, `english`) VALUES ('506', 'class_sta', 'Class status');
INSERT INTO `language` (`id`, `phrase`, `english`) VALUES ('507', 'class_acc_date', 'Class Accrual date');
INSERT INTO `language` (`id`, `phrase`, `english`) VALUES ('508', 'class_descript', 'Class Description');
INSERT INTO `language` (`id`, `phrase`, `english`) VALUES ('509', 'class_code', 'Class Code');
INSERT INTO `language` (`id`, `phrase`, `english`) VALUES ('510', 'return_asset', 'Return Assets');
INSERT INTO `language` (`id`, `phrase`, `english`) VALUES ('511', 'dept_id', 'Department ID');
INSERT INTO `language` (`id`, `phrase`, `english`) VALUES ('512', 'parent_id', 'Parent ID');
INSERT INTO `language` (`id`, `phrase`, `english`) VALUES ('513', 'equipment_id', 'Equipment ID');
INSERT INTO `language` (`id`, `phrase`, `english`) VALUES ('514', 'issue_date', 'Issue Date');
INSERT INTO `language` (`id`, `phrase`, `english`) VALUES ('515', 'damarage_desc', 'Damarage Description');
INSERT INTO `language` (`id`, `phrase`, `english`) VALUES ('516', 'return_date', 'Return Date');
INSERT INTO `language` (`id`, `phrase`, `english`) VALUES ('517', 'is_assign', 'Is Assign');
INSERT INTO `language` (`id`, `phrase`, `english`) VALUES ('518', 'emp_his_id', 'Employee History ID');
INSERT INTO `language` (`id`, `phrase`, `english`) VALUES ('519', 'damarage_descript', 'Damage Description');
INSERT INTO `language` (`id`, `phrase`, `english`) VALUES ('520', 'return', 'Return');
INSERT INTO `language` (`id`, `phrase`, `english`) VALUES ('521', 'return_successfull', 'Return Successfull');
INSERT INTO `language` (`id`, `phrase`, `english`) VALUES ('522', 'return_list', 'Return List');
INSERT INTO `language` (`id`, `phrase`, `english`) VALUES ('523', 'custom_data', 'Custom Data');
INSERT INTO `language` (`id`, `phrase`, `english`) VALUES ('524', 'passing_year', 'Passing Year');
INSERT INTO `language` (`id`, `phrase`, `english`) VALUES ('525', 'is_admin', 'Is Admin');
INSERT INTO `language` (`id`, `phrase`, `english`) VALUES ('526', 'zip', 'Pin Code');
INSERT INTO `language` (`id`, `phrase`, `english`) VALUES ('527', 'original_hire_date', 'Original Hire Date');
INSERT INTO `language` (`id`, `phrase`, `english`) VALUES ('528', 'rehire_date', 'Rehire Date');
INSERT INTO `language` (`id`, `phrase`, `english`) VALUES ('529', 'class_code_desc', 'Class Code Description');
INSERT INTO `language` (`id`, `phrase`, `english`) VALUES ('530', 'class_status', 'Class Status');
INSERT INTO `language` (`id`, `phrase`, `english`) VALUES ('531', 'super_visor_id', 'Supervisor ID');
INSERT INTO `language` (`id`, `phrase`, `english`) VALUES ('532', 'marital_status', 'Marital Status');
INSERT INTO `language` (`id`, `phrase`, `english`) VALUES ('533', 'emrg_h_phone', 'Emergency Home Phone');
INSERT INTO `language` (`id`, `phrase`, `english`) VALUES ('534', 'emgr_contct_relation', 'Emergency Contact Relation');
INSERT INTO `language` (`id`, `phrase`, `english`) VALUES ('535', 'id', 'ID');
INSERT INTO `language` (`id`, `phrase`, `english`) VALUES ('536', 'type_id', 'Equipment Type');
INSERT INTO `language` (`id`, `phrase`, `english`) VALUES ('537', 'custom_id', 'Custom ID');
INSERT INTO `language` (`id`, `phrase`, `english`) VALUES ('538', 'custom_data_type', 'Custom Data Type');
INSERT INTO `language` (`id`, `phrase`, `english`) VALUES ('539', 'role_permission', 'Role Permission');
INSERT INTO `language` (`id`, `phrase`, `english`) VALUES ('540', 'permission_setup', 'Permission Setup');
INSERT INTO `language` (`id`, `phrase`, `english`) VALUES ('541', 'add_role', 'Add Role');
INSERT INTO `language` (`id`, `phrase`, `english`) VALUES ('542', 'role_list', 'Role List');
INSERT INTO `language` (`id`, `phrase`, `english`) VALUES ('543', 'user_access_role', 'User Access Role');
INSERT INTO `language` (`id`, `phrase`, `english`) VALUES ('544', 'menu_item_list', 'Menu Item List');
INSERT INTO `language` (`id`, `phrase`, `english`) VALUES ('545', 'ins_menu_for_application', 'Ins Menu  For Application');
INSERT INTO `language` (`id`, `phrase`, `english`) VALUES ('546', 'menu_title', 'Menu Title');
INSERT INTO `language` (`id`, `phrase`, `english`) VALUES ('547', 'page_url', 'Page Url');
INSERT INTO `language` (`id`, `phrase`, `english`) VALUES ('548', 'parent_menu', 'Parent Menu');
INSERT INTO `language` (`id`, `phrase`, `english`) VALUES ('549', 'role', 'Role');
INSERT INTO `language` (`id`, `phrase`, `english`) VALUES ('550', 'role_name', 'Role Name');
INSERT INTO `language` (`id`, `phrase`, `english`) VALUES ('551', 'single_checkin', 'Single Check In');
INSERT INTO `language` (`id`, `phrase`, `english`) VALUES ('552', 'bulk_checkin', 'Bulk Check In');
INSERT INTO `language` (`id`, `phrase`, `english`) VALUES ('553', 'manage_attendance', 'Manage Attendance');
INSERT INTO `language` (`id`, `phrase`, `english`) VALUES ('554', 'attendance_list', 'Attendance List');
INSERT INTO `language` (`id`, `phrase`, `english`) VALUES ('555', 'checkin', 'Check In');
INSERT INTO `language` (`id`, `phrase`, `english`) VALUES ('556', 'checkout', 'Check Out');
INSERT INTO `language` (`id`, `phrase`, `english`) VALUES ('557', 'stay', 'Stay');
INSERT INTO `language` (`id`, `phrase`, `english`) VALUES ('558', 'attendance_report', 'Attendance Report');
INSERT INTO `language` (`id`, `phrase`, `english`) VALUES ('559', 'work_hour', 'Work Hour');
INSERT INTO `language` (`id`, `phrase`, `english`) VALUES ('560', 'cancel', 'Cancel');
INSERT INTO `language` (`id`, `phrase`, `english`) VALUES ('561', 'confirm_clock', 'Confirm Checkout');
INSERT INTO `language` (`id`, `phrase`, `english`) VALUES ('562', 'add_attendance', 'Add Attendance');
INSERT INTO `language` (`id`, `phrase`, `english`) VALUES ('563', 'upload_csv', 'Upload CSV');
INSERT INTO `language` (`id`, `phrase`, `english`) VALUES ('564', 'import_attendance', 'Import Attendance');
INSERT INTO `language` (`id`, `phrase`, `english`) VALUES ('565', 'manage_account', 'Manage Account');
INSERT INTO `language` (`id`, `phrase`, `english`) VALUES ('566', 'add_account', 'Add Account');
INSERT INTO `language` (`id`, `phrase`, `english`) VALUES ('567', 'add_new_account', 'Add New Account');
INSERT INTO `language` (`id`, `phrase`, `english`) VALUES ('568', 'account_details', 'Account Details');
INSERT INTO `language` (`id`, `phrase`, `english`) VALUES ('569', 'manage_transaction', 'Manage Transaction');
INSERT INTO `language` (`id`, `phrase`, `english`) VALUES ('570', 'add_expence', 'Add Experience');
INSERT INTO `language` (`id`, `phrase`, `english`) VALUES ('571', 'add_income', 'Add Income');
INSERT INTO `language` (`id`, `phrase`, `english`) VALUES ('572', 'return_now', 'Return Now !!');
INSERT INTO `language` (`id`, `phrase`, `english`) VALUES ('573', 'manage_award', 'Manage Award');
INSERT INTO `language` (`id`, `phrase`, `english`) VALUES ('574', 'add_new_award', 'Add New Award');
INSERT INTO `language` (`id`, `phrase`, `english`) VALUES ('575', 'personal_information', 'Personal Information');
INSERT INTO `language` (`id`, `phrase`, `english`) VALUES ('576', 'educational_information', 'Educational Information');
INSERT INTO `language` (`id`, `phrase`, `english`) VALUES ('577', 'past_experience', 'Past Experience');
INSERT INTO `language` (`id`, `phrase`, `english`) VALUES ('578', 'basic_information', 'Basic Information');
INSERT INTO `language` (`id`, `phrase`, `english`) VALUES ('579', 'result', 'Result');
INSERT INTO `language` (`id`, `phrase`, `english`) VALUES ('580', 'institute_name', 'Institute Name');
INSERT INTO `language` (`id`, `phrase`, `english`) VALUES ('581', 'education', 'Education');
INSERT INTO `language` (`id`, `phrase`, `english`) VALUES ('582', 'manage_shortlist', 'Manage Short List');
INSERT INTO `language` (`id`, `phrase`, `english`) VALUES ('583', 'manage_interview', 'Manage Interview');
INSERT INTO `language` (`id`, `phrase`, `english`) VALUES ('584', 'manage_selection', 'Manage Selection');
INSERT INTO `language` (`id`, `phrase`, `english`) VALUES ('585', 'add_new_dept', 'Add New Department');
INSERT INTO `language` (`id`, `phrase`, `english`) VALUES ('586', 'manage_dept', 'Manage Department');
INSERT INTO `language` (`id`, `phrase`, `english`) VALUES ('587', 'successfully_checkout', 'Checkout Successful !');
INSERT INTO `language` (`id`, `phrase`, `english`) VALUES ('588', 'grant_loan', 'Grant Loan');
INSERT INTO `language` (`id`, `phrase`, `english`) VALUES ('589', 'successfully_installed', 'Successfully Installed');
INSERT INTO `language` (`id`, `phrase`, `english`) VALUES ('590', 'total_loan', 'Total Loan');
INSERT INTO `language` (`id`, `phrase`, `english`) VALUES ('591', 'total_amount', 'Total Amount');
INSERT INTO `language` (`id`, `phrase`, `english`) VALUES ('592', 'filter', 'Filter');
INSERT INTO `language` (`id`, `phrase`, `english`) VALUES ('593', 'weekly_holiday', 'Weekly Holiday');
INSERT INTO `language` (`id`, `phrase`, `english`) VALUES ('594', 'manage_application', 'Manage Application');
INSERT INTO `language` (`id`, `phrase`, `english`) VALUES ('595', 'add_application', 'Add Application');
INSERT INTO `language` (`id`, `phrase`, `english`) VALUES ('596', 'manage_holiday', 'Manage Holiday');
INSERT INTO `language` (`id`, `phrase`, `english`) VALUES ('597', 'add_more_holiday', 'Add More Holiday');
INSERT INTO `language` (`id`, `phrase`, `english`) VALUES ('598', 'manage_weekly_holiday', 'Manage Weekly Holiday');
INSERT INTO `language` (`id`, `phrase`, `english`) VALUES ('599', 'add_weekly_holiday', 'Add Weekly Holiday');
INSERT INTO `language` (`id`, `phrase`, `english`) VALUES ('600', 'manage_granted_loan', 'Manage Granted Loan');
INSERT INTO `language` (`id`, `phrase`, `english`) VALUES ('601', 'manage_installment', 'Manage Installment');
INSERT INTO `language` (`id`, `phrase`, `english`) VALUES ('602', 'add_new_notice', 'Add New Notice');
INSERT INTO `language` (`id`, `phrase`, `english`) VALUES ('603', 'manage_notice', 'Manage Notice');
INSERT INTO `language` (`id`, `phrase`, `english`) VALUES ('604', 'salary_type', 'Salary Benefits');
INSERT INTO `language` (`id`, `phrase`, `english`) VALUES ('605', 'manage_salary_generate', 'Manage Salary Generate');
INSERT INTO `language` (`id`, `phrase`, `english`) VALUES ('606', 'generate_now', 'Generate Now');
INSERT INTO `language` (`id`, `phrase`, `english`) VALUES ('607', 'add_salary_setup', 'Add Salary Setup');
INSERT INTO `language` (`id`, `phrase`, `english`) VALUES ('608', 'manage_salary_setup', 'Manage Salary Setup');
INSERT INTO `language` (`id`, `phrase`, `english`) VALUES ('609', 'add_salary_type', 'Add Salary Benefits');
INSERT INTO `language` (`id`, `phrase`, `english`) VALUES ('610', 'manage_salary_type', 'Manage Salary Benefits');
INSERT INTO `language` (`id`, `phrase`, `english`) VALUES ('611', 'manage_tax_setup', 'Manage Tax Setup');
INSERT INTO `language` (`id`, `phrase`, `english`) VALUES ('612', 'setup_tax', 'Setup Tax');
INSERT INTO `language` (`id`, `phrase`, `english`) VALUES ('613', 'add_more', 'Add More');
INSERT INTO `language` (`id`, `phrase`, `english`) VALUES ('614', 'tax_rate', 'Tax Rate');
INSERT INTO `language` (`id`, `phrase`, `english`) VALUES ('615', 'no', 'No');
INSERT INTO `language` (`id`, `phrase`, `english`) VALUES ('616', 'setup', 'Setup');
INSERT INTO `language` (`id`, `phrase`, `english`) VALUES ('617', 'biographicalinfo', 'Bio-Graphical Information');
INSERT INTO `language` (`id`, `phrase`, `english`) VALUES ('618', 'positional_information', 'Positional Information');
INSERT INTO `language` (`id`, `phrase`, `english`) VALUES ('620', 'benifits', 'Benefits');
INSERT INTO `language` (`id`, `phrase`, `english`) VALUES ('621', 's_rate', 'Salary');
INSERT INTO `language` (`id`, `phrase`, `english`) VALUES ('622', 'others_leave_application', 'Leave Application');
INSERT INTO `language` (`id`, `phrase`, `english`) VALUES ('623', 'add_leave_type', 'Add Leave Type');
INSERT INTO `language` (`id`, `phrase`, `english`) VALUES ('624', 'others_leave', 'Others Leave');
INSERT INTO `language` (`id`, `phrase`, `english`) VALUES ('625', 'number_of_leave_days', 'Number of Leave Days');
INSERT INTO `language` (`id`, `phrase`, `english`) VALUES ('626', 'app_date', 'Application Date');
INSERT INTO `language` (`id`, `phrase`, `english`) VALUES ('627', 'apply_day', 'Apply Day');
INSERT INTO `language` (`id`, `phrase`, `english`) VALUES ('628', 'time_zone', 'Time Zone ');
INSERT INTO `language` (`id`, `phrase`, `english`) VALUES ('629', 'accounts', 'Accounts');
INSERT INTO `language` (`id`, `phrase`, `english`) VALUES ('630', 'c_o_a', 'Chart of Account');
INSERT INTO `language` (`id`, `phrase`, `english`) VALUES ('631', 'debit_voucher', 'Debit Voucher');
INSERT INTO `language` (`id`, `phrase`, `english`) VALUES ('632', 'credit_voucher', 'Credit Voucher');
INSERT INTO `language` (`id`, `phrase`, `english`) VALUES ('633', 'contra_voucher', 'Contra Voucher');
INSERT INTO `language` (`id`, `phrase`, `english`) VALUES ('634', 'journal_voucher', 'Journal Voucher');
INSERT INTO `language` (`id`, `phrase`, `english`) VALUES ('635', 'voucher_approval', 'Voucher Approval');
INSERT INTO `language` (`id`, `phrase`, `english`) VALUES ('636', 'account_report', 'Account Report');
INSERT INTO `language` (`id`, `phrase`, `english`) VALUES ('637', 'voucher_report', 'Voucher Report');
INSERT INTO `language` (`id`, `phrase`, `english`) VALUES ('638', 'cash_book', 'Cash Book');
INSERT INTO `language` (`id`, `phrase`, `english`) VALUES ('639', 'bank_book', 'Bank Book');
INSERT INTO `language` (`id`, `phrase`, `english`) VALUES ('640', 'general_ledger', 'General Ledger');
INSERT INTO `language` (`id`, `phrase`, `english`) VALUES ('641', 'trial_balance', 'Trial Balance');
INSERT INTO `language` (`id`, `phrase`, `english`) VALUES ('642', 'profit_loss', 'Profit Loss');
INSERT INTO `language` (`id`, `phrase`, `english`) VALUES ('643', 'cash_flow', 'Cash Flow');
INSERT INTO `language` (`id`, `phrase`, `english`) VALUES ('644', 'coa_print', 'Coa Print');
INSERT INTO `language` (`id`, `phrase`, `english`) VALUES ('645', 'grant', 'Grant');
INSERT INTO `language` (`id`, `phrase`, `english`) VALUES ('646', 'confirm', 'Confirm');
INSERT INTO `language` (`id`, `phrase`, `english`) VALUES ('647', 'pay_now', 'Pay Now ??');
INSERT INTO `language` (`id`, `phrase`, `english`) VALUES ('648', 'find', 'Find');
INSERT INTO `language` (`id`, `phrase`, `english`) VALUES ('649', 'gl_head', 'GL Head');
INSERT INTO `language` (`id`, `phrase`, `english`) VALUES ('650', 'acc_code', 'Account Code');
INSERT INTO `language` (`id`, `phrase`, `english`) VALUES ('651', 'from_date', 'From Date');
INSERT INTO `language` (`id`, `phrase`, `english`) VALUES ('652', 'to_date', 'To Date');
INSERT INTO `language` (`id`, `phrase`, `english`) VALUES ('653', 'bank_book_voucher', 'Bank Book Voucher');
INSERT INTO `language` (`id`, `phrase`, `english`) VALUES ('654', 'bank_book_report_of', 'Bank Book Report Of');
INSERT INTO `language` (`id`, `phrase`, `english`) VALUES ('655', 'on', 'On');
INSERT INTO `language` (`id`, `phrase`, `english`) VALUES ('656', 'to', 'To');
INSERT INTO `language` (`id`, `phrase`, `english`) VALUES ('657', 'opening_balance', 'Opening Balance');
INSERT INTO `language` (`id`, `phrase`, `english`) VALUES ('658', 'balance', 'Balance');
INSERT INTO `language` (`id`, `phrase`, `english`) VALUES ('659', 'credit', 'Credit');
INSERT INTO `language` (`id`, `phrase`, `english`) VALUES ('660', 'debit', 'Debit');
INSERT INTO `language` (`id`, `phrase`, `english`) VALUES ('661', 'head_of_account', 'Head Of Account');
INSERT INTO `language` (`id`, `phrase`, `english`) VALUES ('662', 'voucher_type', 'Voucher Type');
INSERT INTO `language` (`id`, `phrase`, `english`) VALUES ('663', 'voucher_no', 'Voucher No');
INSERT INTO `language` (`id`, `phrase`, `english`) VALUES ('664', 'transaction_date', 'Transaction Date');
INSERT INTO `language` (`id`, `phrase`, `english`) VALUES ('665', 'cash_book_voucher', 'Cash Book Voucher');
INSERT INTO `language` (`id`, `phrase`, `english`) VALUES ('666', 'cash_book_report_on', 'Cash Book Report On');
INSERT INTO `language` (`id`, `phrase`, `english`) VALUES ('667', 'particulars', 'Particulars');
INSERT INTO `language` (`id`, `phrase`, `english`) VALUES ('668', 'amount_in_dollar', 'Amount In Dollar');
INSERT INTO `language` (`id`, `phrase`, `english`) VALUES ('669', 'opening_cash_and_equivalent', 'Opening Cash && Equivalent');
INSERT INTO `language` (`id`, `phrase`, `english`) VALUES ('670', 'cash_flow_statement', 'Cash Flow Statement');
INSERT INTO `language` (`id`, `phrase`, `english`) VALUES ('671', 'code', 'Code');
INSERT INTO `language` (`id`, `phrase`, `english`) VALUES ('672', 'remark', 'Remark');
INSERT INTO `language` (`id`, `phrase`, `english`) VALUES ('673', 'debit_account_head', 'Debit Account Head');
INSERT INTO `language` (`id`, `phrase`, `english`) VALUES ('674', 'cash_in_hand', 'Cash In Hand');
INSERT INTO `language` (`id`, `phrase`, `english`) VALUES ('675', 'credit_account_head', 'Credit Account Head');
INSERT INTO `language` (`id`, `phrase`, `english`) VALUES ('676', 'transaction_head', 'Transaction Head');
INSERT INTO `language` (`id`, `phrase`, `english`) VALUES ('677', 'with_details', 'With Details');
INSERT INTO `language` (`id`, `phrase`, `english`) VALUES ('678', 'no_report', 'No Of Report');
INSERT INTO `language` (`id`, `phrase`, `english`) VALUES ('679', 'total', 'Total');
INSERT INTO `language` (`id`, `phrase`, `english`) VALUES ('680', 'current_balance', 'Current Balance');
INSERT INTO `language` (`id`, `phrase`, `english`) VALUES ('681', 'pre_balance', 'Pre Balance');
INSERT INTO `language` (`id`, `phrase`, `english`) VALUES ('682', 'trial_balance_with_opening_as_on', 'Trial Balance With Opening ');
INSERT INTO `language` (`id`, `phrase`, `english`) VALUES ('683', 'as_on', 'As On');
INSERT INTO `language` (`id`, `phrase`, `english`) VALUES ('684', 'chairman', 'Chairman');
INSERT INTO `language` (`id`, `phrase`, `english`) VALUES ('685', 'prepared_by', 'Prepared By');
INSERT INTO `language` (`id`, `phrase`, `english`) VALUES ('686', 'statement_of_comprehensive_income', 'Statement Of Comprehensive Income');
INSERT INTO `language` (`id`, `phrase`, `english`) VALUES ('687', 'from', 'From');
INSERT INTO `language` (`id`, `phrase`, `english`) VALUES ('688', 'total_expenses', 'Total Expenses');
INSERT INTO `language` (`id`, `phrase`, `english`) VALUES ('689', 'total_income', 'Total Income');
INSERT INTO `language` (`id`, `phrase`, `english`) VALUES ('690', 'authorized_signature', 'Authorize Signature');
INSERT INTO `language` (`id`, `phrase`, `english`) VALUES ('691', 'account_official', 'Account Official');
INSERT INTO `language` (`id`, `phrase`, `english`) VALUES ('692', 'approved', 'Approved');
INSERT INTO `language` (`id`, `phrase`, `english`) VALUES ('693', 'update_credit_voucher', 'Update Credit Voucher');
INSERT INTO `language` (`id`, `phrase`, `english`) VALUES ('694', 'benefits', 'Benefit');
INSERT INTO `language` (`id`, `phrase`, `english`) VALUES ('695', 'class', 'Class');
INSERT INTO `language` (`id`, `phrase`, `english`) VALUES ('696', 'biographical_info', 'Biographical Info');
INSERT INTO `language` (`id`, `phrase`, `english`) VALUES ('697', 'additional_address', 'Additional Address');
INSERT INTO `language` (`id`, `phrase`, `english`) VALUES ('698', 'custom', 'Custom');
INSERT INTO `language` (`id`, `phrase`, `english`) VALUES ('699', 'can_name', 'Candidate Name');
INSERT INTO `language` (`id`, `phrase`, `english`) VALUES ('700', 'select', 'Select');
INSERT INTO `language` (`id`, `phrase`, `english`) VALUES ('701', 'benefit_type', 'Benefit Type');
INSERT INTO `language` (`id`, `phrase`, `english`) VALUES ('702', 'salary_benefits_type', 'Benefits Type');
INSERT INTO `language` (`id`, `phrase`, `english`) VALUES ('703', 'addition', 'Addition');
INSERT INTO `language` (`id`, `phrase`, `english`) VALUES ('704', 'basic', 'Basic');
INSERT INTO `language` (`id`, `phrase`, `english`) VALUES ('705', 'deduction', 'Deduction');
INSERT INTO `language` (`id`, `phrase`, `english`) VALUES ('706', 'gross_salary', 'Gross Salary');
INSERT INTO `language` (`id`, `phrase`, `english`) VALUES ('707', 'total_loan_amount', 'Total Loan Amount');
INSERT INTO `language` (`id`, `phrase`, `english`) VALUES ('708', 'loan_no', 'Loan No');
INSERT INTO `language` (`id`, `phrase`, `english`) VALUES ('709', 'loan_issue_id', 'Loan Issue Id');
INSERT INTO `language` (`id`, `phrase`, `english`) VALUES ('710', 'repayment', 'Repayment');
INSERT INTO `language` (`id`, `phrase`, `english`) VALUES ('711', 'candidate_name', 'Candidate name');
INSERT INTO `language` (`id`, `phrase`, `english`) VALUES ('712', 'employee_performance', 'Employee Performance');
INSERT INTO `language` (`id`, `phrase`, `english`) VALUES ('713', 'check_in', 'Check In');
INSERT INTO `language` (`id`, `phrase`, `english`) VALUES ('714', 'check_out', 'Check Out');
INSERT INTO `language` (`id`, `phrase`, `english`) VALUES ('715', 'datewise_report', 'Date Wise Report');
INSERT INTO `language` (`id`, `phrase`, `english`) VALUES ('716', 'employee_wise_report', 'Employee Wise Report');
INSERT INTO `language` (`id`, `phrase`, `english`) VALUES ('717', 'date_in_time_report', 'Date & In Time Report');
INSERT INTO `language` (`id`, `phrase`, `english`) VALUES ('718', 'report_view', 'Report View');
INSERT INTO `language` (`id`, `phrase`, `english`) VALUES ('719', 'notice_form', 'Notice Form');
INSERT INTO `language` (`id`, `phrase`, `english`) VALUES ('720', 'branch1', 'Branch');
INSERT INTO `language` (`id`, `phrase`, `english`) VALUES ('721', 'add_branch', 'Add Branch');
INSERT INTO `language` (`id`, `phrase`, `english`) VALUES ('722', 'branch_name', 'Branch Name');
INSERT INTO `language` (`id`, `phrase`, `english`) VALUES ('723', 'branch_code', 'Branch Code');
INSERT INTO `language` (`id`, `phrase`, `english`) VALUES ('724', 'branch_address', 'Branch Address');
INSERT INTO `language` (`id`, `phrase`, `english`) VALUES ('725', 'add_new_branch', 'Add New Branch');
INSERT INTO `language` (`id`, `phrase`, `english`) VALUES ('726', 'manage_branch', 'Manage Branch');
INSERT INTO `language` (`id`, `phrase`, `english`) VALUES ('727', 'incorrect_email_or_password_or_branch', 'Incorrect Email/Password/Branch');
INSERT INTO `language` (`id`, `phrase`, `english`) VALUES ('728', 'previous_work_experience', 'Previous Work Experience');
INSERT INTO `language` (`id`, `phrase`, `english`) VALUES ('729', 'tenth', 'Tenth');
INSERT INTO `language` (`id`, `phrase`, `english`) VALUES ('730', 'duration', 'Duration');
INSERT INTO `language` (`id`, `phrase`, `english`) VALUES ('731', 'designation', 'Designation');
INSERT INTO `language` (`id`, `phrase`, `english`) VALUES ('732', 'esi_pf_welfare_scheme_card_no', 'ESI/PF/Welfare scheme card no');
INSERT INTO `language` (`id`, `phrase`, `english`) VALUES ('733', 'pan_card_no', 'PAN Card NO');
INSERT INTO `language` (`id`, `phrase`, `english`) VALUES ('734', 'reason_of_leaving', 'Reason of leaving');
INSERT INTO `language` (`id`, `phrase`, `english`) VALUES ('735', 'other_work_experience', 'Other Work experience');
INSERT INTO `language` (`id`, `phrase`, `english`) VALUES ('736', 'training_attended', 'Training Attended');
INSERT INTO `language` (`id`, `phrase`, `english`) VALUES ('737', 'course', 'Course');
INSERT INTO `language` (`id`, `phrase`, `english`) VALUES ('738', 'institution', 'lnstitution');
INSERT INTO `language` (`id`, `phrase`, `english`) VALUES ('739', 'year_of_passing', 'Year of Passing');
INSERT INTO `language` (`id`, `phrase`, `english`) VALUES ('740', 'nominee_details', 'Nominee Details');
INSERT INTO `language` (`id`, `phrase`, `english`) VALUES ('741', 'relation', 'Relation');
INSERT INTO `language` (`id`, `phrase`, `english`) VALUES ('742', 'occupation', 'Occupation');
INSERT INTO `language` (`id`, `phrase`, `english`) VALUES ('743', 'evaluation', 'Evaluation');
INSERT INTO `language` (`id`, `phrase`, `english`) VALUES ('744', 'add_evaluation', 'Add Evaluation');
INSERT INTO `language` (`id`, `phrase`, `english`) VALUES ('745', 'manage_evaluation', 'Manage Evaluation');
INSERT INTO `language` (`id`, `phrase`, `english`) VALUES ('746', 'adhar_card_number', 'Adhar Card Number');
INSERT INTO `language` (`id`, `phrase`, `english`) VALUES ('747', 'bank_name', 'Bank Name');
INSERT INTO `language` (`id`, `phrase`, `english`) VALUES ('748', 'ifsc', 'IFSC');
INSERT INTO `language` (`id`, `phrase`, `english`) VALUES ('749', 'account_number', 'Account Number');
INSERT INTO `language` (`id`, `phrase`, `english`) VALUES ('750', 'pf_status', 'PF Status');
INSERT INTO `language` (`id`, `phrase`, `english`) VALUES ('751', 'yes', 'Yes');
INSERT INTO `language` (`id`, `phrase`, `english`) VALUES ('752', 'pf_uan', 'PF UAN');
INSERT INTO `language` (`id`, `phrase`, `english`) VALUES ('753', 'esi_status', 'ESI Status');
INSERT INTO `language` (`id`, `phrase`, `english`) VALUES ('754', 'esi_ip_number', 'ESI IP Number');
INSERT INTO `language` (`id`, `phrase`, `english`) VALUES ('755', 'permanent_status', 'Permanent Status');
INSERT INTO `language` (`id`, `phrase`, `english`) VALUES ('756', 'bank_and_nominee', 'Bank & Nominee');
INSERT INTO `language` (`id`, `phrase`, `english`) VALUES ('758', 'category', 'File');
INSERT INTO `language` (`id`, `phrase`, `english`) VALUES ('759', 'filetrack', 'File Track');
INSERT INTO `language` (`id`, `phrase`, `english`) VALUES ('760', 'add_filetrack', 'Add File');
INSERT INTO `language` (`id`, `phrase`, `english`) VALUES ('761', 'filetrack_list', 'File List');
INSERT INTO `language` (`id`, `phrase`, `english`) VALUES ('762', 'cat', 'Category');
INSERT INTO `language` (`id`, `phrase`, `english`) VALUES ('763', 'filetrack_name', 'File Name');
INSERT INTO `language` (`id`, `phrase`, `english`) VALUES ('764', 'category_name', 'Category Name');
INSERT INTO `language` (`id`, `phrase`, `english`) VALUES ('765', 'manage_cat', 'Manage Category');
INSERT INTO `language` (`id`, `phrase`, `english`) VALUES ('766', 'add_new_cat', 'Add Category');
INSERT INTO `language` (`id`, `phrase`, `english`) VALUES ('767', 'category_desc', 'Description');
INSERT INTO `language` (`id`, `phrase`, `english`) VALUES ('768', 'category_reg', 'Register Date');
INSERT INTO `language` (`id`, `phrase`, `english`) VALUES ('769', 'category_exp', 'Expiry Date');
INSERT INTO `language` (`id`, `phrase`, `english`) VALUES ('770', 'category_file', 'File');


#
# TABLE STRUCTURE FOR: leave_apply
#

DROP TABLE IF EXISTS `leave_apply`;

CREATE TABLE `leave_apply` (
  `leave_appl_id` int(11) NOT NULL AUTO_INCREMENT,
  `employee_id` varchar(20) NOT NULL,
  `leave_type_id` int(2) NOT NULL,
  `apply_strt_date` varchar(20) NOT NULL,
  `apply_end_date` varchar(20) NOT NULL,
  `apply_day` int(11) NOT NULL,
  `leave_aprv_strt_date` varchar(20) NOT NULL,
  `leave_aprv_end_date` varchar(20) NOT NULL,
  `num_aprv_day` varchar(15) NOT NULL,
  `reason` varchar(100) NOT NULL,
  `apply_hard_copy` text,
  `apply_date` varchar(20) NOT NULL,
  `approve_date` varchar(20) NOT NULL,
  `approved_by` varchar(30) NOT NULL,
  `leave_type` varchar(50) NOT NULL,
  PRIMARY KEY (`leave_appl_id`)
) ENGINE=InnoDB AUTO_INCREMENT=2 DEFAULT CHARSET=latin1;

INSERT INTO `leave_apply` (`leave_appl_id`, `employee_id`, `leave_type_id`, `apply_strt_date`, `apply_end_date`, `apply_day`, `leave_aprv_strt_date`, `leave_aprv_end_date`, `num_aprv_day`, `reason`, `apply_hard_copy`, `apply_date`, `approve_date`, `approved_by`, `leave_type`) VALUES ('1', 'EV5FBIF1', '1', '2019-05-16', '2019-05-18', '2', '2019-05-16', '2019-05-16', '1', 'dgddgdf', './application/modules/leave/assets/images/2019-05-17/Des.jpg', '2019-05-17', '2019-05-17', '0', '');


#
# TABLE STRUCTURE FOR: leave_type
#

DROP TABLE IF EXISTS `leave_type`;

CREATE TABLE `leave_type` (
  `leave_type_id` int(2) NOT NULL AUTO_INCREMENT,
  `leave_type` varchar(50) NOT NULL,
  `leave_days` int(2) NOT NULL,
  PRIMARY KEY (`leave_type_id`)
) ENGINE=InnoDB AUTO_INCREMENT=2 DEFAULT CHARSET=latin1;

INSERT INTO `leave_type` (`leave_type_id`, `leave_type`, `leave_days`) VALUES ('1', 'test leave type', '1');


#
# TABLE STRUCTURE FOR: loan_installment
#

DROP TABLE IF EXISTS `loan_installment`;

CREATE TABLE `loan_installment` (
  `loan_inst_id` int(11) NOT NULL AUTO_INCREMENT,
  `employee_id` varchar(21) CHARACTER SET latin1 NOT NULL,
  `loan_id` varchar(21) CHARACTER SET latin1 NOT NULL,
  `installment_amount` varchar(20) CHARACTER SET latin1 NOT NULL,
  `payment` varchar(20) CHARACTER SET latin1 NOT NULL,
  `date` varchar(20) CHARACTER SET latin1 NOT NULL,
  `received_by` varchar(20) CHARACTER SET latin1 NOT NULL,
  `installment_no` varchar(20) CHARACTER SET latin1 NOT NULL DEFAULT '1',
  `notes` varchar(80) CHARACTER SET latin1 NOT NULL,
  PRIMARY KEY (`loan_inst_id`)
) ENGINE=InnoDB DEFAULT CHARSET=utf8;

#
# TABLE STRUCTURE FOR: marital_info
#

DROP TABLE IF EXISTS `marital_info`;

CREATE TABLE `marital_info` (
  `id` int(11) NOT NULL AUTO_INCREMENT,
  `marital_sta` varchar(30) NOT NULL,
  PRIMARY KEY (`id`)
) ENGINE=InnoDB AUTO_INCREMENT=6 DEFAULT CHARSET=latin1;

INSERT INTO `marital_info` (`id`, `marital_sta`) VALUES ('1', 'Single');
INSERT INTO `marital_info` (`id`, `marital_sta`) VALUES ('2', 'Married');
INSERT INTO `marital_info` (`id`, `marital_sta`) VALUES ('3', 'Divorced');
INSERT INTO `marital_info` (`id`, `marital_sta`) VALUES ('4', 'Widowed');
INSERT INTO `marital_info` (`id`, `marital_sta`) VALUES ('5', 'Other');


#
# TABLE STRUCTURE FOR: message
#

DROP TABLE IF EXISTS `message`;

CREATE TABLE `message` (
  `id` int(11) NOT NULL AUTO_INCREMENT,
  `sender_id` int(11) NOT NULL,
  `receiver_id` int(11) NOT NULL,
  `subject` varchar(255) NOT NULL,
  `message` text NOT NULL,
  `datetime` datetime NOT NULL,
  `sender_status` tinyint(1) NOT NULL DEFAULT '0' COMMENT '0=unseen, 1=seen, 2=delete',
  `receiver_status` tinyint(1) NOT NULL DEFAULT '0' COMMENT '0=unseen, 1=seen, 2=delete',
  PRIMARY KEY (`id`)
) ENGINE=InnoDB AUTO_INCREMENT=16 DEFAULT CHARSET=utf8;

INSERT INTO `message` (`id`, `sender_id`, `receiver_id`, `subject`, `message`, `datetime`, `sender_status`, `receiver_status`) VALUES ('1', '2', '1', 'TEST', '<p>TEST</p>', '2017-02-07 00:00:00', '2', '2');
INSERT INTO `message` (`id`, `sender_id`, `receiver_id`, `subject`, `message`, `datetime`, `sender_status`, `receiver_status`) VALUES ('3', '26', '3', 'TEST', '<p>receiver_id<strong></strong></p>', '2017-02-07 00:00:00', '0', '1');
INSERT INTO `message` (`id`, `sender_id`, `receiver_id`, `subject`, `message`, `datetime`, `sender_status`, `receiver_status`) VALUES ('10', '2', '17', 'TEST', '<p>bbjkjhjh</p>', '2017-02-07 11:34:41', '0', '0');
INSERT INTO `message` (`id`, `sender_id`, `receiver_id`, `subject`, `message`, `datetime`, `sender_status`, `receiver_status`) VALUES ('11', '2', '1', 'morning', '<p>sadefsdasdaff</p>', '2017-07-19 06:57:36', '1', '1');
INSERT INTO `message` (`id`, `sender_id`, `receiver_id`, `subject`, `message`, `datetime`, `sender_status`, `receiver_status`) VALUES ('12', '2', '7', 'hi', '<p>fgdfg</p>', '2017-07-23 10:08:55', '1', '0');
INSERT INTO `message` (`id`, `sender_id`, `receiver_id`, `subject`, `message`, `datetime`, `sender_status`, `receiver_status`) VALUES ('13', '2', '1', 'Salary report', '<p>Please send me salary report.....</p>', '2017-07-23 02:01:04', '1', '1');
INSERT INTO `message` (`id`, `sender_id`, `receiver_id`, `subject`, `message`, `datetime`, `sender_status`, `receiver_status`) VALUES ('14', '2', '7', 'fbhz', 'dzfhdfh', '2017-11-22 09:06:48', '2', '0');
INSERT INTO `message` (`id`, `sender_id`, `receiver_id`, `subject`, `message`, `datetime`, `sender_status`, `receiver_status`) VALUES ('15', '18', '1', 'test subject', 'vbcbcv', '2019-05-11 11:35:36', '1', '0');


#
# TABLE STRUCTURE FOR: module
#

DROP TABLE IF EXISTS `module`;

CREATE TABLE `module` (
  `id` int(11) NOT NULL AUTO_INCREMENT,
  `name` varchar(50) NOT NULL,
  `description` text,
  `image` varchar(255) NOT NULL,
  `directory` varchar(100) NOT NULL,
  `status` tinyint(1) NOT NULL DEFAULT '1',
  PRIMARY KEY (`id`)
) ENGINE=InnoDB AUTO_INCREMENT=54 DEFAULT CHARSET=utf8;

INSERT INTO `module` (`id`, `name`, `description`, `image`, `directory`, `status`) VALUES ('39', 'attendance Details ', 'Simple attendance processing System', 'application/modules/attendance/assets/images/thumbnail.jpg', 'attendance', '1');
INSERT INTO `module` (`id`, `name`, `description`, `image`, `directory`, `status`) VALUES ('40', 'Employee circulation processing System', 'Simple circulation processing System', 'application/modules/circularprocess/assets/images/thumbnail.jpg', 'circularprocess', '1');
INSERT INTO `module` (`id`, `name`, `description`, `image`, `directory`, `status`) VALUES ('41', 'Employee Details ', 'Simple hrm processing System', 'application/modules/employee/assets/images/thumbnail.jpg', 'employee', '1');
INSERT INTO `module` (`id`, `name`, `description`, `image`, `directory`, `status`) VALUES ('42', 'Leave Details ', 'Simple leave processing System', 'application/modules/leave/assets/images/thumbnail.jpg', 'leave', '1');
INSERT INTO `module` (`id`, `name`, `description`, `image`, `directory`, `status`) VALUES ('43', 'Loan Details ', 'Simple loan processing System', 'application/modules/loan/assets/images/thumbnail.jpg', 'loan', '1');
INSERT INTO `module` (`id`, `name`, `description`, `image`, `directory`, `status`) VALUES ('44', 'TAX Details ', 'Simple tax processing System', 'application/modules/tax/assets/images/thumbnail.jpg', 'tax', '1');
INSERT INTO `module` (`id`, `name`, `description`, `image`, `directory`, `status`) VALUES ('46', 'Payroll Details ', 'Simple payroll processing System', 'application/modules/payroll/assets/images/thumbnail.jpg', 'payroll', '1');
INSERT INTO `module` (`id`, `name`, `description`, `image`, `directory`, `status`) VALUES ('48', 'Account', 'Account information', 'application/modules/account/assets/images/thumbnail.jpg', 'account', '1');
INSERT INTO `module` (`id`, `name`, `description`, `image`, `directory`, `status`) VALUES ('49', 'Notice Details ', 'Simple Notice', 'application/modules/noticeboard/assets/images/thumbnail.jpg', 'noticeboard', '1');
INSERT INTO `module` (`id`, `name`, `description`, `image`, `directory`, `status`) VALUES ('50', 'Award Details ', 'Simple Award', 'application/modules/award/assets/images/thumbnail.jpg', 'award', '1');
INSERT INTO `module` (`id`, `name`, `description`, `image`, `directory`, `status`) VALUES ('52', 'asset Details ', 'Simple asset', 'application/modules/asset/assets/images/thumbnail.jpg', 'asset', '1');
INSERT INTO `module` (`id`, `name`, `description`, `image`, `directory`, `status`) VALUES ('53', 'File Track Details', 'Simple File track', 'application/modules/category/assets/images/thumbnail.jpg', 'category', '1');


#
# TABLE STRUCTURE FOR: module_permission
#

DROP TABLE IF EXISTS `module_permission`;

CREATE TABLE `module_permission` (
  `id` int(11) NOT NULL AUTO_INCREMENT,
  `fk_module_id` int(11) NOT NULL,
  `fk_user_id` int(11) NOT NULL,
  `create` tinyint(1) DEFAULT NULL,
  `read` tinyint(1) DEFAULT NULL,
  `update` tinyint(1) DEFAULT NULL,
  `delete` tinyint(1) DEFAULT NULL,
  PRIMARY KEY (`id`),
  KEY `fk_module_id` (`fk_module_id`),
  KEY `fk_user_id` (`fk_user_id`)
) ENGINE=InnoDB AUTO_INCREMENT=32 DEFAULT CHARSET=utf8;

INSERT INTO `module_permission` (`id`, `fk_module_id`, `fk_user_id`, `create`, `read`, `update`, `delete`) VALUES ('5', '39', '3', '1', '1', '1', '1');
INSERT INTO `module_permission` (`id`, `fk_module_id`, `fk_user_id`, `create`, `read`, `update`, `delete`) VALUES ('6', '40', '3', '0', '0', '0', '0');
INSERT INTO `module_permission` (`id`, `fk_module_id`, `fk_user_id`, `create`, `read`, `update`, `delete`) VALUES ('7', '41', '3', '0', '1', '1', '1');
INSERT INTO `module_permission` (`id`, `fk_module_id`, `fk_user_id`, `create`, `read`, `update`, `delete`) VALUES ('8', '42', '3', '0', '0', '0', '0');
INSERT INTO `module_permission` (`id`, `fk_module_id`, `fk_user_id`, `create`, `read`, `update`, `delete`) VALUES ('9', '43', '3', '0', '1', '1', '0');
INSERT INTO `module_permission` (`id`, `fk_module_id`, `fk_user_id`, `create`, `read`, `update`, `delete`) VALUES ('10', '44', '3', '0', '0', '0', '0');
INSERT INTO `module_permission` (`id`, `fk_module_id`, `fk_user_id`, `create`, `read`, `update`, `delete`) VALUES ('21', '39', '1', '1', '1', '1', '1');
INSERT INTO `module_permission` (`id`, `fk_module_id`, `fk_user_id`, `create`, `read`, `update`, `delete`) VALUES ('22', '40', '1', '0', '0', '0', '0');
INSERT INTO `module_permission` (`id`, `fk_module_id`, `fk_user_id`, `create`, `read`, `update`, `delete`) VALUES ('23', '41', '1', '0', '0', '0', '0');
INSERT INTO `module_permission` (`id`, `fk_module_id`, `fk_user_id`, `create`, `read`, `update`, `delete`) VALUES ('24', '42', '1', '0', '0', '0', '0');
INSERT INTO `module_permission` (`id`, `fk_module_id`, `fk_user_id`, `create`, `read`, `update`, `delete`) VALUES ('25', '43', '1', '0', '0', '0', '0');
INSERT INTO `module_permission` (`id`, `fk_module_id`, `fk_user_id`, `create`, `read`, `update`, `delete`) VALUES ('26', '44', '1', '0', '0', '0', '0');
INSERT INTO `module_permission` (`id`, `fk_module_id`, `fk_user_id`, `create`, `read`, `update`, `delete`) VALUES ('27', '46', '1', '0', '0', '0', '0');
INSERT INTO `module_permission` (`id`, `fk_module_id`, `fk_user_id`, `create`, `read`, `update`, `delete`) VALUES ('28', '48', '1', '1', '1', '1', '0');
INSERT INTO `module_permission` (`id`, `fk_module_id`, `fk_user_id`, `create`, `read`, `update`, `delete`) VALUES ('29', '49', '1', '0', '0', '0', '0');
INSERT INTO `module_permission` (`id`, `fk_module_id`, `fk_user_id`, `create`, `read`, `update`, `delete`) VALUES ('30', '50', '1', '0', '0', '0', '0');
INSERT INTO `module_permission` (`id`, `fk_module_id`, `fk_user_id`, `create`, `read`, `update`, `delete`) VALUES ('31', '53', '2', '1', '1', '1', '1');


#
# TABLE STRUCTURE FOR: notice_board
#

DROP TABLE IF EXISTS `notice_board`;

CREATE TABLE `notice_board` (
  `notice_id` int(11) NOT NULL AUTO_INCREMENT,
  `notice_descriptiion` text NOT NULL,
  `notice_date` date NOT NULL,
  `notice_type` varchar(50) NOT NULL,
  `notice_by` varchar(50) NOT NULL,
  `notice_attachment` text,
  PRIMARY KEY (`notice_id`)
) ENGINE=InnoDB AUTO_INCREMENT=3 DEFAULT CHARSET=latin1;

INSERT INTO `notice_board` (`notice_id`, `notice_descriptiion`, `notice_date`, `notice_type`, `notice_by`, `notice_attachment`) VALUES ('2', 'Saturday will be a working day ', '2019-05-29', 'Important', 'HR', './application/modules/noticeboard/assets/images/2019-05-24/Emp.jpg');


#
# TABLE STRUCTURE FOR: pay_frequency
#

DROP TABLE IF EXISTS `pay_frequency`;

CREATE TABLE `pay_frequency` (
  `id` int(11) NOT NULL AUTO_INCREMENT,
  `frequency_name` varchar(30) NOT NULL,
  PRIMARY KEY (`id`)
) ENGINE=InnoDB AUTO_INCREMENT=4 DEFAULT CHARSET=latin1;

INSERT INTO `pay_frequency` (`id`, `frequency_name`) VALUES ('1', 'Weekly');
INSERT INTO `pay_frequency` (`id`, `frequency_name`) VALUES ('2', 'Biweekly');
INSERT INTO `pay_frequency` (`id`, `frequency_name`) VALUES ('3', 'Annual');


#
# TABLE STRUCTURE FOR: payroll_holiday
#

DROP TABLE IF EXISTS `payroll_holiday`;

CREATE TABLE `payroll_holiday` (
  `payrl_holi_id` int(11) unsigned NOT NULL AUTO_INCREMENT,
  `holiday_name` varchar(30) CHARACTER SET latin1 NOT NULL,
  `start_date` varchar(30) CHARACTER SET latin1 NOT NULL,
  `end_date` varchar(30) CHARACTER SET latin1 NOT NULL,
  `no_of_days` varchar(30) CHARACTER SET latin1 NOT NULL,
  `created_by` varchar(30) CHARACTER SET latin1 NOT NULL,
  `updated_by` varchar(30) CHARACTER SET latin1 NOT NULL,
  PRIMARY KEY (`payrl_holi_id`)
) ENGINE=InnoDB AUTO_INCREMENT=4 DEFAULT CHARSET=utf8;

INSERT INTO `payroll_holiday` (`payrl_holi_id`, `holiday_name`, `start_date`, `end_date`, `no_of_days`, `created_by`, `updated_by`) VALUES ('1', 'test', '2019-04-30', '2019-04-30', '1', '', '');
INSERT INTO `payroll_holiday` (`payrl_holi_id`, `holiday_name`, `start_date`, `end_date`, `no_of_days`, `created_by`, `updated_by`) VALUES ('2', 'test', '2019-05-01', '2019-05-08', '8', '', '');
INSERT INTO `payroll_holiday` (`payrl_holi_id`, `holiday_name`, `start_date`, `end_date`, `no_of_days`, `created_by`, `updated_by`) VALUES ('3', 'vishu', '2019-05-10', '2019-05-10', '1', '', '');


#
# TABLE STRUCTURE FOR: payroll_tax_collection
#

DROP TABLE IF EXISTS `payroll_tax_collection`;

CREATE TABLE `payroll_tax_collection` (
  `tax_coll_id` int(11) unsigned NOT NULL AUTO_INCREMENT,
  `employee_id` varchar(30) CHARACTER SET latin1 NOT NULL,
  `date_start` varchar(30) CHARACTER SET latin1 NOT NULL,
  `amount_tax` varchar(30) CHARACTER SET latin1 NOT NULL,
  `collection_by` varchar(30) CHARACTER SET latin1 NOT NULL,
  `date_end` varchar(30) CHARACTER SET latin1 NOT NULL,
  `income_net_period` varchar(30) CHARACTER SET latin1 NOT NULL,
  PRIMARY KEY (`tax_coll_id`)
) ENGINE=InnoDB DEFAULT CHARSET=utf8;

#
# TABLE STRUCTURE FOR: payroll_tax_setup
#

DROP TABLE IF EXISTS `payroll_tax_setup`;

CREATE TABLE `payroll_tax_setup` (
  `tax_setup_id` int(11) unsigned NOT NULL AUTO_INCREMENT,
  `start_amount` varchar(30) CHARACTER SET latin1 NOT NULL,
  `end_amount` varchar(30) CHARACTER SET latin1 NOT NULL,
  `rate` varchar(30) CHARACTER SET latin1 NOT NULL,
  `status` varchar(30) CHARACTER SET latin1 NOT NULL,
  PRIMARY KEY (`tax_setup_id`)
) ENGINE=InnoDB DEFAULT CHARSET=utf8;

#
# TABLE STRUCTURE FOR: position
#

DROP TABLE IF EXISTS `position`;

CREATE TABLE `position` (
  `pos_id` int(11) NOT NULL AUTO_INCREMENT,
  `position_name` varchar(255) CHARACTER SET latin1 NOT NULL,
  `position_details` varchar(255) CHARACTER SET latin1 NOT NULL,
  PRIMARY KEY (`pos_id`)
) ENGINE=InnoDB AUTO_INCREMENT=13 DEFAULT CHARSET=utf8;

INSERT INTO `position` (`pos_id`, `position_name`, `position_details`) VALUES ('1', 'HR', 'HR');
INSERT INTO `position` (`pos_id`, `position_name`, `position_details`) VALUES ('2', 'Manager', 'Manager');
INSERT INTO `position` (`pos_id`, `position_name`, `position_details`) VALUES ('3', 'wsw', 'sw');
INSERT INTO `position` (`pos_id`, `position_name`, `position_details`) VALUES ('4', 'F M', '');
INSERT INTO `position` (`pos_id`, `position_name`, `position_details`) VALUES ('5', 'P & A manager', '');
INSERT INTO `position` (`pos_id`, `position_name`, `position_details`) VALUES ('6', 'ASM', '');
INSERT INTO `position` (`pos_id`, `position_name`, `position_details`) VALUES ('7', 'EXE', '');
INSERT INTO `position` (`pos_id`, `position_name`, `position_details`) VALUES ('8', 'Spare Incharge', '');
INSERT INTO `position` (`pos_id`, `position_name`, `position_details`) VALUES ('9', 'MANAGER 3W', '');
INSERT INTO `position` (`pos_id`, `position_name`, `position_details`) VALUES ('10', 'MECHANIC 3W', '');
INSERT INTO `position` (`pos_id`, `position_name`, `position_details`) VALUES ('11', 'EXE 3W', '');
INSERT INTO `position` (`pos_id`, `position_name`, `position_details`) VALUES ('12', 'PRO', '');


#
# TABLE STRUCTURE FOR: rate_type
#

DROP TABLE IF EXISTS `rate_type`;

CREATE TABLE `rate_type` (
  `id` int(11) NOT NULL AUTO_INCREMENT,
  `r_type_name` varchar(30) NOT NULL,
  PRIMARY KEY (`id`)
) ENGINE=InnoDB AUTO_INCREMENT=2 DEFAULT CHARSET=latin1;

#
# TABLE STRUCTURE FOR: salary_setup_header
#

DROP TABLE IF EXISTS `salary_setup_header`;

CREATE TABLE `salary_setup_header` (
  `s_s_h_id` int(11) unsigned NOT NULL AUTO_INCREMENT,
  `employee_id` varchar(30) CHARACTER SET latin1 NOT NULL,
  `salary_payable` varchar(30) CHARACTER SET latin1 NOT NULL,
  `absent_deduct` varchar(30) CHARACTER SET latin1 NOT NULL,
  `tax_manager` varchar(30) CHARACTER SET latin1 NOT NULL,
  `status` varchar(30) CHARACTER SET latin1 NOT NULL,
  PRIMARY KEY (`s_s_h_id`)
) ENGINE=InnoDB AUTO_INCREMENT=25 DEFAULT CHARSET=utf8;

INSERT INTO `salary_setup_header` (`s_s_h_id`, `employee_id`, `salary_payable`, `absent_deduct`, `tax_manager`, `status`) VALUES ('1', 'EV5FBIF1', '6289.5', '0', '0', '');
INSERT INTO `salary_setup_header` (`s_s_h_id`, `employee_id`, `salary_payable`, `absent_deduct`, `tax_manager`, `status`) VALUES ('2', 'EV5FBIF1', '6139.5', '0', '0', '');
INSERT INTO `salary_setup_header` (`s_s_h_id`, `employee_id`, `salary_payable`, `absent_deduct`, `tax_manager`, `status`) VALUES ('3', 'EWCXM9JI', '10.776', '0', '0', '');
INSERT INTO `salary_setup_header` (`s_s_h_id`, `employee_id`, `salary_payable`, `absent_deduct`, `tax_manager`, `status`) VALUES ('4', 'EBSHV96U', '4402.5', '0', '0', '');
INSERT INTO `salary_setup_header` (`s_s_h_id`, `employee_id`, `salary_payable`, `absent_deduct`, `tax_manager`, `status`) VALUES ('5', 'E3CBBKXD', 'NaN', '0', '0', '');
INSERT INTO `salary_setup_header` (`s_s_h_id`, `employee_id`, `salary_payable`, `absent_deduct`, `tax_manager`, `status`) VALUES ('6', 'EWCXM9JI', '10.776', '0', '0', '');
INSERT INTO `salary_setup_header` (`s_s_h_id`, `employee_id`, `salary_payable`, `absent_deduct`, `tax_manager`, `status`) VALUES ('7', 'EV5FBIF1', '6139.5', '0', '0', '');
INSERT INTO `salary_setup_header` (`s_s_h_id`, `employee_id`, `salary_payable`, `absent_deduct`, `tax_manager`, `status`) VALUES ('8', 'EV5FBIF1', '6289.5', '0', '0', '');
INSERT INTO `salary_setup_header` (`s_s_h_id`, `employee_id`, `salary_payable`, `absent_deduct`, `tax_manager`, `status`) VALUES ('9', 'EWCXM9JI', '-139.224', '0', '0', '');
INSERT INTO `salary_setup_header` (`s_s_h_id`, `employee_id`, `salary_payable`, `absent_deduct`, `tax_manager`, `status`) VALUES ('10', 'EV5FBIF1', '6289.5', '0', '0', '');
INSERT INTO `salary_setup_header` (`s_s_h_id`, `employee_id`, `salary_payable`, `absent_deduct`, `tax_manager`, `status`) VALUES ('11', 'EV5FBIF1', '6289.5', '0', '0', '');
INSERT INTO `salary_setup_header` (`s_s_h_id`, `employee_id`, `salary_payable`, `absent_deduct`, `tax_manager`, `status`) VALUES ('12', 'EV5FBIF1', '6289.5', '0', '0', '');
INSERT INTO `salary_setup_header` (`s_s_h_id`, `employee_id`, `salary_payable`, `absent_deduct`, `tax_manager`, `status`) VALUES ('13', 'EWCXM9JI', '10.776', '0', '0', '');
INSERT INTO `salary_setup_header` (`s_s_h_id`, `employee_id`, `salary_payable`, `absent_deduct`, `tax_manager`, `status`) VALUES ('14', 'EV5FBIF1', '6289.5', '0', '0', '');
INSERT INTO `salary_setup_header` (`s_s_h_id`, `employee_id`, `salary_payable`, `absent_deduct`, `tax_manager`, `status`) VALUES ('15', 'EV5FBIF1', '787.5', '0', '0', '');
INSERT INTO `salary_setup_header` (`s_s_h_id`, `employee_id`, `salary_payable`, `absent_deduct`, `tax_manager`, `status`) VALUES ('16', 'EV5FBIF1', '4958.370967741936', '0', '0', '');
INSERT INTO `salary_setup_header` (`s_s_h_id`, `employee_id`, `salary_payable`, `absent_deduct`, `tax_manager`, `status`) VALUES ('17', 'EV5FBIF1', '4958.370967741936', '0', '0', '');
INSERT INTO `salary_setup_header` (`s_s_h_id`, `employee_id`, `salary_payable`, `absent_deduct`, `tax_manager`, `status`) VALUES ('18', 'EV5FBIF1', '4958.370967741936', '0', '0', '');
INSERT INTO `salary_setup_header` (`s_s_h_id`, `employee_id`, `salary_payable`, `absent_deduct`, `tax_manager`, `status`) VALUES ('19', 'EV5FBIF1', '6289.5', '0', '0', '');
INSERT INTO `salary_setup_header` (`s_s_h_id`, `employee_id`, `salary_payable`, `absent_deduct`, `tax_manager`, `status`) VALUES ('20', 'EV5FBIF1', '6289.5', '0', '0', '');
INSERT INTO `salary_setup_header` (`s_s_h_id`, `employee_id`, `salary_payable`, `absent_deduct`, `tax_manager`, `status`) VALUES ('21', 'E33ERDWE', '46648', '0', '0', '');
INSERT INTO `salary_setup_header` (`s_s_h_id`, `employee_id`, `salary_payable`, `absent_deduct`, `tax_manager`, `status`) VALUES ('22', 'EV5FBIF1', '4958.370967741936', '0', '0', '');
INSERT INTO `salary_setup_header` (`s_s_h_id`, `employee_id`, `salary_payable`, `absent_deduct`, `tax_manager`, `status`) VALUES ('23', 'E33ERDWE', '5551.225806451614', '0', '0', '');
INSERT INTO `salary_setup_header` (`s_s_h_id`, `employee_id`, `salary_payable`, `absent_deduct`, `tax_manager`, `status`) VALUES ('24', 'E33ERDWE', '5551.225806451614', '0', '0', '');


#
# TABLE STRUCTURE FOR: salary_sheet_generate
#

DROP TABLE IF EXISTS `salary_sheet_generate`;

CREATE TABLE `salary_sheet_generate` (
  `ssg_id` int(11) unsigned NOT NULL AUTO_INCREMENT,
  `employee_id` varchar(20) NOT NULL,
  `name` varchar(30) CHARACTER SET latin1 NOT NULL,
  `gdate` varchar(20) DEFAULT NULL,
  `start_date` varchar(30) CHARACTER SET latin1 NOT NULL,
  `end_date` varchar(30) CHARACTER SET latin1 NOT NULL,
  `generate_by` varchar(30) CHARACTER SET latin1 NOT NULL,
  PRIMARY KEY (`ssg_id`)
) ENGINE=InnoDB AUTO_INCREMENT=7 DEFAULT CHARSET=utf8;

INSERT INTO `salary_sheet_generate` (`ssg_id`, `employee_id`, `name`, `gdate`, `start_date`, `end_date`, `generate_by`) VALUES ('1', 'EV5FBIF1', 'june', '2019-05-14', '2019-06-01', '2019-05-31', 'Jhon  Doe');
INSERT INTO `salary_sheet_generate` (`ssg_id`, `employee_id`, `name`, `gdate`, `start_date`, `end_date`, `generate_by`) VALUES ('2', 'EV5FBIF1', 'april', '2019-05-14', '2019-04-01', '2019-04-30', 'Jhon  Doe');
INSERT INTO `salary_sheet_generate` (`ssg_id`, `employee_id`, `name`, `gdate`, `start_date`, `end_date`, `generate_by`) VALUES ('3', 'EV5FBIF1', 'march', '2019-05-14', '2018-03-01', '2019-03-31', 'Jhon  Doe');
INSERT INTO `salary_sheet_generate` (`ssg_id`, `employee_id`, `name`, `gdate`, `start_date`, `end_date`, `generate_by`) VALUES ('4', 'EV5FBIF1', 'jan', '2019-05-18', '2018-11-13', '21-03-2019', 'Jhon  Doe');
INSERT INTO `salary_sheet_generate` (`ssg_id`, `employee_id`, `name`, `gdate`, `start_date`, `end_date`, `generate_by`) VALUES ('5', 'EV5FBIF1', 'nnne', '2019-05-25', '2019-05-01', '2019-05-31', 'Jhon  Doe');
INSERT INTO `salary_sheet_generate` (`ssg_id`, `employee_id`, `name`, `gdate`, `start_date`, `end_date`, `generate_by`) VALUES ('6', 'EWCXM9JI', 'nnne', '2019-05-25', '2019-05-01', '2019-05-31', 'Jhon  Doe');


#
# TABLE STRUCTURE FOR: salary_type
#

DROP TABLE IF EXISTS `salary_type`;

CREATE TABLE `salary_type` (
  `salary_type_id` int(10) unsigned NOT NULL AUTO_INCREMENT,
  `sal_name` varchar(50) CHARACTER SET latin1 NOT NULL,
  `emp_sal_type` varchar(50) CHARACTER SET latin1 NOT NULL,
  `default_amount` varchar(30) NOT NULL,
  `status` varchar(50) NOT NULL,
  PRIMARY KEY (`salary_type_id`)
) ENGINE=InnoDB AUTO_INCREMENT=20 DEFAULT CHARSET=utf8;

#
# TABLE STRUCTURE FOR: sampledata
#

DROP TABLE IF EXISTS `sampledata`;

CREATE TABLE `sampledata` (
  `brand` varchar(30) NOT NULL,
  `dealer_name` varchar(30) NOT NULL,
  `authorized` varchar(30) NOT NULL,
  `address` varchar(30) NOT NULL,
  `contact_no` varchar(30) NOT NULL,
  `mobile_no` varchar(30) NOT NULL,
  `fax` varchar(30) NOT NULL,
  `email_id` varchar(30) NOT NULL,
  `website_addr` varchar(30) NOT NULL,
  `state` varchar(30) NOT NULL,
  `city` varchar(30) NOT NULL
) ENGINE=InnoDB DEFAULT CHARSET=latin1;

#
# TABLE STRUCTURE FOR: sec_menu_item
#

DROP TABLE IF EXISTS `sec_menu_item`;

CREATE TABLE `sec_menu_item` (
  `menu_id` int(11) NOT NULL AUTO_INCREMENT,
  `menu_title` varchar(200) COLLATE utf8_unicode_ci DEFAULT NULL,
  `page_url` varchar(250) COLLATE utf8_unicode_ci DEFAULT NULL,
  `module` varchar(200) COLLATE utf8_unicode_ci DEFAULT NULL,
  `parent_menu` int(11) DEFAULT NULL,
  `is_report` tinyint(1) DEFAULT NULL,
  `createby` int(11) NOT NULL,
  `createdate` datetime NOT NULL,
  PRIMARY KEY (`menu_id`)
) ENGINE=InnoDB AUTO_INCREMENT=211 DEFAULT CHARSET=utf8 COLLATE=utf8_unicode_ci;

INSERT INTO `sec_menu_item` (`menu_id`, `menu_title`, `page_url`, `module`, `parent_menu`, `is_report`, `createby`, `createdate`) VALUES ('134', 'asset_type', '', 'asset', NULL, '0', '2', '2018-10-04 00:00:00');
INSERT INTO `sec_menu_item` (`menu_id`, `menu_title`, `page_url`, `module`, `parent_menu`, `is_report`, `createby`, `createdate`) VALUES ('135', 'add_type', 'type_form', 'asset', '134', '0', '2', '2018-10-04 00:00:00');
INSERT INTO `sec_menu_item` (`menu_id`, `menu_title`, `page_url`, `module`, `parent_menu`, `is_report`, `createby`, `createdate`) VALUES ('136', 'type_list', 'type_list', 'asset', '134', '0', '2', '2018-10-04 00:00:00');
INSERT INTO `sec_menu_item` (`menu_id`, `menu_title`, `page_url`, `module`, `parent_menu`, `is_report`, `createby`, `createdate`) VALUES ('137', 'equipment', '', 'asset', '0', '0', '2', '2018-10-04 00:00:00');
INSERT INTO `sec_menu_item` (`menu_id`, `menu_title`, `page_url`, `module`, `parent_menu`, `is_report`, `createby`, `createdate`) VALUES ('138', 'add_equipment', 'equipment_form', 'asset', '137', '0', '2', '2018-10-04 00:00:00');
INSERT INTO `sec_menu_item` (`menu_id`, `menu_title`, `page_url`, `module`, `parent_menu`, `is_report`, `createby`, `createdate`) VALUES ('139', 'equipment_list', 'equipment_list', 'asset', '137', '0', '2', '2018-10-04 00:00:00');
INSERT INTO `sec_menu_item` (`menu_id`, `menu_title`, `page_url`, `module`, `parent_menu`, `is_report`, `createby`, `createdate`) VALUES ('140', 'asset_assignment', '', 'asset', '0', '0', '2', '2018-10-04 00:00:00');
INSERT INTO `sec_menu_item` (`menu_id`, `menu_title`, `page_url`, `module`, `parent_menu`, `is_report`, `createby`, `createdate`) VALUES ('141', 'assign_asset', 'maping_form', 'asset', '140', '0', '2', '2018-10-04 00:00:00');
INSERT INTO `sec_menu_item` (`menu_id`, `menu_title`, `page_url`, `module`, `parent_menu`, `is_report`, `createby`, `createdate`) VALUES ('142', 'assign_list', 'maping_list', 'asset', '140', '0', '2', '2018-10-04 00:00:00');
INSERT INTO `sec_menu_item` (`menu_id`, `menu_title`, `page_url`, `module`, `parent_menu`, `is_report`, `createby`, `createdate`) VALUES ('143', 'return', '', 'asset', NULL, '0', '2', '2018-10-04 00:00:00');
INSERT INTO `sec_menu_item` (`menu_id`, `menu_title`, `page_url`, `module`, `parent_menu`, `is_report`, `createby`, `createdate`) VALUES ('144', 'return_asset', 'asset_return_form', 'asset', '143', '0', '2', '2018-10-04 00:00:00');
INSERT INTO `sec_menu_item` (`menu_id`, `menu_title`, `page_url`, `module`, `parent_menu`, `is_report`, `createby`, `createdate`) VALUES ('145', 'return_list', 'return_list', 'asset', '143', '0', '2', '2018-10-04 00:00:00');
INSERT INTO `sec_menu_item` (`menu_id`, `menu_title`, `page_url`, `module`, `parent_menu`, `is_report`, `createby`, `createdate`) VALUES ('146', 'attendance', '', 'attendance', '0', '0', '2', '2018-10-04 00:00:00');
INSERT INTO `sec_menu_item` (`menu_id`, `menu_title`, `page_url`, `module`, `parent_menu`, `is_report`, `createby`, `createdate`) VALUES ('147', 'atn_form', 'atnview', 'attendance', '146', '0', '2', '2018-10-04 00:00:00');
INSERT INTO `sec_menu_item` (`menu_id`, `menu_title`, `page_url`, `module`, `parent_menu`, `is_report`, `createby`, `createdate`) VALUES ('148', 'atn_report', 'attendance_list', 'attendance', '146', '0', '2', '2018-10-04 00:00:00');
INSERT INTO `sec_menu_item` (`menu_id`, `menu_title`, `page_url`, `module`, `parent_menu`, `is_report`, `createby`, `createdate`) VALUES ('149', 'new_award', 'award_form', 'award', '0', '0', '2', '2018-10-04 00:00:00');
INSERT INTO `sec_menu_item` (`menu_id`, `menu_title`, `page_url`, `module`, `parent_menu`, `is_report`, `createby`, `createdate`) VALUES ('150', 'candidate_basic_info', '', 'circularprocess', '0', '0', '2', '2018-10-04 00:00:00');
INSERT INTO `sec_menu_item` (`menu_id`, `menu_title`, `page_url`, `module`, `parent_menu`, `is_report`, `createby`, `createdate`) VALUES ('151', 'add_canbasic_info', 'canInfo_form', 'circularprocess', '150', '0', '2', '2018-10-04 00:00:00');
INSERT INTO `sec_menu_item` (`menu_id`, `menu_title`, `page_url`, `module`, `parent_menu`, `is_report`, `createby`, `createdate`) VALUES ('152', 'can_basicinfo_list', 'canInfoview', 'circularprocess', '150', '0', '2', '2018-10-04 00:00:00');
INSERT INTO `sec_menu_item` (`menu_id`, `menu_title`, `page_url`, `module`, `parent_menu`, `is_report`, `createby`, `createdate`) VALUES ('153', 'candidate_shortlist', 'shortlist_form', 'circularprocess', '0', '0', '2', '2018-10-04 00:00:00');
INSERT INTO `sec_menu_item` (`menu_id`, `menu_title`, `page_url`, `module`, `parent_menu`, `is_report`, `createby`, `createdate`) VALUES ('154', 'candidate_interview', 'interview_form', 'circularprocess', '0', '0', '2', '2018-10-04 00:00:00');
INSERT INTO `sec_menu_item` (`menu_id`, `menu_title`, `page_url`, `module`, `parent_menu`, `is_report`, `createby`, `createdate`) VALUES ('155', 'candidate_selection', 'selection_form', 'circularprocess', '0', '0', '2', '2018-10-04 00:00:00');
INSERT INTO `sec_menu_item` (`menu_id`, `menu_title`, `page_url`, `module`, `parent_menu`, `is_report`, `createby`, `createdate`) VALUES ('156', 'department', 'dept_form', 'department', '0', '0', '2', '2018-10-04 00:00:00');
INSERT INTO `sec_menu_item` (`menu_id`, `menu_title`, `page_url`, `module`, `parent_menu`, `is_report`, `createby`, `createdate`) VALUES ('157', 'division', '', 'department', '0', '0', '2', '2018-10-04 00:00:00');
INSERT INTO `sec_menu_item` (`menu_id`, `menu_title`, `page_url`, `module`, `parent_menu`, `is_report`, `createby`, `createdate`) VALUES ('158', 'add_division', 'division_form', 'department', '157', '0', '2', '2018-10-04 00:00:00');
INSERT INTO `sec_menu_item` (`menu_id`, `menu_title`, `page_url`, `module`, `parent_menu`, `is_report`, `createby`, `createdate`) VALUES ('159', 'division_list', 'division_list', 'department', '157', '0', '2', '2018-10-04 00:00:00');
INSERT INTO `sec_menu_item` (`menu_id`, `menu_title`, `page_url`, `module`, `parent_menu`, `is_report`, `createby`, `createdate`) VALUES ('161', 'position', 'position_form', 'employee', '0', '0', '2', '2018-10-04 00:00:00');
INSERT INTO `sec_menu_item` (`menu_id`, `menu_title`, `page_url`, `module`, `parent_menu`, `is_report`, `createby`, `createdate`) VALUES ('162', 'direct_empl', '', 'employee', '0', '0', '2', '2018-10-04 00:00:00');
INSERT INTO `sec_menu_item` (`menu_id`, `menu_title`, `page_url`, `module`, `parent_menu`, `is_report`, `createby`, `createdate`) VALUES ('163', 'add_employee', 'employ_form', 'employee', '162', '0', '2', '2018-10-04 00:00:00');
INSERT INTO `sec_menu_item` (`menu_id`, `menu_title`, `page_url`, `module`, `parent_menu`, `is_report`, `createby`, `createdate`) VALUES ('164', 'manage_employee', 'employee_view', 'employee', '162', '0', '2', '2018-10-04 00:00:00');
INSERT INTO `sec_menu_item` (`menu_id`, `menu_title`, `page_url`, `module`, `parent_menu`, `is_report`, `createby`, `createdate`) VALUES ('165', 'emp_performance', 'emp_performance_form', 'employee', '0', '0', '2', '2018-10-04 00:00:00');
INSERT INTO `sec_menu_item` (`menu_id`, `menu_title`, `page_url`, `module`, `parent_menu`, `is_report`, `createby`, `createdate`) VALUES ('166', 'emp_sal_payment', 'paymentview', 'employee', '0', '0', '2', '2018-10-04 00:00:00');
INSERT INTO `sec_menu_item` (`menu_id`, `menu_title`, `page_url`, `module`, `parent_menu`, `is_report`, `createby`, `createdate`) VALUES ('167', 'weekly_holiday', 'weeklyform', 'leave', '0', '0', '2', '2018-10-08 00:00:00');
INSERT INTO `sec_menu_item` (`menu_id`, `menu_title`, `page_url`, `module`, `parent_menu`, `is_report`, `createby`, `createdate`) VALUES ('168', 'holiday', 'holiday_form', 'leave', '0', '0', '2', '2018-10-08 00:00:00');
INSERT INTO `sec_menu_item` (`menu_id`, `menu_title`, `page_url`, `module`, `parent_menu`, `is_report`, `createby`, `createdate`) VALUES ('169', 'others_leave_application', '', 'leave', NULL, '0', '2', '2018-10-08 00:00:00');
INSERT INTO `sec_menu_item` (`menu_id`, `menu_title`, `page_url`, `module`, `parent_menu`, `is_report`, `createby`, `createdate`) VALUES ('170', 'loan_grand', 'grandloan_form', 'loan', '0', '0', '2', '2018-10-08 00:00:00');
INSERT INTO `sec_menu_item` (`menu_id`, `menu_title`, `page_url`, `module`, `parent_menu`, `is_report`, `createby`, `createdate`) VALUES ('171', 'loan_installment', 'installment_form', 'loan', '0', '0', '2', '2018-10-08 00:00:00');
INSERT INTO `sec_menu_item` (`menu_id`, `menu_title`, `page_url`, `module`, `parent_menu`, `is_report`, `createby`, `createdate`) VALUES ('172', 'loan_report', 'ln_report', 'loan', '0', '0', '2', '2018-10-08 00:00:00');
INSERT INTO `sec_menu_item` (`menu_id`, `menu_title`, `page_url`, `module`, `parent_menu`, `is_report`, `createby`, `createdate`) VALUES ('173', 'notice', 'notice_form', 'noticeboard', '0', '0', '2', '2018-10-08 00:00:00');
INSERT INTO `sec_menu_item` (`menu_id`, `menu_title`, `page_url`, `module`, `parent_menu`, `is_report`, `createby`, `createdate`) VALUES ('174', 'salary_type_setup', 'emp_salarysetup_form', 'payroll', NULL, '0', '2', '2018-10-08 00:00:00');
INSERT INTO `sec_menu_item` (`menu_id`, `menu_title`, `page_url`, `module`, `parent_menu`, `is_report`, `createby`, `createdate`) VALUES ('175', 'salary_setup', 'salarysetup_form', 'payroll', '0', '0', '2', '2018-10-08 00:00:00');
INSERT INTO `sec_menu_item` (`menu_id`, `menu_title`, `page_url`, `module`, `parent_menu`, `is_report`, `createby`, `createdate`) VALUES ('176', 'salary_generate', 'salary_generate_form', 'payroll', '0', '0', '2', '2018-10-08 00:00:00');
INSERT INTO `sec_menu_item` (`menu_id`, `menu_title`, `page_url`, `module`, `parent_menu`, `is_report`, `createby`, `createdate`) VALUES ('177', 'employee_reports', '', 'reports', '0', '0', '2', '2018-10-09 00:00:00');
INSERT INTO `sec_menu_item` (`menu_id`, `menu_title`, `page_url`, `module`, `parent_menu`, `is_report`, `createby`, `createdate`) VALUES ('178', 'demographic_report', 'demographic_list', 'reports', '177', '0', '2', '2018-10-09 00:00:00');
INSERT INTO `sec_menu_item` (`menu_id`, `menu_title`, `page_url`, `module`, `parent_menu`, `is_report`, `createby`, `createdate`) VALUES ('179', 'posting_report', 'positional_list', 'reports', '177', '0', '2', '2018-10-09 00:00:00');
INSERT INTO `sec_menu_item` (`menu_id`, `menu_title`, `page_url`, `module`, `parent_menu`, `is_report`, `createby`, `createdate`) VALUES ('180', 'asset', 'assets_list', 'reports', '177', '0', '2', '2018-10-09 00:00:00');
INSERT INTO `sec_menu_item` (`menu_id`, `menu_title`, `page_url`, `module`, `parent_menu`, `is_report`, `createby`, `createdate`) VALUES ('181', 'benifit_report', 'benifit_list', 'reports', '177', '0', '2', '2018-10-09 00:00:00');
INSERT INTO `sec_menu_item` (`menu_id`, `menu_title`, `page_url`, `module`, `parent_menu`, `is_report`, `createby`, `createdate`) VALUES ('182', 'custom_report', 'custom_list', 'reports', '177', '0', '2', '2018-10-09 00:00:00');
INSERT INTO `sec_menu_item` (`menu_id`, `menu_title`, `page_url`, `module`, `parent_menu`, `is_report`, `createby`, `createdate`) VALUES ('183', 'adhoc_report', 'adhoc_form', 'reports', '0', '0', '2', '2018-10-09 00:00:00');
INSERT INTO `sec_menu_item` (`menu_id`, `menu_title`, `page_url`, `module`, `parent_menu`, `is_report`, `createby`, `createdate`) VALUES ('184', 'tax_setup', 'tax_setupform', 'tax', '0', '0', '2', '2018-10-09 00:00:00');
INSERT INTO `sec_menu_item` (`menu_id`, `menu_title`, `page_url`, `module`, `parent_menu`, `is_report`, `createby`, `createdate`) VALUES ('185', 'tax_collection', 'tax_collection_view', 'tax', '0', '0', '2', '2018-10-09 00:00:00');
INSERT INTO `sec_menu_item` (`menu_id`, `menu_title`, `page_url`, `module`, `parent_menu`, `is_report`, `createby`, `createdate`) VALUES ('186', 'add_leave_type', 'leave_type_form', 'leave', '169', '0', '2', '2018-10-16 00:00:00');
INSERT INTO `sec_menu_item` (`menu_id`, `menu_title`, `page_url`, `module`, `parent_menu`, `is_report`, `createby`, `createdate`) VALUES ('187', 'leave_application', 'other_leave_application_form', 'leave', '169', '0', '2', '2018-10-16 00:00:00');
INSERT INTO `sec_menu_item` (`menu_id`, `menu_title`, `page_url`, `module`, `parent_menu`, `is_report`, `createby`, `createdate`) VALUES ('188', 'c_o_a', 'treeview', 'accounts', NULL, '0', '2', '2018-10-18 00:00:00');
INSERT INTO `sec_menu_item` (`menu_id`, `menu_title`, `page_url`, `module`, `parent_menu`, `is_report`, `createby`, `createdate`) VALUES ('189', 'debit_voucher', 'debit_voucher', 'accounts', '0', '0', '2', '2018-10-18 00:00:00');
INSERT INTO `sec_menu_item` (`menu_id`, `menu_title`, `page_url`, `module`, `parent_menu`, `is_report`, `createby`, `createdate`) VALUES ('190', 'credit_voucher', 'credit_voucher', 'accounts', '0', '0', '2', '2018-10-18 00:00:00');
INSERT INTO `sec_menu_item` (`menu_id`, `menu_title`, `page_url`, `module`, `parent_menu`, `is_report`, `createby`, `createdate`) VALUES ('191', 'contra_voucher', 'contra_voucher', 'accounts', '0', '0', '2', '2018-10-18 00:00:00');
INSERT INTO `sec_menu_item` (`menu_id`, `menu_title`, `page_url`, `module`, `parent_menu`, `is_report`, `createby`, `createdate`) VALUES ('192', 'journal_voucher', 'journal_voucher', 'accounts', '0', '0', '2', '2018-10-18 00:00:00');
INSERT INTO `sec_menu_item` (`menu_id`, `menu_title`, `page_url`, `module`, `parent_menu`, `is_report`, `createby`, `createdate`) VALUES ('193', 'voucher_approval', 'voucher_approve', 'accounts', '0', '0', '2', '2018-10-18 00:00:00');
INSERT INTO `sec_menu_item` (`menu_id`, `menu_title`, `page_url`, `module`, `parent_menu`, `is_report`, `createby`, `createdate`) VALUES ('194', 'account_report', '', 'accounts', '0', '0', '2', '2018-10-18 00:00:00');
INSERT INTO `sec_menu_item` (`menu_id`, `menu_title`, `page_url`, `module`, `parent_menu`, `is_report`, `createby`, `createdate`) VALUES ('195', 'voucher_report', 'coa', 'accounts', '194', '0', '2', '2018-10-18 00:00:00');
INSERT INTO `sec_menu_item` (`menu_id`, `menu_title`, `page_url`, `module`, `parent_menu`, `is_report`, `createby`, `createdate`) VALUES ('196', 'cash_book', 'cash_book', 'accounts', '194', '0', '2', '2018-10-18 00:00:00');
INSERT INTO `sec_menu_item` (`menu_id`, `menu_title`, `page_url`, `module`, `parent_menu`, `is_report`, `createby`, `createdate`) VALUES ('197', 'bank_book', 'bank_book', 'accounts', '194', '0', '2', '2018-10-18 00:00:00');
INSERT INTO `sec_menu_item` (`menu_id`, `menu_title`, `page_url`, `module`, `parent_menu`, `is_report`, `createby`, `createdate`) VALUES ('198', 'general_ledger', 'general_ledger', 'accounts', '194', '0', '2', '2018-10-18 00:00:00');
INSERT INTO `sec_menu_item` (`menu_id`, `menu_title`, `page_url`, `module`, `parent_menu`, `is_report`, `createby`, `createdate`) VALUES ('199', 'trial_balance', 'trial_balance', 'accounts', '194', '0', '2', '2018-10-18 00:00:00');
INSERT INTO `sec_menu_item` (`menu_id`, `menu_title`, `page_url`, `module`, `parent_menu`, `is_report`, `createby`, `createdate`) VALUES ('200', 'profit_loss', 'profit_loss_report', 'accounts', '194', '0', '2', '2018-10-18 00:00:00');
INSERT INTO `sec_menu_item` (`menu_id`, `menu_title`, `page_url`, `module`, `parent_menu`, `is_report`, `createby`, `createdate`) VALUES ('201', 'cash_flow', 'cash_flow_report', 'accounts', '194', '0', '2', '2018-10-18 00:00:00');
INSERT INTO `sec_menu_item` (`menu_id`, `menu_title`, `page_url`, `module`, `parent_menu`, `is_report`, `createby`, `createdate`) VALUES ('202', 'coa_print', 'coa_print', 'accounts', '194', '0', '2', '2018-10-18 00:00:00');
INSERT INTO `sec_menu_item` (`menu_id`, `menu_title`, `page_url`, `module`, `parent_menu`, `is_report`, `createby`, `createdate`) VALUES ('203', 'evaluation', '', 'employee', '0', '0', '2', '2019-05-27 00:00:00');
INSERT INTO `sec_menu_item` (`menu_id`, `menu_title`, `page_url`, `module`, `parent_menu`, `is_report`, `createby`, `createdate`) VALUES ('204', 'add_evaluation', 'AddEvaluation', 'employee', '203', '0', '2', '2019-05-27 00:00:00');
INSERT INTO `sec_menu_item` (`menu_id`, `menu_title`, `page_url`, `module`, `parent_menu`, `is_report`, `createby`, `createdate`) VALUES ('205', 'manage_evaluation', 'ManageEvaluation', 'employee', '203', '0', '2', '2019-05-27 00:00:00');
INSERT INTO `sec_menu_item` (`menu_id`, `menu_title`, `page_url`, `module`, `parent_menu`, `is_report`, `createby`, `createdate`) VALUES ('207', 'Category', 'cat_form', 'category', '0', '0', '2', '2019-05-28 00:00:00');
INSERT INTO `sec_menu_item` (`menu_id`, `menu_title`, `page_url`, `module`, `parent_menu`, `is_report`, `createby`, `createdate`) VALUES ('208', 'File Track', '', 'category', '207', '0', '2', '2019-05-28 00:00:00');
INSERT INTO `sec_menu_item` (`menu_id`, `menu_title`, `page_url`, `module`, `parent_menu`, `is_report`, `createby`, `createdate`) VALUES ('209', 'Add_file', 'filetrack_form', 'category', '208', '0', '2', '2019-05-28 00:00:00');
INSERT INTO `sec_menu_item` (`menu_id`, `menu_title`, `page_url`, `module`, `parent_menu`, `is_report`, `createby`, `createdate`) VALUES ('210', 'filetrack_list', 'filetrack_list', 'category', '208', '0', '2', '2019-05-28 00:00:00');


#
# TABLE STRUCTURE FOR: sec_role_permission
#

DROP TABLE IF EXISTS `sec_role_permission`;

CREATE TABLE `sec_role_permission` (
  `id` bigint(20) NOT NULL AUTO_INCREMENT,
  `role_id` int(11) NOT NULL,
  `menu_id` int(11) NOT NULL,
  `can_access` tinyint(1) NOT NULL,
  `can_create` tinyint(1) NOT NULL,
  `can_edit` tinyint(1) NOT NULL,
  `can_delete` tinyint(1) NOT NULL,
  `createby` int(11) NOT NULL,
  `createdate` datetime NOT NULL,
  PRIMARY KEY (`id`)
) ENGINE=InnoDB AUTO_INCREMENT=1641 DEFAULT CHARSET=utf8 COLLATE=utf8_unicode_ci;

INSERT INTO `sec_role_permission` (`id`, `role_id`, `menu_id`, `can_access`, `can_create`, `can_edit`, `can_delete`, `createby`, `createdate`) VALUES ('1094', '4', '188', '0', '0', '0', '0', '2', '2018-10-24 08:07:37');
INSERT INTO `sec_role_permission` (`id`, `role_id`, `menu_id`, `can_access`, `can_create`, `can_edit`, `can_delete`, `createby`, `createdate`) VALUES ('1095', '4', '189', '0', '0', '0', '0', '2', '2018-10-24 08:07:37');
INSERT INTO `sec_role_permission` (`id`, `role_id`, `menu_id`, `can_access`, `can_create`, `can_edit`, `can_delete`, `createby`, `createdate`) VALUES ('1096', '4', '190', '0', '0', '0', '0', '2', '2018-10-24 08:07:37');
INSERT INTO `sec_role_permission` (`id`, `role_id`, `menu_id`, `can_access`, `can_create`, `can_edit`, `can_delete`, `createby`, `createdate`) VALUES ('1097', '4', '191', '0', '0', '0', '0', '2', '2018-10-24 08:07:37');
INSERT INTO `sec_role_permission` (`id`, `role_id`, `menu_id`, `can_access`, `can_create`, `can_edit`, `can_delete`, `createby`, `createdate`) VALUES ('1098', '4', '192', '0', '0', '0', '0', '2', '2018-10-24 08:07:37');
INSERT INTO `sec_role_permission` (`id`, `role_id`, `menu_id`, `can_access`, `can_create`, `can_edit`, `can_delete`, `createby`, `createdate`) VALUES ('1099', '4', '193', '0', '0', '0', '0', '2', '2018-10-24 08:07:37');
INSERT INTO `sec_role_permission` (`id`, `role_id`, `menu_id`, `can_access`, `can_create`, `can_edit`, `can_delete`, `createby`, `createdate`) VALUES ('1100', '4', '194', '0', '0', '0', '0', '2', '2018-10-24 08:07:37');
INSERT INTO `sec_role_permission` (`id`, `role_id`, `menu_id`, `can_access`, `can_create`, `can_edit`, `can_delete`, `createby`, `createdate`) VALUES ('1101', '4', '195', '0', '0', '0', '0', '2', '2018-10-24 08:07:37');
INSERT INTO `sec_role_permission` (`id`, `role_id`, `menu_id`, `can_access`, `can_create`, `can_edit`, `can_delete`, `createby`, `createdate`) VALUES ('1102', '4', '196', '0', '0', '0', '0', '2', '2018-10-24 08:07:37');
INSERT INTO `sec_role_permission` (`id`, `role_id`, `menu_id`, `can_access`, `can_create`, `can_edit`, `can_delete`, `createby`, `createdate`) VALUES ('1103', '4', '197', '0', '0', '0', '0', '2', '2018-10-24 08:07:37');
INSERT INTO `sec_role_permission` (`id`, `role_id`, `menu_id`, `can_access`, `can_create`, `can_edit`, `can_delete`, `createby`, `createdate`) VALUES ('1104', '4', '198', '0', '0', '0', '0', '2', '2018-10-24 08:07:37');
INSERT INTO `sec_role_permission` (`id`, `role_id`, `menu_id`, `can_access`, `can_create`, `can_edit`, `can_delete`, `createby`, `createdate`) VALUES ('1105', '4', '199', '0', '0', '0', '0', '2', '2018-10-24 08:07:37');
INSERT INTO `sec_role_permission` (`id`, `role_id`, `menu_id`, `can_access`, `can_create`, `can_edit`, `can_delete`, `createby`, `createdate`) VALUES ('1106', '4', '200', '0', '0', '0', '0', '2', '2018-10-24 08:07:37');
INSERT INTO `sec_role_permission` (`id`, `role_id`, `menu_id`, `can_access`, `can_create`, `can_edit`, `can_delete`, `createby`, `createdate`) VALUES ('1107', '4', '201', '0', '0', '0', '0', '2', '2018-10-24 08:07:37');
INSERT INTO `sec_role_permission` (`id`, `role_id`, `menu_id`, `can_access`, `can_create`, `can_edit`, `can_delete`, `createby`, `createdate`) VALUES ('1108', '4', '202', '0', '0', '0', '0', '2', '2018-10-24 08:07:37');
INSERT INTO `sec_role_permission` (`id`, `role_id`, `menu_id`, `can_access`, `can_create`, `can_edit`, `can_delete`, `createby`, `createdate`) VALUES ('1109', '4', '134', '1', '1', '1', '1', '2', '2018-10-24 08:07:37');
INSERT INTO `sec_role_permission` (`id`, `role_id`, `menu_id`, `can_access`, `can_create`, `can_edit`, `can_delete`, `createby`, `createdate`) VALUES ('1110', '4', '135', '1', '1', '1', '0', '2', '2018-10-24 08:07:37');
INSERT INTO `sec_role_permission` (`id`, `role_id`, `menu_id`, `can_access`, `can_create`, `can_edit`, `can_delete`, `createby`, `createdate`) VALUES ('1111', '4', '136', '1', '1', '1', '0', '2', '2018-10-24 08:07:37');
INSERT INTO `sec_role_permission` (`id`, `role_id`, `menu_id`, `can_access`, `can_create`, `can_edit`, `can_delete`, `createby`, `createdate`) VALUES ('1112', '4', '137', '0', '0', '0', '0', '2', '2018-10-24 08:07:37');
INSERT INTO `sec_role_permission` (`id`, `role_id`, `menu_id`, `can_access`, `can_create`, `can_edit`, `can_delete`, `createby`, `createdate`) VALUES ('1113', '4', '138', '0', '0', '0', '0', '2', '2018-10-24 08:07:37');
INSERT INTO `sec_role_permission` (`id`, `role_id`, `menu_id`, `can_access`, `can_create`, `can_edit`, `can_delete`, `createby`, `createdate`) VALUES ('1114', '4', '139', '0', '0', '0', '0', '2', '2018-10-24 08:07:37');
INSERT INTO `sec_role_permission` (`id`, `role_id`, `menu_id`, `can_access`, `can_create`, `can_edit`, `can_delete`, `createby`, `createdate`) VALUES ('1115', '4', '140', '0', '0', '0', '0', '2', '2018-10-24 08:07:37');
INSERT INTO `sec_role_permission` (`id`, `role_id`, `menu_id`, `can_access`, `can_create`, `can_edit`, `can_delete`, `createby`, `createdate`) VALUES ('1116', '4', '141', '0', '0', '0', '0', '2', '2018-10-24 08:07:37');
INSERT INTO `sec_role_permission` (`id`, `role_id`, `menu_id`, `can_access`, `can_create`, `can_edit`, `can_delete`, `createby`, `createdate`) VALUES ('1117', '4', '142', '0', '0', '0', '0', '2', '2018-10-24 08:07:37');
INSERT INTO `sec_role_permission` (`id`, `role_id`, `menu_id`, `can_access`, `can_create`, `can_edit`, `can_delete`, `createby`, `createdate`) VALUES ('1118', '4', '143', '0', '0', '0', '0', '2', '2018-10-24 08:07:37');
INSERT INTO `sec_role_permission` (`id`, `role_id`, `menu_id`, `can_access`, `can_create`, `can_edit`, `can_delete`, `createby`, `createdate`) VALUES ('1119', '4', '144', '0', '0', '0', '0', '2', '2018-10-24 08:07:37');
INSERT INTO `sec_role_permission` (`id`, `role_id`, `menu_id`, `can_access`, `can_create`, `can_edit`, `can_delete`, `createby`, `createdate`) VALUES ('1120', '4', '145', '0', '0', '0', '0', '2', '2018-10-24 08:07:37');
INSERT INTO `sec_role_permission` (`id`, `role_id`, `menu_id`, `can_access`, `can_create`, `can_edit`, `can_delete`, `createby`, `createdate`) VALUES ('1121', '4', '146', '0', '0', '0', '0', '2', '2018-10-24 08:07:37');
INSERT INTO `sec_role_permission` (`id`, `role_id`, `menu_id`, `can_access`, `can_create`, `can_edit`, `can_delete`, `createby`, `createdate`) VALUES ('1122', '4', '147', '0', '0', '0', '0', '2', '2018-10-24 08:07:37');
INSERT INTO `sec_role_permission` (`id`, `role_id`, `menu_id`, `can_access`, `can_create`, `can_edit`, `can_delete`, `createby`, `createdate`) VALUES ('1123', '4', '148', '0', '0', '0', '0', '2', '2018-10-24 08:07:37');
INSERT INTO `sec_role_permission` (`id`, `role_id`, `menu_id`, `can_access`, `can_create`, `can_edit`, `can_delete`, `createby`, `createdate`) VALUES ('1124', '4', '149', '0', '0', '0', '0', '2', '2018-10-24 08:07:37');
INSERT INTO `sec_role_permission` (`id`, `role_id`, `menu_id`, `can_access`, `can_create`, `can_edit`, `can_delete`, `createby`, `createdate`) VALUES ('1125', '4', '150', '0', '0', '0', '0', '2', '2018-10-24 08:07:37');
INSERT INTO `sec_role_permission` (`id`, `role_id`, `menu_id`, `can_access`, `can_create`, `can_edit`, `can_delete`, `createby`, `createdate`) VALUES ('1126', '4', '151', '0', '0', '0', '0', '2', '2018-10-24 08:07:37');
INSERT INTO `sec_role_permission` (`id`, `role_id`, `menu_id`, `can_access`, `can_create`, `can_edit`, `can_delete`, `createby`, `createdate`) VALUES ('1127', '4', '152', '0', '0', '0', '0', '2', '2018-10-24 08:07:37');
INSERT INTO `sec_role_permission` (`id`, `role_id`, `menu_id`, `can_access`, `can_create`, `can_edit`, `can_delete`, `createby`, `createdate`) VALUES ('1128', '4', '153', '0', '0', '0', '0', '2', '2018-10-24 08:07:37');
INSERT INTO `sec_role_permission` (`id`, `role_id`, `menu_id`, `can_access`, `can_create`, `can_edit`, `can_delete`, `createby`, `createdate`) VALUES ('1129', '4', '154', '0', '0', '0', '0', '2', '2018-10-24 08:07:37');
INSERT INTO `sec_role_permission` (`id`, `role_id`, `menu_id`, `can_access`, `can_create`, `can_edit`, `can_delete`, `createby`, `createdate`) VALUES ('1130', '4', '155', '0', '0', '0', '0', '2', '2018-10-24 08:07:37');
INSERT INTO `sec_role_permission` (`id`, `role_id`, `menu_id`, `can_access`, `can_create`, `can_edit`, `can_delete`, `createby`, `createdate`) VALUES ('1131', '4', '156', '0', '0', '0', '0', '2', '2018-10-24 08:07:37');
INSERT INTO `sec_role_permission` (`id`, `role_id`, `menu_id`, `can_access`, `can_create`, `can_edit`, `can_delete`, `createby`, `createdate`) VALUES ('1132', '4', '157', '0', '0', '0', '0', '2', '2018-10-24 08:07:37');
INSERT INTO `sec_role_permission` (`id`, `role_id`, `menu_id`, `can_access`, `can_create`, `can_edit`, `can_delete`, `createby`, `createdate`) VALUES ('1133', '4', '158', '0', '0', '0', '0', '2', '2018-10-24 08:07:37');
INSERT INTO `sec_role_permission` (`id`, `role_id`, `menu_id`, `can_access`, `can_create`, `can_edit`, `can_delete`, `createby`, `createdate`) VALUES ('1134', '4', '159', '0', '0', '0', '0', '2', '2018-10-24 08:07:37');
INSERT INTO `sec_role_permission` (`id`, `role_id`, `menu_id`, `can_access`, `can_create`, `can_edit`, `can_delete`, `createby`, `createdate`) VALUES ('1135', '4', '161', '0', '0', '0', '0', '2', '2018-10-24 08:07:37');
INSERT INTO `sec_role_permission` (`id`, `role_id`, `menu_id`, `can_access`, `can_create`, `can_edit`, `can_delete`, `createby`, `createdate`) VALUES ('1136', '4', '162', '0', '0', '0', '0', '2', '2018-10-24 08:07:37');
INSERT INTO `sec_role_permission` (`id`, `role_id`, `menu_id`, `can_access`, `can_create`, `can_edit`, `can_delete`, `createby`, `createdate`) VALUES ('1137', '4', '163', '0', '0', '0', '0', '2', '2018-10-24 08:07:37');
INSERT INTO `sec_role_permission` (`id`, `role_id`, `menu_id`, `can_access`, `can_create`, `can_edit`, `can_delete`, `createby`, `createdate`) VALUES ('1138', '4', '164', '0', '0', '0', '0', '2', '2018-10-24 08:07:37');
INSERT INTO `sec_role_permission` (`id`, `role_id`, `menu_id`, `can_access`, `can_create`, `can_edit`, `can_delete`, `createby`, `createdate`) VALUES ('1139', '4', '165', '0', '0', '0', '0', '2', '2018-10-24 08:07:37');
INSERT INTO `sec_role_permission` (`id`, `role_id`, `menu_id`, `can_access`, `can_create`, `can_edit`, `can_delete`, `createby`, `createdate`) VALUES ('1140', '4', '166', '0', '0', '0', '0', '2', '2018-10-24 08:07:37');
INSERT INTO `sec_role_permission` (`id`, `role_id`, `menu_id`, `can_access`, `can_create`, `can_edit`, `can_delete`, `createby`, `createdate`) VALUES ('1141', '4', '167', '0', '0', '0', '0', '2', '2018-10-24 08:07:37');
INSERT INTO `sec_role_permission` (`id`, `role_id`, `menu_id`, `can_access`, `can_create`, `can_edit`, `can_delete`, `createby`, `createdate`) VALUES ('1142', '4', '168', '0', '0', '0', '0', '2', '2018-10-24 08:07:37');
INSERT INTO `sec_role_permission` (`id`, `role_id`, `menu_id`, `can_access`, `can_create`, `can_edit`, `can_delete`, `createby`, `createdate`) VALUES ('1143', '4', '169', '0', '0', '0', '0', '2', '2018-10-24 08:07:37');
INSERT INTO `sec_role_permission` (`id`, `role_id`, `menu_id`, `can_access`, `can_create`, `can_edit`, `can_delete`, `createby`, `createdate`) VALUES ('1144', '4', '186', '0', '0', '0', '0', '2', '2018-10-24 08:07:37');
INSERT INTO `sec_role_permission` (`id`, `role_id`, `menu_id`, `can_access`, `can_create`, `can_edit`, `can_delete`, `createby`, `createdate`) VALUES ('1145', '4', '187', '0', '0', '0', '0', '2', '2018-10-24 08:07:37');
INSERT INTO `sec_role_permission` (`id`, `role_id`, `menu_id`, `can_access`, `can_create`, `can_edit`, `can_delete`, `createby`, `createdate`) VALUES ('1146', '4', '170', '0', '0', '0', '0', '2', '2018-10-24 08:07:37');
INSERT INTO `sec_role_permission` (`id`, `role_id`, `menu_id`, `can_access`, `can_create`, `can_edit`, `can_delete`, `createby`, `createdate`) VALUES ('1147', '4', '171', '0', '0', '0', '0', '2', '2018-10-24 08:07:37');
INSERT INTO `sec_role_permission` (`id`, `role_id`, `menu_id`, `can_access`, `can_create`, `can_edit`, `can_delete`, `createby`, `createdate`) VALUES ('1148', '4', '172', '0', '0', '0', '0', '2', '2018-10-24 08:07:37');
INSERT INTO `sec_role_permission` (`id`, `role_id`, `menu_id`, `can_access`, `can_create`, `can_edit`, `can_delete`, `createby`, `createdate`) VALUES ('1149', '4', '173', '0', '0', '0', '0', '2', '2018-10-24 08:07:37');
INSERT INTO `sec_role_permission` (`id`, `role_id`, `menu_id`, `can_access`, `can_create`, `can_edit`, `can_delete`, `createby`, `createdate`) VALUES ('1150', '4', '174', '0', '0', '0', '0', '2', '2018-10-24 08:07:37');
INSERT INTO `sec_role_permission` (`id`, `role_id`, `menu_id`, `can_access`, `can_create`, `can_edit`, `can_delete`, `createby`, `createdate`) VALUES ('1151', '4', '175', '0', '0', '0', '0', '2', '2018-10-24 08:07:37');
INSERT INTO `sec_role_permission` (`id`, `role_id`, `menu_id`, `can_access`, `can_create`, `can_edit`, `can_delete`, `createby`, `createdate`) VALUES ('1152', '4', '176', '0', '0', '0', '0', '2', '2018-10-24 08:07:37');
INSERT INTO `sec_role_permission` (`id`, `role_id`, `menu_id`, `can_access`, `can_create`, `can_edit`, `can_delete`, `createby`, `createdate`) VALUES ('1153', '4', '177', '0', '0', '0', '0', '2', '2018-10-24 08:07:37');
INSERT INTO `sec_role_permission` (`id`, `role_id`, `menu_id`, `can_access`, `can_create`, `can_edit`, `can_delete`, `createby`, `createdate`) VALUES ('1154', '4', '178', '0', '0', '0', '0', '2', '2018-10-24 08:07:37');
INSERT INTO `sec_role_permission` (`id`, `role_id`, `menu_id`, `can_access`, `can_create`, `can_edit`, `can_delete`, `createby`, `createdate`) VALUES ('1155', '4', '179', '0', '0', '0', '0', '2', '2018-10-24 08:07:37');
INSERT INTO `sec_role_permission` (`id`, `role_id`, `menu_id`, `can_access`, `can_create`, `can_edit`, `can_delete`, `createby`, `createdate`) VALUES ('1156', '4', '180', '0', '0', '0', '0', '2', '2018-10-24 08:07:37');
INSERT INTO `sec_role_permission` (`id`, `role_id`, `menu_id`, `can_access`, `can_create`, `can_edit`, `can_delete`, `createby`, `createdate`) VALUES ('1157', '4', '181', '0', '0', '0', '0', '2', '2018-10-24 08:07:37');
INSERT INTO `sec_role_permission` (`id`, `role_id`, `menu_id`, `can_access`, `can_create`, `can_edit`, `can_delete`, `createby`, `createdate`) VALUES ('1158', '4', '182', '0', '0', '0', '0', '2', '2018-10-24 08:07:37');
INSERT INTO `sec_role_permission` (`id`, `role_id`, `menu_id`, `can_access`, `can_create`, `can_edit`, `can_delete`, `createby`, `createdate`) VALUES ('1159', '4', '183', '0', '0', '0', '0', '2', '2018-10-24 08:07:37');
INSERT INTO `sec_role_permission` (`id`, `role_id`, `menu_id`, `can_access`, `can_create`, `can_edit`, `can_delete`, `createby`, `createdate`) VALUES ('1160', '4', '184', '0', '0', '0', '0', '2', '2018-10-24 08:07:37');
INSERT INTO `sec_role_permission` (`id`, `role_id`, `menu_id`, `can_access`, `can_create`, `can_edit`, `can_delete`, `createby`, `createdate`) VALUES ('1161', '4', '185', '0', '0', '0', '0', '2', '2018-10-24 08:07:37');
INSERT INTO `sec_role_permission` (`id`, `role_id`, `menu_id`, `can_access`, `can_create`, `can_edit`, `can_delete`, `createby`, `createdate`) VALUES ('1570', '3', '188', '0', '0', '0', '0', '2', '2019-05-27 07:46:12');
INSERT INTO `sec_role_permission` (`id`, `role_id`, `menu_id`, `can_access`, `can_create`, `can_edit`, `can_delete`, `createby`, `createdate`) VALUES ('1571', '3', '189', '0', '0', '0', '0', '2', '2019-05-27 07:46:12');
INSERT INTO `sec_role_permission` (`id`, `role_id`, `menu_id`, `can_access`, `can_create`, `can_edit`, `can_delete`, `createby`, `createdate`) VALUES ('1572', '3', '190', '0', '0', '0', '0', '2', '2019-05-27 07:46:12');
INSERT INTO `sec_role_permission` (`id`, `role_id`, `menu_id`, `can_access`, `can_create`, `can_edit`, `can_delete`, `createby`, `createdate`) VALUES ('1573', '3', '191', '0', '0', '0', '0', '2', '2019-05-27 07:46:12');
INSERT INTO `sec_role_permission` (`id`, `role_id`, `menu_id`, `can_access`, `can_create`, `can_edit`, `can_delete`, `createby`, `createdate`) VALUES ('1574', '3', '192', '0', '0', '0', '0', '2', '2019-05-27 07:46:12');
INSERT INTO `sec_role_permission` (`id`, `role_id`, `menu_id`, `can_access`, `can_create`, `can_edit`, `can_delete`, `createby`, `createdate`) VALUES ('1575', '3', '193', '0', '0', '0', '0', '2', '2019-05-27 07:46:12');
INSERT INTO `sec_role_permission` (`id`, `role_id`, `menu_id`, `can_access`, `can_create`, `can_edit`, `can_delete`, `createby`, `createdate`) VALUES ('1576', '3', '194', '0', '0', '0', '0', '2', '2019-05-27 07:46:12');
INSERT INTO `sec_role_permission` (`id`, `role_id`, `menu_id`, `can_access`, `can_create`, `can_edit`, `can_delete`, `createby`, `createdate`) VALUES ('1577', '3', '195', '0', '0', '0', '0', '2', '2019-05-27 07:46:12');
INSERT INTO `sec_role_permission` (`id`, `role_id`, `menu_id`, `can_access`, `can_create`, `can_edit`, `can_delete`, `createby`, `createdate`) VALUES ('1578', '3', '196', '0', '0', '0', '0', '2', '2019-05-27 07:46:12');
INSERT INTO `sec_role_permission` (`id`, `role_id`, `menu_id`, `can_access`, `can_create`, `can_edit`, `can_delete`, `createby`, `createdate`) VALUES ('1579', '3', '197', '0', '0', '0', '0', '2', '2019-05-27 07:46:12');
INSERT INTO `sec_role_permission` (`id`, `role_id`, `menu_id`, `can_access`, `can_create`, `can_edit`, `can_delete`, `createby`, `createdate`) VALUES ('1580', '3', '198', '0', '0', '0', '0', '2', '2019-05-27 07:46:12');
INSERT INTO `sec_role_permission` (`id`, `role_id`, `menu_id`, `can_access`, `can_create`, `can_edit`, `can_delete`, `createby`, `createdate`) VALUES ('1581', '3', '199', '0', '0', '0', '0', '2', '2019-05-27 07:46:12');
INSERT INTO `sec_role_permission` (`id`, `role_id`, `menu_id`, `can_access`, `can_create`, `can_edit`, `can_delete`, `createby`, `createdate`) VALUES ('1582', '3', '200', '0', '0', '0', '0', '2', '2019-05-27 07:46:12');
INSERT INTO `sec_role_permission` (`id`, `role_id`, `menu_id`, `can_access`, `can_create`, `can_edit`, `can_delete`, `createby`, `createdate`) VALUES ('1583', '3', '201', '0', '0', '0', '0', '2', '2019-05-27 07:46:12');
INSERT INTO `sec_role_permission` (`id`, `role_id`, `menu_id`, `can_access`, `can_create`, `can_edit`, `can_delete`, `createby`, `createdate`) VALUES ('1584', '3', '202', '0', '0', '0', '0', '2', '2019-05-27 07:46:12');
INSERT INTO `sec_role_permission` (`id`, `role_id`, `menu_id`, `can_access`, `can_create`, `can_edit`, `can_delete`, `createby`, `createdate`) VALUES ('1585', '3', '134', '1', '1', '1', '1', '2', '2019-05-27 07:46:12');
INSERT INTO `sec_role_permission` (`id`, `role_id`, `menu_id`, `can_access`, `can_create`, `can_edit`, `can_delete`, `createby`, `createdate`) VALUES ('1586', '3', '135', '1', '1', '1', '1', '2', '2019-05-27 07:46:12');
INSERT INTO `sec_role_permission` (`id`, `role_id`, `menu_id`, `can_access`, `can_create`, `can_edit`, `can_delete`, `createby`, `createdate`) VALUES ('1587', '3', '136', '1', '1', '1', '1', '2', '2019-05-27 07:46:12');
INSERT INTO `sec_role_permission` (`id`, `role_id`, `menu_id`, `can_access`, `can_create`, `can_edit`, `can_delete`, `createby`, `createdate`) VALUES ('1588', '3', '137', '1', '1', '1', '1', '2', '2019-05-27 07:46:12');
INSERT INTO `sec_role_permission` (`id`, `role_id`, `menu_id`, `can_access`, `can_create`, `can_edit`, `can_delete`, `createby`, `createdate`) VALUES ('1589', '3', '138', '1', '1', '1', '1', '2', '2019-05-27 07:46:12');
INSERT INTO `sec_role_permission` (`id`, `role_id`, `menu_id`, `can_access`, `can_create`, `can_edit`, `can_delete`, `createby`, `createdate`) VALUES ('1590', '3', '139', '1', '1', '1', '1', '2', '2019-05-27 07:46:12');
INSERT INTO `sec_role_permission` (`id`, `role_id`, `menu_id`, `can_access`, `can_create`, `can_edit`, `can_delete`, `createby`, `createdate`) VALUES ('1591', '3', '140', '1', '1', '1', '1', '2', '2019-05-27 07:46:12');
INSERT INTO `sec_role_permission` (`id`, `role_id`, `menu_id`, `can_access`, `can_create`, `can_edit`, `can_delete`, `createby`, `createdate`) VALUES ('1592', '3', '141', '1', '1', '1', '1', '2', '2019-05-27 07:46:12');
INSERT INTO `sec_role_permission` (`id`, `role_id`, `menu_id`, `can_access`, `can_create`, `can_edit`, `can_delete`, `createby`, `createdate`) VALUES ('1593', '3', '142', '1', '1', '1', '1', '2', '2019-05-27 07:46:12');
INSERT INTO `sec_role_permission` (`id`, `role_id`, `menu_id`, `can_access`, `can_create`, `can_edit`, `can_delete`, `createby`, `createdate`) VALUES ('1594', '3', '143', '1', '1', '1', '1', '2', '2019-05-27 07:46:12');
INSERT INTO `sec_role_permission` (`id`, `role_id`, `menu_id`, `can_access`, `can_create`, `can_edit`, `can_delete`, `createby`, `createdate`) VALUES ('1595', '3', '144', '1', '1', '1', '1', '2', '2019-05-27 07:46:12');
INSERT INTO `sec_role_permission` (`id`, `role_id`, `menu_id`, `can_access`, `can_create`, `can_edit`, `can_delete`, `createby`, `createdate`) VALUES ('1596', '3', '145', '1', '1', '1', '1', '2', '2019-05-27 07:46:12');
INSERT INTO `sec_role_permission` (`id`, `role_id`, `menu_id`, `can_access`, `can_create`, `can_edit`, `can_delete`, `createby`, `createdate`) VALUES ('1597', '3', '146', '1', '1', '1', '1', '2', '2019-05-27 07:46:12');
INSERT INTO `sec_role_permission` (`id`, `role_id`, `menu_id`, `can_access`, `can_create`, `can_edit`, `can_delete`, `createby`, `createdate`) VALUES ('1598', '3', '147', '1', '1', '1', '1', '2', '2019-05-27 07:46:12');
INSERT INTO `sec_role_permission` (`id`, `role_id`, `menu_id`, `can_access`, `can_create`, `can_edit`, `can_delete`, `createby`, `createdate`) VALUES ('1599', '3', '148', '1', '1', '1', '1', '2', '2019-05-27 07:46:12');
INSERT INTO `sec_role_permission` (`id`, `role_id`, `menu_id`, `can_access`, `can_create`, `can_edit`, `can_delete`, `createby`, `createdate`) VALUES ('1600', '3', '149', '1', '1', '1', '1', '2', '2019-05-27 07:46:12');
INSERT INTO `sec_role_permission` (`id`, `role_id`, `menu_id`, `can_access`, `can_create`, `can_edit`, `can_delete`, `createby`, `createdate`) VALUES ('1601', '3', '150', '1', '1', '1', '1', '2', '2019-05-27 07:46:12');
INSERT INTO `sec_role_permission` (`id`, `role_id`, `menu_id`, `can_access`, `can_create`, `can_edit`, `can_delete`, `createby`, `createdate`) VALUES ('1602', '3', '151', '1', '1', '1', '1', '2', '2019-05-27 07:46:12');
INSERT INTO `sec_role_permission` (`id`, `role_id`, `menu_id`, `can_access`, `can_create`, `can_edit`, `can_delete`, `createby`, `createdate`) VALUES ('1603', '3', '152', '1', '1', '1', '1', '2', '2019-05-27 07:46:12');
INSERT INTO `sec_role_permission` (`id`, `role_id`, `menu_id`, `can_access`, `can_create`, `can_edit`, `can_delete`, `createby`, `createdate`) VALUES ('1604', '3', '153', '1', '1', '1', '1', '2', '2019-05-27 07:46:12');
INSERT INTO `sec_role_permission` (`id`, `role_id`, `menu_id`, `can_access`, `can_create`, `can_edit`, `can_delete`, `createby`, `createdate`) VALUES ('1605', '3', '154', '1', '1', '1', '1', '2', '2019-05-27 07:46:12');
INSERT INTO `sec_role_permission` (`id`, `role_id`, `menu_id`, `can_access`, `can_create`, `can_edit`, `can_delete`, `createby`, `createdate`) VALUES ('1606', '3', '155', '1', '1', '1', '1', '2', '2019-05-27 07:46:12');
INSERT INTO `sec_role_permission` (`id`, `role_id`, `menu_id`, `can_access`, `can_create`, `can_edit`, `can_delete`, `createby`, `createdate`) VALUES ('1607', '3', '156', '0', '0', '0', '0', '2', '2019-05-27 07:46:12');
INSERT INTO `sec_role_permission` (`id`, `role_id`, `menu_id`, `can_access`, `can_create`, `can_edit`, `can_delete`, `createby`, `createdate`) VALUES ('1608', '3', '157', '0', '0', '0', '0', '2', '2019-05-27 07:46:12');
INSERT INTO `sec_role_permission` (`id`, `role_id`, `menu_id`, `can_access`, `can_create`, `can_edit`, `can_delete`, `createby`, `createdate`) VALUES ('1609', '3', '158', '0', '0', '0', '0', '2', '2019-05-27 07:46:12');
INSERT INTO `sec_role_permission` (`id`, `role_id`, `menu_id`, `can_access`, `can_create`, `can_edit`, `can_delete`, `createby`, `createdate`) VALUES ('1610', '3', '159', '0', '0', '0', '0', '2', '2019-05-27 07:46:12');
INSERT INTO `sec_role_permission` (`id`, `role_id`, `menu_id`, `can_access`, `can_create`, `can_edit`, `can_delete`, `createby`, `createdate`) VALUES ('1611', '3', '161', '1', '1', '1', '1', '2', '2019-05-27 07:46:12');
INSERT INTO `sec_role_permission` (`id`, `role_id`, `menu_id`, `can_access`, `can_create`, `can_edit`, `can_delete`, `createby`, `createdate`) VALUES ('1612', '3', '162', '1', '1', '1', '1', '2', '2019-05-27 07:46:12');
INSERT INTO `sec_role_permission` (`id`, `role_id`, `menu_id`, `can_access`, `can_create`, `can_edit`, `can_delete`, `createby`, `createdate`) VALUES ('1613', '3', '163', '1', '1', '1', '1', '2', '2019-05-27 07:46:12');
INSERT INTO `sec_role_permission` (`id`, `role_id`, `menu_id`, `can_access`, `can_create`, `can_edit`, `can_delete`, `createby`, `createdate`) VALUES ('1614', '3', '164', '1', '1', '1', '1', '2', '2019-05-27 07:46:12');
INSERT INTO `sec_role_permission` (`id`, `role_id`, `menu_id`, `can_access`, `can_create`, `can_edit`, `can_delete`, `createby`, `createdate`) VALUES ('1615', '3', '165', '1', '1', '1', '1', '2', '2019-05-27 07:46:12');
INSERT INTO `sec_role_permission` (`id`, `role_id`, `menu_id`, `can_access`, `can_create`, `can_edit`, `can_delete`, `createby`, `createdate`) VALUES ('1616', '3', '166', '1', '1', '1', '1', '2', '2019-05-27 07:46:12');
INSERT INTO `sec_role_permission` (`id`, `role_id`, `menu_id`, `can_access`, `can_create`, `can_edit`, `can_delete`, `createby`, `createdate`) VALUES ('1617', '3', '203', '1', '1', '1', '1', '2', '2019-05-27 07:46:12');
INSERT INTO `sec_role_permission` (`id`, `role_id`, `menu_id`, `can_access`, `can_create`, `can_edit`, `can_delete`, `createby`, `createdate`) VALUES ('1618', '3', '204', '1', '1', '1', '1', '2', '2019-05-27 07:46:12');
INSERT INTO `sec_role_permission` (`id`, `role_id`, `menu_id`, `can_access`, `can_create`, `can_edit`, `can_delete`, `createby`, `createdate`) VALUES ('1619', '3', '205', '1', '1', '1', '1', '2', '2019-05-27 07:46:12');
INSERT INTO `sec_role_permission` (`id`, `role_id`, `menu_id`, `can_access`, `can_create`, `can_edit`, `can_delete`, `createby`, `createdate`) VALUES ('1620', '3', '167', '1', '1', '1', '1', '2', '2019-05-27 07:46:12');
INSERT INTO `sec_role_permission` (`id`, `role_id`, `menu_id`, `can_access`, `can_create`, `can_edit`, `can_delete`, `createby`, `createdate`) VALUES ('1621', '3', '168', '1', '1', '1', '1', '2', '2019-05-27 07:46:12');
INSERT INTO `sec_role_permission` (`id`, `role_id`, `menu_id`, `can_access`, `can_create`, `can_edit`, `can_delete`, `createby`, `createdate`) VALUES ('1622', '3', '169', '1', '1', '1', '1', '2', '2019-05-27 07:46:12');
INSERT INTO `sec_role_permission` (`id`, `role_id`, `menu_id`, `can_access`, `can_create`, `can_edit`, `can_delete`, `createby`, `createdate`) VALUES ('1623', '3', '186', '1', '1', '1', '1', '2', '2019-05-27 07:46:12');
INSERT INTO `sec_role_permission` (`id`, `role_id`, `menu_id`, `can_access`, `can_create`, `can_edit`, `can_delete`, `createby`, `createdate`) VALUES ('1624', '3', '187', '1', '1', '1', '1', '2', '2019-05-27 07:46:12');
INSERT INTO `sec_role_permission` (`id`, `role_id`, `menu_id`, `can_access`, `can_create`, `can_edit`, `can_delete`, `createby`, `createdate`) VALUES ('1625', '3', '170', '1', '1', '1', '1', '2', '2019-05-27 07:46:12');
INSERT INTO `sec_role_permission` (`id`, `role_id`, `menu_id`, `can_access`, `can_create`, `can_edit`, `can_delete`, `createby`, `createdate`) VALUES ('1626', '3', '171', '1', '1', '1', '1', '2', '2019-05-27 07:46:12');
INSERT INTO `sec_role_permission` (`id`, `role_id`, `menu_id`, `can_access`, `can_create`, `can_edit`, `can_delete`, `createby`, `createdate`) VALUES ('1627', '3', '172', '1', '1', '1', '1', '2', '2019-05-27 07:46:12');
INSERT INTO `sec_role_permission` (`id`, `role_id`, `menu_id`, `can_access`, `can_create`, `can_edit`, `can_delete`, `createby`, `createdate`) VALUES ('1628', '3', '173', '1', '1', '1', '1', '2', '2019-05-27 07:46:12');
INSERT INTO `sec_role_permission` (`id`, `role_id`, `menu_id`, `can_access`, `can_create`, `can_edit`, `can_delete`, `createby`, `createdate`) VALUES ('1629', '3', '174', '1', '1', '1', '1', '2', '2019-05-27 07:46:12');
INSERT INTO `sec_role_permission` (`id`, `role_id`, `menu_id`, `can_access`, `can_create`, `can_edit`, `can_delete`, `createby`, `createdate`) VALUES ('1630', '3', '175', '1', '1', '1', '1', '2', '2019-05-27 07:46:12');
INSERT INTO `sec_role_permission` (`id`, `role_id`, `menu_id`, `can_access`, `can_create`, `can_edit`, `can_delete`, `createby`, `createdate`) VALUES ('1631', '3', '176', '1', '1', '1', '1', '2', '2019-05-27 07:46:12');
INSERT INTO `sec_role_permission` (`id`, `role_id`, `menu_id`, `can_access`, `can_create`, `can_edit`, `can_delete`, `createby`, `createdate`) VALUES ('1632', '3', '177', '1', '1', '1', '1', '2', '2019-05-27 07:46:12');
INSERT INTO `sec_role_permission` (`id`, `role_id`, `menu_id`, `can_access`, `can_create`, `can_edit`, `can_delete`, `createby`, `createdate`) VALUES ('1633', '3', '178', '1', '1', '1', '1', '2', '2019-05-27 07:46:12');
INSERT INTO `sec_role_permission` (`id`, `role_id`, `menu_id`, `can_access`, `can_create`, `can_edit`, `can_delete`, `createby`, `createdate`) VALUES ('1634', '3', '179', '1', '1', '1', '1', '2', '2019-05-27 07:46:12');
INSERT INTO `sec_role_permission` (`id`, `role_id`, `menu_id`, `can_access`, `can_create`, `can_edit`, `can_delete`, `createby`, `createdate`) VALUES ('1635', '3', '180', '1', '1', '1', '1', '2', '2019-05-27 07:46:12');
INSERT INTO `sec_role_permission` (`id`, `role_id`, `menu_id`, `can_access`, `can_create`, `can_edit`, `can_delete`, `createby`, `createdate`) VALUES ('1636', '3', '181', '1', '1', '1', '1', '2', '2019-05-27 07:46:12');
INSERT INTO `sec_role_permission` (`id`, `role_id`, `menu_id`, `can_access`, `can_create`, `can_edit`, `can_delete`, `createby`, `createdate`) VALUES ('1637', '3', '182', '1', '1', '1', '1', '2', '2019-05-27 07:46:12');
INSERT INTO `sec_role_permission` (`id`, `role_id`, `menu_id`, `can_access`, `can_create`, `can_edit`, `can_delete`, `createby`, `createdate`) VALUES ('1638', '3', '183', '1', '1', '1', '1', '2', '2019-05-27 07:46:12');
INSERT INTO `sec_role_permission` (`id`, `role_id`, `menu_id`, `can_access`, `can_create`, `can_edit`, `can_delete`, `createby`, `createdate`) VALUES ('1639', '3', '184', '1', '1', '1', '1', '2', '2019-05-27 07:46:12');
INSERT INTO `sec_role_permission` (`id`, `role_id`, `menu_id`, `can_access`, `can_create`, `can_edit`, `can_delete`, `createby`, `createdate`) VALUES ('1640', '3', '185', '1', '1', '1', '1', '2', '2019-05-27 07:46:12');


#
# TABLE STRUCTURE FOR: sec_role_tbl
#

DROP TABLE IF EXISTS `sec_role_tbl`;

CREATE TABLE `sec_role_tbl` (
  `role_id` int(11) NOT NULL AUTO_INCREMENT,
  `role_name` text NOT NULL,
  `role_description` text NOT NULL,
  `create_by` int(11) DEFAULT NULL,
  `date_time` datetime DEFAULT NULL,
  `role_status` int(11) NOT NULL DEFAULT '1',
  PRIMARY KEY (`role_id`)
) ENGINE=InnoDB AUTO_INCREMENT=5 DEFAULT CHARSET=utf8;

INSERT INTO `sec_role_tbl` (`role_id`, `role_name`, `role_description`, `create_by`, `date_time`, `role_status`) VALUES ('3', 'Manager', 'For branch admin', '2', '2018-10-04 11:22:31', '1');
INSERT INTO `sec_role_tbl` (`role_id`, `role_name`, `role_description`, `create_by`, `date_time`, `role_status`) VALUES ('4', 'Second Role', 'sdfasdf', '2', '2018-10-24 08:07:37', '1');


#
# TABLE STRUCTURE FOR: sec_user_access_tbl
#

DROP TABLE IF EXISTS `sec_user_access_tbl`;

CREATE TABLE `sec_user_access_tbl` (
  `role_acc_id` int(11) NOT NULL AUTO_INCREMENT,
  `fk_role_id` int(11) NOT NULL,
  `fk_user_id` int(11) NOT NULL,
  PRIMARY KEY (`role_acc_id`)
) ENGINE=InnoDB AUTO_INCREMENT=3 DEFAULT CHARSET=utf8;

INSERT INTO `sec_user_access_tbl` (`role_acc_id`, `fk_role_id`, `fk_user_id`) VALUES ('1', '3', '1');
INSERT INTO `sec_user_access_tbl` (`role_acc_id`, `fk_role_id`, `fk_user_id`) VALUES ('2', '3', '18');


#
# TABLE STRUCTURE FOR: setting
#

DROP TABLE IF EXISTS `setting`;

CREATE TABLE `setting` (
  `id` int(11) NOT NULL AUTO_INCREMENT,
  `title` varchar(255) DEFAULT NULL,
  `address` text,
  `email` varchar(50) DEFAULT NULL,
  `phone` varchar(20) DEFAULT NULL,
  `logo` varchar(50) DEFAULT NULL,
  `favicon` varchar(100) DEFAULT NULL,
  `language` varchar(100) DEFAULT NULL,
  `timezone` varchar(150) NOT NULL,
  `site_align` varchar(50) DEFAULT NULL,
  `footer_text` varchar(255) DEFAULT NULL,
  `financial_year` int(11) NOT NULL,
  PRIMARY KEY (`id`)
) ENGINE=InnoDB AUTO_INCREMENT=3 DEFAULT CHARSET=utf8;

INSERT INTO `setting` (`id`, `title`, `address`, `email`, `phone`, `logo`, `favicon`, `language`, `timezone`, `site_align`, `footer_text`, `financial_year`) VALUES ('2', 'Human Resource Management', 'KVR Bajaj, Kannur', 'bdtask@gmail.com', '0123456789', 'assets/img/icons/2019-05-27/kvr1.png', 'assets/img/icons/2019-05-27/kvr.png', 'english', 'Asia/Kolkata', 'LTR', '2019Copyright', '2020');


#
# TABLE STRUCTURE FOR: synchronizer_setting
#

DROP TABLE IF EXISTS `synchronizer_setting`;

CREATE TABLE `synchronizer_setting` (
  `id` int(11) NOT NULL AUTO_INCREMENT,
  `hostname` varchar(100) NOT NULL,
  `username` varchar(100) NOT NULL,
  `password` varchar(100) NOT NULL,
  `port` varchar(10) NOT NULL,
  `debug` varchar(10) NOT NULL,
  `project_root` varchar(100) NOT NULL,
  PRIMARY KEY (`id`)
) ENGINE=InnoDB AUTO_INCREMENT=9 DEFAULT CHARSET=utf8;

INSERT INTO `synchronizer_setting` (`id`, `hostname`, `username`, `password`, `port`, `debug`, `project_root`) VALUES ('8', '70.35.198.244', 'spreadcargo', 'SpreadShorob1@', '21', 'true', './public_html/');


#
# TABLE STRUCTURE FOR: user
#

DROP TABLE IF EXISTS `user`;

CREATE TABLE `user` (
  `id` int(11) NOT NULL AUTO_INCREMENT,
  `firstname` varchar(50) NOT NULL,
  `lastname` varchar(50) NOT NULL,
  `about` text,
  `email` varchar(100) NOT NULL,
  `password` varchar(32) NOT NULL,
  `password_reset_token` varchar(20) NOT NULL,
  `image` varchar(100) DEFAULT NULL,
  `last_login` datetime DEFAULT NULL,
  `last_logout` datetime DEFAULT NULL,
  `ip_address` varchar(14) DEFAULT NULL,
  `status` tinyint(1) NOT NULL DEFAULT '1',
  `is_admin` tinyint(4) NOT NULL DEFAULT '0',
  `branch_id` int(11) NOT NULL,
  PRIMARY KEY (`id`)
) ENGINE=InnoDB AUTO_INCREMENT=19 DEFAULT CHARSET=utf8;

INSERT INTO `user` (`id`, `firstname`, `lastname`, `about`, `email`, `password`, `password_reset_token`, `image`, `last_login`, `last_logout`, `ip_address`, `status`, `is_admin`, `branch_id`) VALUES ('1', 'AB', 'Doe', 'TEST', 'john@doe.com', '827ccb0eea8a706c4c34a16891f84e7b', '', './assets/img/user/images41.jpg', '2019-05-28 05:25:42', '2019-05-28 05:28:48', '117.254.181.13', '1', '0', '3');
INSERT INTO `user` (`id`, `firstname`, `lastname`, `about`, `email`, `password`, `password_reset_token`, `image`, `last_login`, `last_logout`, `ip_address`, `status`, `is_admin`, `branch_id`) VALUES ('2', 'Third', 'Eye', 'Lorem Ipsum is simply dummy text of the printing and typesetting industry. Lorem Ipsum has been the industry\'s standard dummy text ever since the 1500s', 'admin@example.com', '827ccb0eea8a706c4c34a16891f84e7b', '', './assets/img/user/profile_img1.png', '2019-05-29 04:43:05', '2019-05-29 04:40:45', '117.254.178.78', '1', '1', '1');
INSERT INTO `user` (`id`, `firstname`, `lastname`, `about`, `email`, `password`, `password_reset_token`, `image`, `last_login`, `last_logout`, `ip_address`, `status`, `is_admin`, `branch_id`) VALUES ('18', 'Nidhin', 'vk', NULL, 'nidhinvk@live.com', 'e10adc3949ba59abbe56e057f20f883e', '', './application/modules/employee/assets/images/2019-04-24/Chr.jpg', '2019-05-11 11:35:07', '2019-05-11 11:35:39', '117.254.181.99', '1', '0', '3');


#
# TABLE STRUCTURE FOR: weekly_holiday
#

DROP TABLE IF EXISTS `weekly_holiday`;

CREATE TABLE `weekly_holiday` (
  `wk_id` int(11) NOT NULL AUTO_INCREMENT,
  `dayname` varchar(30) CHARACTER SET latin1 NOT NULL,
  PRIMARY KEY (`wk_id`)
) ENGINE=InnoDB AUTO_INCREMENT=2 DEFAULT CHARSET=utf8;

INSERT INTO `weekly_holiday` (`wk_id`, `dayname`) VALUES ('1', 'Sunday');


